-- MySQL dump 10.13  Distrib 5.7.35, for Linux (x86_64)
--
-- Host: localhost    Database: cms
-- ------------------------------------------------------
-- Server version	5.7.35-0ubuntu0.18.04.2

/*!40101 SET @OLD_CHARACTER_SET_CLIENT=@@CHARACTER_SET_CLIENT */;
/*!40101 SET @OLD_CHARACTER_SET_RESULTS=@@CHARACTER_SET_RESULTS */;
/*!40101 SET @OLD_COLLATION_CONNECTION=@@COLLATION_CONNECTION */;
/*!40101 SET NAMES utf8 */;
/*!40103 SET @OLD_TIME_ZONE=@@TIME_ZONE */;
/*!40103 SET TIME_ZONE='+00:00' */;
/*!40014 SET @OLD_UNIQUE_CHECKS=@@UNIQUE_CHECKS, UNIQUE_CHECKS=0 */;
/*!40014 SET @OLD_FOREIGN_KEY_CHECKS=@@FOREIGN_KEY_CHECKS, FOREIGN_KEY_CHECKS=0 */;
/*!40101 SET @OLD_SQL_MODE=@@SQL_MODE, SQL_MODE='NO_AUTO_VALUE_ON_ZERO' */;
/*!40111 SET @OLD_SQL_NOTES=@@SQL_NOTES, SQL_NOTES=0 */;

--
-- Table structure for table `cms_additional_htmlblob_users`
--

DROP TABLE IF EXISTS `cms_additional_htmlblob_users`;
/*!40101 SET @saved_cs_client     = @@character_set_client */;
/*!40101 SET character_set_client = utf8 */;
CREATE TABLE `cms_additional_htmlblob_users` (
  `additional_htmlblob_users_id` int(11) NOT NULL,
  `user_id` int(11) DEFAULT NULL,
  `htmlblob_id` int(11) DEFAULT NULL,
  PRIMARY KEY (`additional_htmlblob_users_id`)
) ENGINE=MyISAM DEFAULT CHARSET=utf8;
/*!40101 SET character_set_client = @saved_cs_client */;

--
-- Dumping data for table `cms_additional_htmlblob_users`
--

LOCK TABLES `cms_additional_htmlblob_users` WRITE;
/*!40000 ALTER TABLE `cms_additional_htmlblob_users` DISABLE KEYS */;
/*!40000 ALTER TABLE `cms_additional_htmlblob_users` ENABLE KEYS */;
UNLOCK TABLES;

--
-- Table structure for table `cms_additional_htmlblob_users_seq`
--

DROP TABLE IF EXISTS `cms_additional_htmlblob_users_seq`;
/*!40101 SET @saved_cs_client     = @@character_set_client */;
/*!40101 SET character_set_client = utf8 */;
CREATE TABLE `cms_additional_htmlblob_users_seq` (
  `id` int(11) NOT NULL
) ENGINE=MyISAM DEFAULT CHARSET=utf8;
/*!40101 SET character_set_client = @saved_cs_client */;

--
-- Dumping data for table `cms_additional_htmlblob_users_seq`
--

LOCK TABLES `cms_additional_htmlblob_users_seq` WRITE;
/*!40000 ALTER TABLE `cms_additional_htmlblob_users_seq` DISABLE KEYS */;
INSERT INTO `cms_additional_htmlblob_users_seq` VALUES (0);
/*!40000 ALTER TABLE `cms_additional_htmlblob_users_seq` ENABLE KEYS */;
UNLOCK TABLES;

--
-- Table structure for table `cms_additional_users`
--

DROP TABLE IF EXISTS `cms_additional_users`;
/*!40101 SET @saved_cs_client     = @@character_set_client */;
/*!40101 SET character_set_client = utf8 */;
CREATE TABLE `cms_additional_users` (
  `additional_users_id` int(11) NOT NULL,
  `user_id` int(11) DEFAULT NULL,
  `page_id` int(11) DEFAULT NULL,
  `content_id` int(11) DEFAULT NULL,
  PRIMARY KEY (`additional_users_id`)
) ENGINE=MyISAM DEFAULT CHARSET=utf8;
/*!40101 SET character_set_client = @saved_cs_client */;

--
-- Dumping data for table `cms_additional_users`
--

LOCK TABLES `cms_additional_users` WRITE;
/*!40000 ALTER TABLE `cms_additional_users` DISABLE KEYS */;
/*!40000 ALTER TABLE `cms_additional_users` ENABLE KEYS */;
UNLOCK TABLES;

--
-- Table structure for table `cms_additional_users_seq`
--

DROP TABLE IF EXISTS `cms_additional_users_seq`;
/*!40101 SET @saved_cs_client     = @@character_set_client */;
/*!40101 SET character_set_client = utf8 */;
CREATE TABLE `cms_additional_users_seq` (
  `id` int(11) NOT NULL
) ENGINE=MyISAM DEFAULT CHARSET=utf8;
/*!40101 SET character_set_client = @saved_cs_client */;

--
-- Dumping data for table `cms_additional_users_seq`
--

LOCK TABLES `cms_additional_users_seq` WRITE;
/*!40000 ALTER TABLE `cms_additional_users_seq` DISABLE KEYS */;
INSERT INTO `cms_additional_users_seq` VALUES (0);
/*!40000 ALTER TABLE `cms_additional_users_seq` ENABLE KEYS */;
UNLOCK TABLES;

--
-- Table structure for table `cms_admin_bookmarks`
--

DROP TABLE IF EXISTS `cms_admin_bookmarks`;
/*!40101 SET @saved_cs_client     = @@character_set_client */;
/*!40101 SET character_set_client = utf8 */;
CREATE TABLE `cms_admin_bookmarks` (
  `bookmark_id` int(11) NOT NULL,
  `user_id` int(11) DEFAULT NULL,
  `title` varchar(255) DEFAULT NULL,
  `url` varchar(255) DEFAULT NULL,
  PRIMARY KEY (`bookmark_id`),
  KEY `cms_index_admin_bookmarks_by_user_id` (`user_id`)
) ENGINE=MyISAM DEFAULT CHARSET=utf8;
/*!40101 SET character_set_client = @saved_cs_client */;

--
-- Dumping data for table `cms_admin_bookmarks`
--

LOCK TABLES `cms_admin_bookmarks` WRITE;
/*!40000 ALTER TABLE `cms_admin_bookmarks` DISABLE KEYS */;
/*!40000 ALTER TABLE `cms_admin_bookmarks` ENABLE KEYS */;
UNLOCK TABLES;

--
-- Table structure for table `cms_admin_bookmarks_seq`
--

DROP TABLE IF EXISTS `cms_admin_bookmarks_seq`;
/*!40101 SET @saved_cs_client     = @@character_set_client */;
/*!40101 SET character_set_client = utf8 */;
CREATE TABLE `cms_admin_bookmarks_seq` (
  `id` int(11) NOT NULL
) ENGINE=MyISAM DEFAULT CHARSET=utf8;
/*!40101 SET character_set_client = @saved_cs_client */;

--
-- Dumping data for table `cms_admin_bookmarks_seq`
--

LOCK TABLES `cms_admin_bookmarks_seq` WRITE;
/*!40000 ALTER TABLE `cms_admin_bookmarks_seq` DISABLE KEYS */;
INSERT INTO `cms_admin_bookmarks_seq` VALUES (0);
/*!40000 ALTER TABLE `cms_admin_bookmarks_seq` ENABLE KEYS */;
UNLOCK TABLES;

--
-- Table structure for table `cms_admin_recent_pages`
--

DROP TABLE IF EXISTS `cms_admin_recent_pages`;
/*!40101 SET @saved_cs_client     = @@character_set_client */;
/*!40101 SET character_set_client = utf8 */;
CREATE TABLE `cms_admin_recent_pages` (
  `id` int(11) NOT NULL,
  `user_id` int(11) DEFAULT NULL,
  `title` varchar(255) DEFAULT NULL,
  `url` varchar(255) DEFAULT NULL,
  `access_time` datetime DEFAULT NULL,
  PRIMARY KEY (`id`)
) ENGINE=MyISAM DEFAULT CHARSET=utf8;
/*!40101 SET character_set_client = @saved_cs_client */;

--
-- Dumping data for table `cms_admin_recent_pages`
--

LOCK TABLES `cms_admin_recent_pages` WRITE;
/*!40000 ALTER TABLE `cms_admin_recent_pages` DISABLE KEYS */;
/*!40000 ALTER TABLE `cms_admin_recent_pages` ENABLE KEYS */;
UNLOCK TABLES;

--
-- Table structure for table `cms_admin_recent_pages_seq`
--

DROP TABLE IF EXISTS `cms_admin_recent_pages_seq`;
/*!40101 SET @saved_cs_client     = @@character_set_client */;
/*!40101 SET character_set_client = utf8 */;
CREATE TABLE `cms_admin_recent_pages_seq` (
  `id` int(11) NOT NULL
) ENGINE=MyISAM DEFAULT CHARSET=utf8;
/*!40101 SET character_set_client = @saved_cs_client */;

--
-- Dumping data for table `cms_admin_recent_pages_seq`
--

LOCK TABLES `cms_admin_recent_pages_seq` WRITE;
/*!40000 ALTER TABLE `cms_admin_recent_pages_seq` DISABLE KEYS */;
INSERT INTO `cms_admin_recent_pages_seq` VALUES (0);
/*!40000 ALTER TABLE `cms_admin_recent_pages_seq` ENABLE KEYS */;
UNLOCK TABLES;

--
-- Table structure for table `cms_adminlog`
--

DROP TABLE IF EXISTS `cms_adminlog`;
/*!40101 SET @saved_cs_client     = @@character_set_client */;
/*!40101 SET character_set_client = utf8 */;
CREATE TABLE `cms_adminlog` (
  `timestamp` int(11) DEFAULT NULL,
  `user_id` int(11) DEFAULT NULL,
  `username` varchar(25) DEFAULT NULL,
  `item_id` int(11) DEFAULT NULL,
  `item_name` varchar(50) DEFAULT NULL,
  `action` varchar(255) DEFAULT NULL,
  `ip_addr` varchar(40) DEFAULT NULL,
  KEY `cms_index_adminlog1` (`timestamp`)
) ENGINE=MyISAM DEFAULT CHARSET=utf8;
/*!40101 SET character_set_client = @saved_cs_client */;

--
-- Dumping data for table `cms_adminlog`
--

LOCK TABLES `cms_adminlog` WRITE;
/*!40000 ALTER TABLE `cms_adminlog` DISABLE KEYS */;
INSERT INTO `cms_adminlog` VALUES (1634279332,0,'',-1,'CMSMailer','Installed version 5.2.2',''),(1634279332,0,'',-1,'CMSPrinting','Installed version 1.0.5',''),(1634279332,0,'',-1,'FileManager','Installed version 1.4.3',''),(1634279332,0,'',-1,'MenuManager','Installed version 1.8.6',''),(1634279332,0,'',-1,'MicroTiny','Installed version 1.2.5',''),(1634279332,0,'',-1,'ModuleManager','Installed version 1.5.5',''),(1634279332,0,'',-1,'News','Installed version 2.13',''),(1634279332,0,'',-1,'Search','Reindex Operation Started',''),(1634279332,0,'',-1,'Search','Reindex Operation Completed',''),(1634279332,0,'',-1,'Search','Installed version 1.7.11',''),(1634279332,0,'',-1,'ThemeManager','Installed version 1.1.8',''),(1634279378,1,'admin',1,'Admin Username: admin','Logged In','172.17.0.1'),(1634279378,1,'admin',-1,'Automated Task Succeeded','PruneAdminlogTask','172.17.0.1'),(1634279378,1,'admin',-1,'Automated Task Succeeded','GatherNotificationsTask','172.17.0.1'),(1634279379,1,'admin',-1,'Core','CMSMS version 2.2.15 is available','172.17.0.1'),(1634279407,1,'admin',1,'Admin Username: admin','Logged In','127.0.0.1'),(1634279410,1,'admin',1,'Permission Group ID: 1','Changed','127.0.0.1');
/*!40000 ALTER TABLE `cms_adminlog` ENABLE KEYS */;
UNLOCK TABLES;

--
-- Table structure for table `cms_content`
--

DROP TABLE IF EXISTS `cms_content`;
/*!40101 SET @saved_cs_client     = @@character_set_client */;
/*!40101 SET character_set_client = utf8 */;
CREATE TABLE `cms_content` (
  `content_id` int(11) NOT NULL,
  `content_name` varchar(255) DEFAULT NULL,
  `type` varchar(25) DEFAULT NULL,
  `owner_id` int(11) DEFAULT NULL,
  `parent_id` int(11) DEFAULT NULL,
  `template_id` int(11) DEFAULT NULL,
  `item_order` int(11) DEFAULT NULL,
  `hierarchy` varchar(255) DEFAULT NULL,
  `default_content` tinyint(4) DEFAULT NULL,
  `menu_text` varchar(255) DEFAULT NULL,
  `content_alias` varchar(255) DEFAULT NULL,
  `show_in_menu` tinyint(4) DEFAULT NULL,
  `collapsed` tinyint(4) DEFAULT NULL,
  `markup` varchar(25) DEFAULT NULL,
  `active` tinyint(4) DEFAULT NULL,
  `cachable` tinyint(4) DEFAULT NULL,
  `id_hierarchy` varchar(255) DEFAULT NULL,
  `hierarchy_path` text,
  `prop_names` text,
  `metadata` text,
  `titleattribute` varchar(255) DEFAULT NULL,
  `tabindex` varchar(10) DEFAULT NULL,
  `accesskey` varchar(5) DEFAULT NULL,
  `last_modified_by` int(11) DEFAULT NULL,
  `create_date` datetime DEFAULT NULL,
  `modified_date` datetime DEFAULT NULL,
  `secure` tinyint(4) DEFAULT NULL,
  `page_url` varchar(255) DEFAULT NULL,
  PRIMARY KEY (`content_id`),
  KEY `cms_index_content_by_content_alias_active` (`content_alias`,`active`),
  KEY `cms_index_content_by_default_content` (`default_content`),
  KEY `cms_index_content_by_parent_id` (`parent_id`),
  KEY `cms_index_content_by_hierarchy` (`hierarchy`),
  KEY `cms_index_content_by_idhier` (`content_id`,`hierarchy`)
) ENGINE=MyISAM DEFAULT CHARSET=utf8;
/*!40101 SET character_set_client = @saved_cs_client */;

--
-- Dumping data for table `cms_content`
--

LOCK TABLES `cms_content` WRITE;
/*!40000 ALTER TABLE `cms_content` DISABLE KEYS */;
INSERT INTO `cms_content` VALUES (15,'Home','content',1,-1,22,1,'00001',1,'Home','home',1,1,'html',1,1,'15','home','target,pagedata,extra1,extra2,extra3,image,thumbnail,searchable,disable_wysiwyg,image1,content_en','','Home Page, shortcut key=1','','1',1,'2006-07-25 21:22:31','2009-05-13 10:12:18',0,''),(40,'Menu Manager','content',1,20,17,2,'00004.00001.00002',0,'Menu Manager','menu-manager-2',1,NULL,'html',1,1,'24.20.40','default-extensions/modules/menu-manager-2','content_en,target,pagedata,extra1,extra2,extra3,image,thumbnail,searchable,disable_wysiwyg','','','','',1,'2006-07-25 21:22:31','2009-05-12 20:48:34',0,''),(28,'User Defined Tags','content',1,25,17,2,'00004.00002.00002',0,'User Defined Tags','user-defined-tags',1,1,'html',1,1,'24.25.28','default-extensions/tags/user-defined-tags','content_en,target,pagedata,extra1,extra2,extra3,image,thumbnail,searchable,disable_wysiwyg','','','','',1,'2006-07-25 21:22:31','2009-05-12 20:58:46',0,''),(24,'Default Extensions','content',1,-1,17,4,'00004',0,'Default Extensions','default-extensions',1,0,'html',1,1,'24','default-extensions','content_en,block1,target,pagedata,extra1,extra2,extra3,image,thumbnail,searchable,disable_wysiwyg','','','','',1,'2006-07-25 21:22:31','2009-05-12 20:40:16',0,''),(39,'News','content',1,20,17,1,'00004.00001.00001',0,'News','news',1,NULL,'html',1,1,'24.20.39','default-extensions/modules/news','content_en,target,pagedata,extra1,extra2,extra3,image,thumbnail,searchable,disable_wysiwyg','','','','',1,'2006-07-25 21:22:31','2009-05-12 20:42:16',0,''),(36,'Templates and stylesheets','content',1,34,17,1,'00002.00001',0,'Templates and stylesheets','templates-and-stylesheets',1,NULL,'html',1,1,'34.36','how-cmsms-works/templates-and-stylesheets','target,pagedata,extra1,extra2,extra3,image,thumbnail,searchable,disable_wysiwyg,content_en','','','','',1,'2006-07-25 21:22:31','2009-05-12 20:12:30',0,''),(37,'Pages and navigation','content',1,34,17,2,'00002.00002',0,'Pages and navigation','pages-and-navigation',1,NULL,'html',1,1,'34.37','how-cmsms-works/pages-and-navigation','target,pagedata,extra1,extra2,extra3,image,thumbnail,searchable,disable_wysiwyg,content_en','','','','',1,'2006-07-25 21:22:31','2009-05-12 20:13:19',0,''),(16,'CSSMenu top + 2 columns','content',1,19,16,4,'00003.00004',0,'CSSMenu top + 2 columns','cssmenu_horizontal',1,1,'html',1,1,'19.16','default_templates/cssmenu_horizontal','Sidebar,block1,target,pagedata,extra1,extra2,extra3,image,thumbnail,searchable,disable_wysiwyg,content_en','','','','',1,'2006-07-25 21:22:31','2009-05-04 17:02:56',0,''),(13,'Left simple navigation + 1 column','content',1,19,17,2,'00003.00002',0,'Left simple navigation + 1 column','navleft',1,0,'html',1,1,'19.13','default_templates/navleft','content_en,target,pagedata,extra1,extra2,extra3,image,thumbnail,searchable,disable_wysiwyg','','','','',1,'2006-07-25 21:22:31','2009-05-04 16:08:43',0,''),(18,'CSSMenu left + 1 column','content',1,19,15,5,'00003.00005',0,'CSSMenu left + 1 column','cssmenu_vertical',1,1,'html',1,1,'19.18','default_templates/cssmenu_vertical','content_en,target,pagedata,extra1,extra2,extra3,image,thumbnail,searchable,disable_wysiwyg','','','','',1,'2006-07-25 21:22:31','2009-05-12 20:39:49',0,''),(19,'Default Templates Explained','content',1,-1,17,3,'00003',0,'Default Templates Explained','default_templates',1,0,'html',1,1,'19','default_templates','block1,content_en,target,pagedata,extra1,extra2,extra3,image,thumbnail,searchable,disable_wysiwyg','','','','',1,'2006-07-25 21:22:31','2009-05-12 20:25:03',0,''),(20,'Modules','content',1,24,17,1,'00004.00001',0,'Modules','modules',1,1,'html',1,1,'24.20','default-extensions/modules','content_en,target,image,thumbnail,extra1,extra2,extra3,searchable,pagedata,disable_wysiwyg','','',NULL,'',1,'2006-07-25 21:22:31','2009-05-12 20:41:29',0,''),(22,'Top simple navigation + left subnavigation + 1 column','content',1,19,18,3,'00003.00003',0,'Top simple navigation + left subnavigation + 1 column','top_left',1,0,'html',1,1,'19.22','default_templates/top_left','content_en,target,pagedata,extra1,extra2,extra3,image,thumbnail,searchable,disable_wysiwyg','','','','',1,'2006-07-25 21:22:31','2009-05-06 21:11:31',0,''),(25,'Tags','content',1,24,17,2,'00004.00002',0,'Tags','tags',1,0,'html',1,1,'24.25','default-extensions/tags','content_en,target,pagedata,extra1,extra2,extra3,image,thumbnail,searchable,disable_wysiwyg','','','','',1,'2006-07-25 21:22:31','2009-05-12 20:53:07',0,''),(26,'Tags in the core','content',1,25,17,1,'00004.00002.00001',0,'Tags in the core','tags-in-the-core',1,1,'html',1,1,'24.25.26','default-extensions/tags/tags-in-the-core','content_en,target,pagedata,extra1,extra2,extra3,image,thumbnail,searchable,disable_wysiwyg','','','','',1,'2006-07-25 21:22:31','2009-05-12 20:56:54',0,''),(29,'Content','content',1,34,17,3,'00002.00003',0,'Content','content_types',1,1,'html',1,0,'34.29','how-cmsms-works/content_types','content_en,target,pagedata,extra1,extra2,extra3,image,thumbnail,searchable,disable_wysiwyg','','','','',1,'2006-07-25 21:22:31','2009-05-12 20:16:13',0,''),(34,'How CMSMS Works','content',1,-1,17,2,'00002',0,'How CMSMS Works','how-cmsms-works',1,NULL,'html',1,1,'34','how-cmsms-works','content_en,target,pagedata,extra1,extra2,extra3,image,thumbnail,searchable,disable_wysiwyg','','','','',1,'2006-07-25 21:22:31','2009-05-12 20:11:52',0,''),(38,'Workflow','content',1,34,17,7,'00002.00007',0,'Workflow','workflow',1,NULL,'html',1,1,'34.38','how-cmsms-works/workflow','content_en,target,image,thumbnail,extra1,extra2,extra3,searchable,pagedata,disable_wysiwyg','','',NULL,'',1,'2006-07-25 21:22:31','2009-05-12 20:22:33',0,''),(30,'Menu Manager','content',1,34,17,4,'00002.00004',0,'Menu Manager','menu-manager',1,NULL,'html',1,1,'34.30','how-cmsms-works/menu-manager','content_en,target,pagedata,extra1,extra2,extra3,image,thumbnail,searchable,disable_wysiwyg','','','','',1,'2006-07-25 21:22:31','2009-05-12 20:16:51',0,''),(41,'Theme Manager','content',1,20,17,3,'00004.00001.00003',0,'Theme Manager','theme-manager',1,NULL,'html',1,1,'24.20.41','default-extensions/modules/theme-manager','content_en,target,pagedata,extra1,extra2,extra3,image,thumbnail,searchable,disable_wysiwyg','','','','',1,'2006-07-25 21:22:31','2009-05-12 20:50:17',0,''),(42,'MicroTiny','content',1,20,17,4,'00004.00001.00004',0,'MicroTiny','microtiny',1,NULL,'html',1,1,'24.20.42','default-extensions/modules/microtiny','content_en,target,pagedata,extra1,extra2,extra3,image,thumbnail,searchable,disable_wysiwyg','','','','',1,'2006-07-25 21:22:31','2009-05-12 20:50:43',0,''),(43,'Search','content',1,20,17,5,'00004.00001.00005',0,'Search','search',1,NULL,'html',1,1,'24.20.43','default-extensions/modules/search','content_en,target,image,thumbnail,extra1,extra2,extra3,searchable,pagedata,disable_wysiwyg','','',NULL,'',1,'2006-07-25 21:22:31','2009-05-12 20:51:17',0,''),(44,'Minimal template','content',1,19,19,6,'00003.00006',0,'Minimal template','minimal-template',1,NULL,'html',1,1,'19.44','default_templates/minimal-template','content_en',NULL,NULL,NULL,NULL,1,'2006-07-25 21:22:31','2006-07-25 21:22:31',0,''),(45,'Event Manager','content',1,34,17,6,'00002.00006',0,'Event Manager','event-manager',1,NULL,'html',1,1,'34.45','how-cmsms-works/event-manager','content_en,target,pagedata,extra1,extra2,extra3,image,thumbnail,searchable,disable_wysiwyg','','','','',1,'2006-07-25 21:22:31','2009-05-12 20:22:16',0,''),(46,'Extensions','content',1,34,17,5,'00002.00005',0,'Extensions','extensions',1,NULL,'html',1,1,'34.46','how-cmsms-works/extensions','content_en,target,pagedata,extra1,extra2,extra3,image,thumbnail,searchable,disable_wysiwyg','','','','',1,'2006-07-25 21:22:31','2009-05-12 20:21:29',0,''),(47,'Where do I get help?','content',1,34,17,8,'00002.00008',0,'Where do I get help?','where-do-i-get-help',1,NULL,'html',1,1,'34.47','how-cmsms-works/where-do-i-get-help','content_en,target,image,thumbnail,extra1,extra2,extra3,searchable,pagedata,disable_wysiwyg','','',NULL,'',1,'2006-07-25 21:22:31','2009-05-12 20:23:09',0,''),(49,'CMSMS tags in the templates','content',1,19,17,1,'00003.00001',0,'CMSMS tags in the templates','cmsms_tags',1,NULL,'html',1,1,'19.49','default_templates/cmsms_tags','target,pagedata,extra1,extra2,extra3,image,thumbnail,searchable,disable_wysiwyg,content_en','','','','',1,'2006-07-25 21:22:31','2009-05-12 20:26:53',0,''),(50,'Module Manager','content',1,20,17,6,'00004.00001.00006',0,'Module Manager','module-manager',1,NULL,'html',1,1,'24.20.50','default-extensions/modules/module-manager','target,pagedata,extra1,extra2,extra3,image,thumbnail,searchable,disable_wysiwyg,content_en','','','','',1,'2006-07-25 21:22:31','2009-05-12 20:52:14',0,''),(51,'ShadowMenu Tab + 2 columns','content',1,55,20,2,'00003.00007.00002',0,'ShadowMenu Tab + 2 columns','shadowmenu-tab-2-columns',1,NULL,'html',1,1,'19.55.51','default_templates/higher-end/shadowmenu-tab-2-columns','content_en,target,pagedata,extra1,extra2,extra3,image,thumbnail,searchable,disable_wysiwyg,Sidebar','<!-- Add code here that should appear in the metadata section of all new pages -->','','','',1,'2009-05-01 04:35:27','2009-05-08 22:21:34',0,''),(52,'ShadowMenu left + 1 column','content',1,55,21,3,'00003.00007.00003',0,'ShadowMenu left + 1 column','shadowmenu-left-1-column',1,NULL,'html',1,1,'19.55.52','default_templates/higher-end/shadowmenu-left-1-column','content_en,target,pagedata,extra1,extra2,extra3,image,thumbnail,searchable,disable_wysiwyg','<!-- Add code here that should appear in the metadata section of all new pages -->','','','',1,'2009-05-01 23:21:16','2009-05-08 22:21:49',0,''),(54,'NCleanBlue','content',1,55,22,1,'00003.00007.00001',0,'NCleanBlue','ncleanblue',1,NULL,'html',1,1,'19.55.54','default_templates/higher-end/ncleanblue','content_en,target,pagedata,extra1,extra2,extra3,image,thumbnail,searchable,disable_wysiwyg','<!-- Add code here that should appear in the metadata section of all new pages -->','','','',1,'2009-05-06 14:33:48','2009-05-08 22:20:56',0,''),(55,'Higher End','content',1,19,17,7,'00003.00007',0,'Higher End','higher-end',1,NULL,'html',1,1,'19.55','default_templates/higher-end','image,target,thumbnail,searchable,extra1,extra2,extra3,pagedata,disable_wysiwyg,content_en','','','','',1,'2009-05-08 22:20:35','2009-05-09 14:04:30',0,''),(56,'Welcome to Simplex Theme example','content',1,19,23,8,'00003.00008',0,'Simplex Theme','simplex-theme',1,NULL,'html',1,1,'19.56','default_templates/simplex-theme','content_en,searchable,extra1,extra2,extra3,pagedata,disable_wysiwyg,image,thumbnail,target','{* Add code here that should appear in the metadata section of all new pages *}','','','',1,'2012-05-17 09:35:37','2012-05-17 18:57:00',0,'');
/*!40000 ALTER TABLE `cms_content` ENABLE KEYS */;
UNLOCK TABLES;

--
-- Table structure for table `cms_content_props`
--

DROP TABLE IF EXISTS `cms_content_props`;
/*!40101 SET @saved_cs_client     = @@character_set_client */;
/*!40101 SET character_set_client = utf8 */;
CREATE TABLE `cms_content_props` (
  `content_id` int(11) DEFAULT NULL,
  `type` varchar(25) DEFAULT NULL,
  `prop_name` varchar(255) DEFAULT NULL,
  `param1` varchar(255) DEFAULT NULL,
  `param2` varchar(255) DEFAULT NULL,
  `param3` varchar(255) DEFAULT NULL,
  `content` text,
  `create_date` datetime DEFAULT NULL,
  `modified_date` datetime DEFAULT NULL,
  KEY `cms_index_content_props_by_content_id` (`content_id`)
) ENGINE=MyISAM DEFAULT CHARSET=utf8;
/*!40101 SET character_set_client = @saved_cs_client */;

--
-- Dumping data for table `cms_content_props`
--

LOCK TABLES `cms_content_props` WRITE;
/*!40000 ALTER TABLE `cms_content_props` DISABLE KEYS */;
INSERT INTO `cms_content_props` VALUES (16,'string','Sidebar','','','','<p>Just some test content goes here as an example of a very long sentence that probably should have been divided into several smaller sentences, were it not for this just being a test sentence on one of the default pages of CMS Made Simple, an excellent Content Management System for easily creating web sites, this sentence is added when adding/editing a page in the Sidebar: text area, this comes from the template place holder {ldelim}content block=\'Sidebar\'}.</p>',NULL,'2009-05-04 17:02:56'),(47,'string','content_en','','','','<p>The CMS Made Simple community is always at your service if you need some help with your site. Here is where you find more information and support:</p>\r\n<ul>\r\n<li>{cms_selflink ext=\'http://wiki.cmsmadesimple.org/\' text=\'The CMSMS Documentation Wiki\'} -- start here, this documentation is a community effort where anyone registered in the forums can add and edit</li>\r\n<li>{cms_selflink ext=\'http://forum.cmsmadesimple.org/\' text=\'The CMSMS Forums\'} -- here you can search for answers to your questions or ask just about anything.</li>\r\n<li>{cms_selflink ext=\'http://cmsmadesimple.org/main/support/IRC\' text=\'IRC\'} -- IRC is short for Internet Relay Chat and is like a community chat. Many developers hang out here and others that are ready to discuss and give support.</li>\r\n</ul>\r\n<p>Please remember that people involved in developing and supporting CMSMS have day jobs and other duties and might not be available 24/7. Be patient and polite and you will get better answers.</p>\r\n<p>Hope you will enjoy using CMS Made Simple for creating your web sites! If you want to contribute to the development yourself, you are very welcome to do so. You can contact us on {cms_selflink ext=\'http://cmsmadesimple.org/main/support/IRC\' text=\'IRC\'} or hit the {cms_selflink ext=\'http://forum.cmsmadesimple.org/\' text=\'forums\'} to get involved.</p>',NULL,'2009-05-12 20:23:09'),(30,'string','content_en','','','','<p>The Menu Manager is a module that reads your page hierarchy and builds a navigation using a \'Menu Manager Template\'. By default a few sample menu manager templates are included with your default installation. For most users these are enough, as a menu basically is just an unordered list that is styled with CSS.</p>\r\n<p>The Menu Manager module also accepts various optional attributes (parameters) in the {ldelim}menu{rdelim} tag to allow you to customize its behavior. You can see the list and explanation of these parameters in the Menu Manager Help which can be found on the right side of the screen when you click on \"Layout &raquo; Menu Manager\" in the administration console.</p>\r\n<p>Customizing templates in the Menu Manager is as simple as clicking the \'Import Template to Database\' button, which will then allow you to create a template with a new name, and modify the layout of the template. You can use your new navigation template by specifying the new name in the call to {ldelim}menu{rdelim} in your page template. i.e: {ldelim}menu template=\'mynewtemplate\'{rdelim}.</p>\r\n<h3>Menu Manager in the CMSMS Admin Panel</h3>\r\n<p>Read more about how to do this in the <strong>Help</strong> for the Menu Manager in the CMSMS Admin Panel. It can be found in the Layout menu.</p>',NULL,'2009-05-12 20:16:51'),(55,'string','image','','','','-1',NULL,'2009-05-09 14:04:30'),(24,'string','content_en','','','','<p>With the default installation of CMS Made Simple come six modules and a number of tags. The features of these are described and displayed on the following pages.</p>\r\n<p>To find out more about the core modules, click {cms_selflink page=\'modules\' text=\'Modules\'}. For an explanation the core tags, simply click {cms_selflink page=\'tags\' text=\'Tags\'}.</p>',NULL,'2009-05-12 20:40:16'),(20,'string','content_en','','','','<p>There are six modules that come with the default installation of CMS Made Simple. On the following pages we explain how these are used. Click on each module name in the menu to the left or in the list below.</p>\r\n<p>To insert a module in a template or a page you normally use the <code>{ldelim}cms_module}</code> tag with the module name as one of the parameters. But to simplify things, all core modules also have a tag wrapper, so that they are called simple by their name, like <code>{ldelim}news}</code>.</p>\r\n<ul>\r\n<li>{cms_selflink page=\'news\' text=\'News\'}</li>\r\n<li>{cms_selflink page=\'menu-manager-2\' text=\'Menu Manager\'}</li>\r\n<li>{cms_selflink page=\'theme-manager\' text=\'Theme Manager\'}</li>\r\n<li>{cms_selflink page=\'microtiny\' text=\'MicroTiny\'}</li>\r\n<li>{cms_selflink page=\'search\' text=\'Search\'}</li>\r\n<li>{cms_selflink page=\'module-manager\' text=\'Module Manager\'}</li>\r\n</ul>',NULL,'2009-05-12 20:41:29'),(24,'string','block1','','','',NULL,NULL,'2009-05-12 20:40:16'),(40,'string','content_en','','','','<p>The Menu Manager has already been explained on the How CMSMS Works &raquo; {cms_selflink page=\'menu-manager\' text=\'Menu Manager\'} page. It is a very powerful module that can be used for any kind of navigation system on your web site.</p>',NULL,'2009-05-12 20:48:34'),(41,'string','content_en','','','','<p>The Theme Manager module allows you to import and export templates and their attached stylesheets, including any images they use, as \"themes\". This allows you to share your look and feel with other CMSMS users.</p>\r\n<p>It is very easy to convert any kind of template to be used with CMS Made Simple. Many templates like this have already been converted and can be installed using the Theme Manager, the CMSMS community also shares themes for anyone to download and use at the {cms_selflink ext=\'http://themes.cmsmadesimple.org\' text=\'CMSMS Themes site\' target=\"_blank\"}.</p>',NULL,'2009-05-12 20:50:17'),(42,'string','content_en','','','','<p>MicroTiny is a so called WYSIWYG editor for editing pages. WYSIWYG stands for What You See Is What You Get. It works similar to a word processor, where you can select the style for the content and see how it is going to look on the page.</p>\r\n<p>Among available WYSIWYG editors CMS Made Simple has decided to use MicroTiny (the stripped down version of TinyMCE). TinyMCE is among the most developed WYSIWYG editors, with regular updates, a large following and customizable features.</p>\r\n<p>However, it is very difficult to create a cross-browser online editor that works in all different kinds of environments. If you are familiar with HTML you can select no WYSIWYG in My Preferences &raquo; User Preferences in the Admin Panel. That gives you more control over the code that will be on the page.</p>\r\n<p>There are also other WYSIWYG editor modules available for download.</p>',NULL,'2009-05-12 20:50:43'),(43,'string','content_en','','','','<p>Search is a module for searching \"core\" content along with certain registered modules. You put in a word or two and it gives you back matching, relevant results.</p>\r\n<p>You can see the search module in use in the default templates, like on this page. Simply put <code>{ldelim}search}</code> in your template, where you want the search form to appear. If you want the results of a search to appear on a different page, you can specify this with the parameter <code>resultpage=\'page alias\'</code>.</p>\r\n<p>For more information, see the Search module in the Admin Panel, in the Extensions menu.</p>',NULL,'2009-05-12 20:51:17'),(39,'string','content_en','','','','<p>Most web sites have a section for the latest news. In CMS Made Simple the best way to accomplish that is by using the News module.</p>\r\n<p>To display a list of news items you insert the tag <code>{ldelim}news number=\'5\' category=\'General\'}</code>. On this page the tag is inserted in the template. But it can also be inserted on a page. You can see the News module in use in the sidebar to the left.</p>\r\n<p>There are a number of parameters that can be used in conjunction with this tag. To read about how a module is used, navigate to Extensions &raquo; Modules in the Admin Panel and click on \"Help\" for the module you want to read about.</p>',NULL,'2009-05-12 20:42:16'),(45,'string','content_en','','','','<p>Events are a new powerful way of assigning actions to events. For example if you would like to send an email to the site administrator when a new file is uploaded or a new page is created by another user you could add some code to those events to be executed when that event happens.</p>\r\n<p>In brief here\'s how it works:</p>\r\n<p>a) A module, or the core, can register, and then Send Events such as \"newNews\", or \"newFronteEndUser\" or \"fileUploaded\", \"editPage\", etc, etc, etc. there\'s some 50 events in the core at the moment, and then uploads and frontend users have been configured to send events, We still have to do selfreg, etc, etc, etc.</p>\r\n<p>b) There are pages in the admin to allow you to specify which modules, and/or user tags should handle those events, and the order that each of those handlers should be called in.</p>\r\n<p>c) If one of the handlers of an event is a module, then.... the modules DoEvent method is called with the name of the event, and whatever data it wants to send. Each triggered event needs to be documented, but as of this moment, most are.</p>',NULL,'2009-05-12 20:22:16'),(55,'string','target','','','','',NULL,'2009-05-09 14:04:30'),(38,'string','content_en','','','','<p>These are the basic steps when creating a website with CMS Made Simple:</p>\r\n<ol>\r\n<li><em>Plan</em> -- Determine what pages you want (structure) and how you want  these pages to look (design). </li>\r\n<li><em>Create Templates</em> -- Create one or several template(s) that  determine the layout of your pages. </li>\r\n<li><em>Style the Templates</em> -- Attach one or more stylesheets to each  template and style the layout and content with CSS. </li>\r\n<li><em>Create Pages</em> -- Then you create pages, add content to them and  select what template to use for each page. </li>\r\n</ol>\r\n<p>When a user navigates to your site the page is created from the template,  adding the content where the placeholder(s) are in the template.</p>',NULL,'2009-05-12 20:22:33'),(16,'string','block1','','','',NULL,NULL,'2009-05-04 17:02:56'),(18,'string','content_en','','','','<p>This is basically the same as the last one, CSSMenu top + 2 column, with the menu on the left instead of across the top there isn\'t a whole lot to say about it.</p>\r\n<h3>Filler Text</h3>\r\n<p>Lorem ipsum dolor sit amet, consectetuer adipiscing elit. Ut ac leo in lorem ultricies sollicitudin. Vivamus molestie elit nec nulla. Suspendisse potenti. Suspendisse at lorem. Donec pulvinar, magna eget molestie pretium, justo sem iaculis urna, eget condimentum nibh augue pellentesque arcu. Integer tristique tempor mauris. Sed justo orci, commodo volutpat, sagittis vitae, varius vitae, massa. Maecenas pede ligula, iaculis sit amet, pharetra eu, adipiscing consectetuer, eros. Duis ullamcorper nisl ac magna. Nunc neque dolor, posuere dapibus, convallis non, tristique sed, nibh. Suspendisse quis leo. Phasellus pretium erat ut purus. Duis facilisis consectetuer sapien. Nulla eget pede ut nisl faucibus consequat. Quisque erat lectus, luctus in, pellentesque ac, adipiscing eu, enim. Donec ultrices laoreet urna.</p>\r\n<h3>Subheading</h3>\r\n<p>Vestibulum vitae tellus. Fusce quis ligula. Cras mi. Mauris congue, lacus eget rhoncus venenatis, mi nunc volutpat nisl, ut ornare erat augue quis mauris. Nulla in sem. Donec semper odio ac ante. Cras a libero in risus mattis commodo. Phasellus pellentesque lectus. Donec a mi. Integer euismod neque at arcu. Morbi ligula nulla, dapibus nec, fermentum ut, tristique vel, pede. Morbi at diam. Vestibulum quam. Cras consectetuer wisi id neque. Etiam dictum vulputate ligula. Aliquam erat volutpat. Proin vitae lorem in justo imperdiet nonummy. Lorem ipsum dolor sit amet, consectetuer adipiscing elit. Suspendisse leo. Sed in eros ut lectus lacinia condimentum.</p>',NULL,'2009-05-12 20:39:49'),(20,'string','target','','','','',NULL,'2009-05-12 20:41:29'),(20,'string','image','','','','',NULL,'2009-05-12 20:41:29'),(20,'string','thumbnail','','','','',NULL,'2009-05-12 20:41:29'),(20,'string','extra1','','','','',NULL,'2009-05-12 20:41:29'),(20,'string','extra2','','','','',NULL,'2009-05-12 20:41:29'),(20,'string','extra3','','','','',NULL,'2009-05-12 20:41:29'),(20,'string','searchable','','','','',NULL,'2009-05-12 20:41:29'),(20,'string','pagedata','','','','',NULL,'2009-05-12 20:41:29'),(20,'string','disable_wysiwyg','','','','',NULL,'2009-05-12 20:41:29'),(29,'string','content_en','','','','<p>The content is the information for the page. We have already mentioned that for each page on your site you  choose what template to use. When you add content to a page, it is automatically  placed in the placeholders of the template selected for that page.</p>\r\n<p>A template can define one or several content areas, or content blocks. To add more content blocks to your template, use <code>{ldelim}content block=\'block name\'}</code>. These blocks will then appear as text areas when you edit or add a page that uses that template.</p>\r\n<p>You can make a content block use only one line, instead of a full text area, by using the parameter oneline=true. That is, the full tag being: <code>{ldelim}content block=\'block name\' oneline=true}</code>. Read about more parameters in the help for the Content tag in the CMSMS Admin Panel, under Extensions &raquo; Tags.</p>\r\n<h3>Content Types</h3>\r\n<p>There are currently 6 main content types in version {cms_version} \"{cms_versionname}\". These content types determine the type of content for each menu item.</p>\r\n<ul>\r\n<li>Content</li>\r\n<li>Error Page</li>\r\n<li>External Page Link</li>\r\n<li>Internal Page Link</li>\r\n<li>Section Header</li>\r\n<li>Separator</li>\r\n</ul>\r\n<p>The <strong>Content</strong> type is simply a regular page. Normally this is the only one you will use. That is what this page you are reading is. Here you can put any content that you would put on a regular page. The layout of these types of pages are controlled by the templates. For each <strong>content</strong> page you create you must add the title, menu text, choose if it is going to have a parent and choose a template for it.  If you login as admin and change the template of this page, you will see exactly how it works.</p>\r\n<p>The <strong>Error Page</strong> type is just what it sounds like, a page you set for \"404 page not found\" errors, where you can add the content that shows when a 404 error occurs, a target type and title, you can also choose the template it uses, it has no parent as it is not part of the menu.</p>\r\n<p>The <strong>External Page Link</strong> type is just what it sounds like, a link to another external page and you add the title, menu text, choose if it is going to have a parent and a destination page along with the target setting and other options that a content type page has. This <strong>external page link</strong> type also shows up in the menu following the same hierarchy rules as the <strong>content</strong> type.</p>\r\n<p>The <strong>Internal Page Link</strong> type is also just what it sounds like, a link to another internal page. This <strong>internal page link</strong> type also shows up in the menu following the same hierarchy rules as the <strong>content</strong> type and you add the title, menu text, choose if it is going to have a parent and a destination page along with the target setting and other options that a content type page has.</p>\r\n<p>The <strong>Section Header</strong> type is used to break up menus into groupings (sections). This is unrelated to the hierarchy, as the section headers have no associated pages with them but can be used to group a set of links of similar content under them. They are just a little bit of text to say what the next few links are in reference to.</p>\r\n<p>The <strong>Separator</strong> type is just what it sounds like, a separator that appears on the menus. This type follows the hierarchy set in content management pages.</p>',NULL,'2009-05-12 20:16:13'),(46,'string','content_en','','','','<p>There are three kinds of extensions, that can add many kinds of functionality to your default CMS Made Simple install. They are called tags, user defined tags, and modules.</p>\r\n<h3>Tags</h3>\r\n<p>Tags are the simplest form of extensions. They are designed to accomplish just one small and specific task.</p>\r\n<p>There are a number of custom tags available with CMS Made Simple. To find what kind of tags are available look in Extensions &raquo; Tags in the Admin Panel.</p>\r\n<p>To insert any of these in a template or a page, simply type e.g. <code>{ldelim}content}</code>. Many of these Smarty tags are used as placeholders in a template, i.e. placeholders for content, navigation, breadcrumbs etc.</p>\r\n<p>Website developers who have a bit of PHP experience will find it easy to create and share their own custom tags.</p>\r\n<h3>User defined tags</h3>\r\n<p>Users can also create their own tags to insert in templates or pages., these are called user defined tags. They are snippets of php code (but without the &lt;?php and ?&gt; surrounding them), providing the ability to add re-usable pieces of php functionality to your site. User defined tags are inserted in templates and pages just like tags: <code>{ldelim}tagname}</code>.</p>\r\n<p>Typically, user defined tags provide a utility that is special to a website, and likely won\'t need to be re-used on another site. Also they are typically small and used for simple tasks.</p>\r\n<p>{cms_selflink ext=\'http://wiki.cmsmadesimple.org/index.php/Share_your_tags_here\' text=\'Share your user defined tags and use those that others have created\'}.</p>\r\n<h3>Modules</h3>\r\n<p>Modules are the highest level of plugin in the CMS Made Simple environment. They are designed to allow developers to implement complex tasks within CMSMS. A module typically provides advanced functionality, usually interacts with the database in complex ways, and may provide numerous reports or forms on the website. Additionally, a module may have an administrative interface to allow manipulating its data and its settings.</p>\r\n<p>An extremely well defined API <em>(Application Programming Interface)</em> has been written to allow module developers to write complex, intricate, and fully functioning applications for use within a CMSMS powered website.</p>\r\n<p>There are {cms_selflink page=\'modules\' text=\'a few modules included\'} with the default installation of CMS Made Simple. Other popular modules are Frontend Users, Album, Calendar, Guestbook and Form Builder.</p>\r\n<p>The ModuleManager module (included with CMS Made Simple) allows browsing a list of available modules, reading about them, and then installing them on your website.</p>\r\n<p>To insert modules in a template or a page, you actually use the module name as a parameter to the <code>{ldelim}cms_module}</code> tag. It looks like this: <code>{ldelim}cms_module module=\'modulename\' parameter1=\'this\' parameter2=5 parameter3=\'that\'}</code>. It is normal for modules to accept parameters to effect changes to their default behavior, though it is not always required.</p>\r\n<h3>Read more</h3>\r\n<p>You can read more about extensions in the {cms_selflink ext=\'http://wiki.cmsmadesimple.org/index.php/User_Handbook/Admin_Panel/Extensions\' text=\'CMSMS documentation\'}.</p>',NULL,'2009-05-12 20:21:29'),(28,'string','content_en','','','','<p>One of the little known features of CMS Made Simple is the User Defined tag.  Basically, this allows you to write PHP code inside the Admin Panel.  Use the \'Add User Defined Tag\' button in Extension &raquo; User Defined Tags in the Admin Panel, write some code, and then insert into a template or page with {literal}{newpluginname}{/literal}.  Simple!</p>\r\n<p>As an example, I\'ve put together a one line plugin/tag that will show your current User Agent information (which browser you\'re using).  The output is right here: <strong>{user_agent}</strong>.</p>\r\n<p>If you\'re not looking at the source, all that is in the page is {literal}{user_agent}{/literal}.  To see how this code works, edit the user_agent tag in the Extensions &raquo; User Defined Tags page of the admin.</p>\r\n<p>This is a VERY powerful feature if used right.  Remember, user defined tags do not get cached, therefore, scripts to rotate ad banners and such will work just fine. Note also that tag code has to be written <em>without</em> opening &lt; ? php  and ending  ? &gt; tags.</p>',NULL,'2009-05-12 20:58:46'),(19,'string','block1','','','',NULL,NULL,'2009-05-12 20:25:03'),(44,'string','content_en',NULL,NULL,NULL,'<p>This is an example of the very minimal that needs to be in a CMSMS template. No stylesheet is attached to the template, which is why it doesn\'t look very nice...</p>\r\n\r\n<p>However, to make it slightly more appealing, some inline styling was used, for floating the content to the right of the menu.</p>\r\n\r\n<p>The menu in this page template is using the <strong>Minimal Navigation</strong> template for Menu Manager. No accessibility stuff is in there, so it\'s recommended that the <strong>Simple Navigation</strong> menu template is rather used.</p>','2006-07-25 21:22:31','2006-07-25 21:22:31'),(31,'string','content_en',NULL,NULL,NULL,'asdf','2006-07-25 21:22:31','2006-07-25 21:22:31'),(32,'string','content_en',NULL,NULL,NULL,'asdf','2006-07-25 21:22:31','2006-07-25 21:22:31'),(49,'string','target','','','','',NULL,'2009-05-12 20:26:53'),(49,'string','pagedata','','','','',NULL,'2009-05-12 20:26:53'),(19,'string','content_en','','','','<p>CMS Made Simple {cms_version} was installed with numerous default templates (you choose this during the installation process). These are to display some of the features of CMS Made Simple and to give you a head start when creating your own web sites.</p>\r\n<p>The tags that are unique to templates in CMS Made Simple are described on the page {cms_selflink page=\'cmsms_tags\' text=\'CMSMS tags in the templates\'} (see menu to the left). Click on any link beneath that page in the menu to the left to see what the default templates look like.</p>\r\n<h4>Changing the style of Default Templates</h4>\r\n<p>All of the templates and style sheets have comments throughout them to help you find where to change the look of them.</p>\r\n<h3>Menus/navigation</h3>\r\n<p>Two kinds of navigation are used in these templates. For each there is a menu template in the Menu Manager. <strong>CSSMenu </strong>is a dropdown menu using only CSS. Well, for Internet Explorer 6 some JavaScript has to be used... Two of the page templates are using CSSMenu for navigation, {cms_selflink page=\'cssmenu_horizontal\' text=\'one with the menu horizontally at the top\'} and the other {cms_selflink page=\'cssmenu_vertical\' text=\'with the menu vertically to the left\'}.</p>\r\n<p>The other navigation type is what we call <strong>Simple Navigation</strong>. That is just an unordered list that gets its style and appearance from the style sheets (CSS). Also here {cms_selflink page=\'top_left\' text=\'one page template is using a horizontal simple navigation\'} and the other {cms_selflink page=\'navleft\' text=\'a vertical menu\'}.</p>\r\n<p>The menu tag in each template is used like this: <code>{ldelim}menu template=\'cssmenu.tpl\'}</code>, where the <code>cssmenu.tpl</code> is the name of the Menu Manager template, if you make a custom menu template you don\'t need to use the .tpl on the end. More parameters can be used, for example to start a menu from the second level, collapse the children pages until the parent is clicked etc. Read more about that in the Menu Manager Help in the Admin Panel.</p>',NULL,'2009-05-12 20:25:03'),(26,'string','content_en','','','','<p>There are plenty of tags included with the CMSMS core. Some of them are demonstrated here, for any questions as to the parameters they can take or anything else please see the Tags Help.</p>\r\n<h3>{ldelim}anchor}</h3>\r\n<dl> <dt>Syntax used</dt> <dd><code>{ldelim}anchor anchor=\'here\' text=\'Scroll Down\' class=\'myclass\' title=\'mytitle\' tabindex=\'1\' accesskey=\'s\'}</code></dd> <dt>Display</dt> <dd>Creates a link to an anchor on the same page. Used for example for the ^Top link at the bottom of this page.</dd> </dl>\r\n<h3>{ldelim}cms_breadcrumbs{rdelim}</h3>\r\n<dl> <dt>Syntax used</dt> <dd><code>{ldelim}cms_breadcrumbs root=\'Home\'{rdelim}</code></dd> <dt>Display</dt> <dd>Breadcrumbs are a navigational technique displaying all visited pages leading from the home page to the currently viewed page. You find it under the header on this page.</dd></dl>\r\n<h3>{ldelim}cms_module}</h3>\r\n<dl> <dt>Syntax used</dt> <dd><code>{ldelim}cms_module module=\'somemodulename\' param1=\'something\' param2=true}</code></dd> <dt>Display</dt> <dd>This tag is used to insert modules into your templates and pages.  Used for any module that you download. In the default templates, wrapper tags are used for inserting modules though. That is, a tag is made to insert a cms_module tag.</dd> </dl>\r\n<h3>{ldelim}cms_selflink}</h3>\r\n<dl> <dt>Syntax used</dt> <dd><code>{ldelim}cms_selflink page=\"1\"}</code> or <code>{ldelim}cms_selflink page=\"alias\"}</code></dd> <dt>Display</dt> <dd>Creates a link to another CMSMS content page inside your template or content. Can also be used for external links with the ext parameter. </dd> <dt>Example</dt> <dd>{cms_selflink page=\'modules\' text=\'Link to the modules page\'} </dd> <dd>{cms_selflink ext=\'http://www.cmsmadesimple.org\' text=\'This is an external link to the CMS Made Simple website\'}</dd> </dl>\r\n<h3>{ldelim}cms_version}</h3>\r\n<dl> <dt>Syntax used</dt> <dd><code>{ldelim}cms_version}</code></dd> <dt>Display</dt> <dd>Displays current version number of CMS Made Simple. </dd> <dt>Example</dt> <dd>See the footer on this page.</dd> </dl>\r\n<h3>{ldelim}cms_versionname}</h3>\r\n<dl> <dt>Syntax used</dt> <dd><code>{ldelim}cms_versionname}</code></dd> <dt>Display</dt> <dd>Displays current version name of CMS Made Simple. </dd> <dt>Example</dt> <dd>See the footer on this page.</dd> </dl>\r\n<h3>{ldelim}current_date}</h3>\r\n<dl> <dt>Syntax used</dt> <dd><code>{ldelim}current_date format=\"%A %d-%b-%y %T %Z\"}</code></dd> <dt>Display</dt> <dd>Prints the current date and time.</dd> <dt>Example</dt> <dd>{current_date format=\"%A %d-%b-%y %T %Z\"}</dd> </dl>\r\n<h3>{ldelim}embed}</h3>\r\n<dl> <dt>Syntax used</dt> <dd><code>{ldelim}embed url=\"http://www.cmsmadesimple.org\"}</code></dd> <dt>Display</dt> <dd>Enable inclusion (embeding) of any other application into the CMS. The most usual use could be a forum. </dd> </dl>\r\n<h3>{ldelim}global_content}</h3>\r\n<dl> <dt>Syntax used</dt> <dd><code>{ldelim}global_content name=\'footer\'}</code></dd> <dt>Display</dt> <dd>Inserts a Global Content Block (previously known as HTML blob) into your template or page. The code for the footer of this page is in a Global Content Block. </dd> </dl>\r\n<h3>{ldelim}menu_text}</h3>\r\n<dl> <dt>Syntax used</dt> <dd><code>{ldelim}menu_text}</code></dd> <dt>Display</dt> <dd>Prints the menu text of the page.</dd> <dt>Example</dt> <dd>{menu_text}</dd> </dl>\r\n<h3>{ldelim}modified_date}</h3>\r\n<dl> <dt>Syntax used</dt> <dd><code>{ldelim}modified_date format=\"%A %d-%b-%y %T %Z\"}</code></dd> <dt>Display</dt> <dd>Prints the date and time the page was last modified. </dd> <dt>Example</dt> <dd>{modified_date format=\"%A %d-%b-%y %T %Z\"}</dd> </dl>\r\n<h3>{ldelim}print}</h3>\r\n<dl> <dt>Syntax used</dt> <dd><code>{ldelim}print}</code></dd> <dt>Display</dt> <dd>Creates a link to only the content of the page.</dd> <dt>Example</dt> <dd>{print}</dd> </dl>\r\n<h3>{ldelim}site_mapper}</h3>\r\n<dl> <dt>Syntax used</dt> <dd><code>{ldelim}site_mapper}</code></dd> <dt>Display</dt> <dd>Prints out a sitemap.</dd> <dt>Example</dt> <dd>{site_mapper}</dd> </dl>\r\n<h3>{ldelim}valid_xhtml}</h3>\r\n<dl> <dt>Syntax used</dt> <dd><code>{ldelim}valid_xhtml}</code></dd> <dt>Display</dt> <dd>Creates a link to the W3C HTML validation service.</dd> <dt>Example</dt> <dd>{valid_xhtml}</dd> </dl>',NULL,'2009-05-12 20:56:54'),(28,'string','target','','','','',NULL,'2009-05-12 20:58:46'),(28,'string','pagedata','','','','',NULL,'2009-05-12 20:58:46'),(28,'string','extra1','','','','',NULL,'2009-05-12 20:58:46'),(26,'string','target','','','','',NULL,'2009-05-12 20:56:54'),(26,'string','pagedata','','','','',NULL,'2009-05-12 20:56:54'),(26,'string','extra1','','','','',NULL,'2009-05-12 20:56:54'),(26,'string','extra2','','','','',NULL,'2009-05-12 20:56:54'),(26,'string','extra3','','','','',NULL,'2009-05-12 20:56:54'),(26,'string','image','','','','-1',NULL,'2009-05-12 20:56:54'),(26,'string','thumbnail','','','','',NULL,'2009-05-12 20:56:54'),(26,'string','searchable','','','','1',NULL,'2009-05-12 20:56:54'),(26,'string','disable_wysiwyg','','','','0',NULL,'2009-05-12 20:56:54'),(55,'string','thumbnail','','','','',NULL,'2009-05-09 14:04:30'),(15,'string','target','','','','',NULL,'2009-05-13 10:12:18'),(15,'string','pagedata','','','','',NULL,'2009-05-13 10:12:18'),(15,'string','extra1','','','','',NULL,'2009-05-13 10:12:18'),(15,'string','extra2','','','','',NULL,'2009-05-13 10:12:18'),(15,'string','extra3','','','','',NULL,'2009-05-13 10:12:18'),(16,'string','target','','','','',NULL,'2009-05-04 17:02:56'),(16,'string','pagedata','','','','',NULL,'2009-05-04 17:02:56'),(16,'string','extra1','','','','',NULL,'2009-05-04 17:02:56'),(16,'string','extra2','','','','',NULL,'2009-05-04 17:02:56'),(16,'string','extra3','','','','',NULL,'2009-05-04 17:02:56'),(16,'string','image','','','','-1',NULL,'2009-05-04 17:02:56'),(16,'string','thumbnail','','','','',NULL,'2009-05-04 17:02:56'),(16,'string','searchable','','','','1',NULL,'2009-05-04 17:02:56'),(16,'string','disable_wysiwyg','','','','0',NULL,'2009-05-04 17:02:56'),(16,'string','content_en','','','','<p>This is a drop-down menu that is using only CSS (although some Javascript is required for Internet Explorer 6, note: IE6 will not let you use 2 of these menu types in a template at the same time as the second one will fail to open). It can be either vertical or horizontal.</p>\r\n<p>The code we have inserted in the template that this page is using is simply <code>{ldelim}menu template=\'cssmenu.tpl\'}</code>.  You style the menu in the stylesheet <strong>Navigation: CSSMenu - Horizontal</strong> or <strong>Navigation: CSSMenu - Vertical</strong> for the vertical CSSMenu.</p>\r\n<p>But to be on the safe side, copy this style sheet and attach your new style sheet to the template instead (and make your changes in your new style sheet). Then you can always revert to the default style sheet if something goes wrong.</p>',NULL,'2009-05-04 17:02:56'),(15,'string','image','','','','-1',NULL,'2009-05-13 10:12:18'),(15,'string','thumbnail','','','','',NULL,'2009-05-13 10:12:18'),(15,'string','searchable','','','','1',NULL,'2009-05-13 10:12:18'),(15,'string','disable_wysiwyg','','','','0',NULL,'2009-05-13 10:12:18'),(15,'string','image1','','','','uploads/images/logo1.gif',NULL,'2009-05-13 10:12:18'),(51,'string','content_en','','','','<p>Using the same menu template as the previous theme. We changed the child ul CSS to use a different top image. This involves changing some of the margin and padding as the images are a different shape. Note the difference in the second level and third level ul images, one has an arrow up and the other has an arrow left.</p>\r\n<h3>Filler Text</h3>\r\n<p>Curabitur ornare velit molestie nulla. Fusce fermentum facilisis mi. Maecenas volutpat, eros ac pellentesque mollis, urna elit rutrum turpis, congue convallis nibh erat nec purus. Sed malesuada consectetuer turpis. Nulla sollicitudin placerat augue. Vestibulum ut sem eget turpis laoreet cursus. Vestibulum ante urna, mollis eget, cursus eget, viverra non, lectus. Aliquam erat volutpat. Aenean gravida tempor nulla. Sed sem lorem, pulvinar non, placerat non, vestibulum sed, tellus. Phasellus fermentum velit id dui. Praesent vulputate. Nam in dui.</p>\r\n<p>Maecenas tristique, tortor nec eleifend luctus, nibh leo imperdiet wisi, et accumsan est lectus in orci. Proin facilisis, odio auctor feugiat accumsan, sapien purus iaculis dui, a volutpat augue pede ut sem. Nulla facilisi. Aliquam suscipit elementum ipsum. Morbi urna. Nam eros justo, varius sit amet, euismod eu, dictum nec, neque. Nullam id mi eu odio tempor adipiscing. Quisque hendrerit euismod nunc. Ut erat nulla, pellentesque nec, luctus eu, dictum nec, augue. Aliquam tincidunt sodales arcu. Nam porta sagittis quam. Vivamus eget purus egestas velit congue consectetuer.</p>',NULL,'2009-05-08 22:21:34'),(51,'string','target','','','','',NULL,'2009-05-08 22:21:34'),(51,'string','pagedata','','','','',NULL,'2009-05-08 22:21:34'),(51,'string','extra1','','','','',NULL,'2009-05-08 22:21:34'),(51,'string','extra2','','','','',NULL,'2009-05-08 22:21:34'),(51,'string','extra3','','','','',NULL,'2009-05-08 22:21:34'),(51,'string','image','','','','-1',NULL,'2009-05-08 22:21:34'),(51,'string','thumbnail','','','','',NULL,'2009-05-08 22:21:34'),(51,'string','searchable','','','','1',NULL,'2009-05-08 22:21:34'),(51,'string','disable_wysiwyg','','','','0',NULL,'2009-05-08 22:21:34'),(51,'string','Sidebar','','','','<h4>Filler Text</h4>\r\n<p>Lorem ipsum dolor sit amet, consectetuer adipiscing elit. Cras sodales gravida est. Nullam enim ipsum, convallis quis, iaculis quis, facilisis eu, felis. Proin euismod hendrerit tortor. Aliquam erat volutpat. Morbi tempus diam sit amet neque. Sed sem metus, sagittis vel, lobortis ac, tempus sit amet, wisi. Phasellus in diam. Maecenas ultrices rutrum mauris. Vestibulum dolor justo, blandit a, posuere quis, varius at, tellus. Vestibulum convallis. Nulla ut leo sed elit eleifend varius. Aenean eget est id lorem posuere laoreet.</p>',NULL,'2009-05-08 22:21:34'),(18,'string','target','','','','',NULL,'2009-05-12 20:39:49'),(18,'string','pagedata','','','','',NULL,'2009-05-12 20:39:49'),(18,'string','extra1','','','','',NULL,'2009-05-12 20:39:49'),(18,'string','extra2','','','','',NULL,'2009-05-12 20:39:49'),(18,'string','extra3','','','','',NULL,'2009-05-12 20:39:49'),(18,'string','image','','','','-1',NULL,'2009-05-12 20:39:49'),(18,'string','thumbnail','','','','',NULL,'2009-05-12 20:39:49'),(18,'string','searchable','','','','1',NULL,'2009-05-12 20:39:49'),(18,'string','disable_wysiwyg','','','','0',NULL,'2009-05-12 20:39:49'),(52,'string','content_en','','','','<p>Again using the same menu template as the two previous themes. We changed the child ul CSS to use a different top image. This involves changing some of the margin and padding as the images are a different shape. Note the second level and third level ul are now using the same image that has an arrow left.</p>\r\n<h3>Filler Text</h3>\r\n<p>Curabitur ornare velit molestie nulla. Fusce fermentum facilisis mi. Maecenas volutpat, eros ac pellentesque mollis, urna elit rutrum turpis, congue convallis nibh erat nec purus. Sed malesuada consectetuer turpis. Nulla sollicitudin placerat augue. Vestibulum ut sem eget turpis laoreet cursus. Vestibulum ante urna, mollis eget, cursus eget, viverra non, lectus. Aliquam erat volutpat. Aenean gravida tempor nulla. Sed sem lorem, pulvinar non, placerat non, vestibulum sed, tellus. Phasellus fermentum velit id dui. Praesent vulputate. Nam in dui.</p>\r\n<p>Maecenas tristique, tortor nec eleifend luctus, nibh leo imperdiet wisi, et accumsan est lectus in orci. Proin facilisis, odio auctor feugiat accumsan, sapien purus iaculis dui, a volutpat augue pede ut sem. Nulla facilisi. Aliquam suscipit elementum ipsum. Morbi urna. Nam eros justo, varius sit amet, euismod eu, dictum nec, neque. Nullam id mi eu odio tempor adipiscing. Quisque hendrerit euismod nunc. Ut erat nulla, pellentesque nec, luctus eu, dictum nec, augue. Aliquam tincidunt sodales arcu. Nam porta sagittis quam. Vivamus eget purus egestas velit congue consectetuer.</p>',NULL,'2009-05-08 22:21:49'),(52,'string','target','','','','',NULL,'2009-05-08 22:21:49'),(52,'string','pagedata','','','','',NULL,'2009-05-08 22:21:49'),(52,'string','extra1','','','','',NULL,'2009-05-08 22:21:49'),(52,'string','extra2','','','','',NULL,'2009-05-08 22:21:49'),(52,'string','extra3','','','','',NULL,'2009-05-08 22:21:49'),(52,'string','image','','','','-1',NULL,'2009-05-08 22:21:49'),(52,'string','thumbnail','','','','',NULL,'2009-05-08 22:21:49'),(52,'string','searchable','','','','1',NULL,'2009-05-08 22:21:49'),(52,'string','disable_wysiwyg','','','','0',NULL,'2009-05-08 22:21:49'),(54,'string','content_en','','','','<p>Nuno has graciously supplied us with another of his great looking designs.</p>\r\n<p>This one is using a new menu template so we can style the drop down for the children pages, using an image for the second ul going from the top down, it has an extra li at the bottom of the child pages ul &lt;li class=\"separator once\" style=\"list-style-type: none;\"&gt;&amp;nbsp; &lt;/li&gt; this is used to hold the bottom image.</p>\r\n<h3>Filler Text</h3>\r\n<p>Maecenas tristique, tortor nec eleifend luctus, nibh leo imperdiet wisi, et accumsan est lectus in orci. Proin facilisis, odio auctor feugiat accumsan, sapien purus iaculis dui, a volutpat augue pede ut sem. Nulla facilisi. Aliquam suscipit elementum ipsum. Morbi urna. Nam eros justo, varius sit amet, euismod eu, dictum nec, neque. Nullam id mi eu odio tempor adipiscing. Quisque hendrerit euismod nunc. Ut erat nulla, pellentesque nec, luctus eu, dictum nec, augue. Aliquam tincidunt sodales arcu. Nam porta sagittis quam. Vivamus eget purus egestas velit congue consectetuer.</p>',NULL,'2009-05-08 22:20:56'),(54,'string','target','','','','',NULL,'2009-05-08 22:20:56'),(54,'string','pagedata','','','','',NULL,'2009-05-08 22:20:56'),(54,'string','extra1','','','','',NULL,'2009-05-08 22:20:56'),(55,'string','searchable','','','','1',NULL,'2009-05-09 14:04:30'),(34,'string','content_en','','','','<p>So how is a web-site created with CMS Made Simple? There are a couple of terms that are central to understanding this.</p>\r\n<p>You first need to have templates, which is the HTML code for your pages. This is styled with CSS in one or more style sheets that are attached to each template. You then create pages that contain your websites content using one of these templates.</p>\r\n<p>That doesn\'t sound too hard, does it? Basically you don\'t need to know any HTML or CSS to get a site up with CMS Made Simple. But if you want to customize it to your liking, consider learning some {cms_selflink ext=\"http://www.w3schools.com/css/\" text=\"CSS\" target=\"_blank\"}.</p>\r\n<p>In the menu to the left you can read more about this, as well as more advanced features like the Menu Manager, additional extensions for adding many kinds of functionality to your site and the Event Manager for managing work flow. Last is a summary of the basic work flow when creating a site with CMS Made Simple.</p>',NULL,'2009-05-12 20:11:52'),(34,'string','target','','','','',NULL,'2009-05-12 20:11:52'),(34,'string','pagedata','','','','',NULL,'2009-05-12 20:11:52'),(34,'string','extra1','','','','',NULL,'2009-05-12 20:11:52'),(34,'string','extra2','','','','',NULL,'2009-05-12 20:11:52'),(34,'string','extra3','','','','',NULL,'2009-05-12 20:11:52'),(34,'string','image','','','','-1',NULL,'2009-05-12 20:11:52'),(34,'string','thumbnail','','','','',NULL,'2009-05-12 20:11:52'),(34,'string','searchable','','','','1',NULL,'2009-05-12 20:11:52'),(34,'string','disable_wysiwyg','','','','0',NULL,'2009-05-12 20:11:52'),(36,'string','target','','','','',NULL,'2009-05-12 20:12:30'),(36,'string','pagedata','','','','',NULL,'2009-05-12 20:12:30'),(36,'string','extra1','','','','',NULL,'2009-05-12 20:12:30'),(36,'string','extra2','','','','',NULL,'2009-05-12 20:12:30'),(36,'string','extra3','','','','',NULL,'2009-05-12 20:12:30'),(36,'string','image','','','','-1',NULL,'2009-05-12 20:12:30'),(36,'string','thumbnail','','','','',NULL,'2009-05-12 20:12:30'),(36,'string','searchable','','','','1',NULL,'2009-05-12 20:12:30'),(36,'string','disable_wysiwyg','','','','0',NULL,'2009-05-12 20:12:30'),(36,'string','content_en','','','','<p>A <em>template</em> is basically the HTML layout, or the design, of a page.  This is the work of the designer. Whatever is in a template is used on every  page that uses that template, meaning that the person editing the content  doesn\'t need any web design skills.</p>\r\n<p>In the template there are placeholders for content and navigation areas. When  a user is visiting your site the page is automatically generated from the  template and the placeholders are filled with the content.</p>\r\n<p>The template is the HTML structure. It is then styled in one or more  <em>style sheets</em> that are attached to each template. This styling is done  with CSS. So to get a site look the way you want you should be familiar with HTML and CSS on at least a basic level. But don\'t worry, there are themes with  ready-made templates and style sheets for you to download!</p>\r\n<p>When you first install CMS Made Simple there are some basic templates that  you can use and customize to your needs. Those templates are described in the section {cms_selflink page=default_templates text=\'Default Templates Explained\'}. The designer of your site can also add new templates to make the site look any way you want. The CMSMS community also shares themes for anyone to download and use at {cms_selflink ext=\'http://themes.cmsmadesimple.org\' text=\'the CMSMS Themes site\' target=\"_blank\"}.</p>\r\n<h3>Templates and style sheets in the CMSMS Admin Panel</h3>\r\n<p>In the CMSMS Admin Panel you will find the templates and style sheets in the <strong>Layout</strong> menu.</p>',NULL,'2009-05-12 20:12:30'),(37,'string','target','','','','',NULL,'2009-05-12 20:13:19'),(37,'string','pagedata','','','','',NULL,'2009-05-12 20:13:19'),(37,'string','extra1','','','','',NULL,'2009-05-12 20:13:19'),(37,'string','extra2','','','','',NULL,'2009-05-12 20:13:19'),(37,'string','extra3','','','','',NULL,'2009-05-12 20:13:19'),(37,'string','image','','','','-1',NULL,'2009-05-12 20:13:19'),(37,'string','thumbnail','','','','',NULL,'2009-05-12 20:13:19'),(37,'string','searchable','','','','1',NULL,'2009-05-12 20:13:19'),(37,'string','disable_wysiwyg','','','','0',NULL,'2009-05-12 20:13:19'),(37,'string','content_en','','','','<p>Pages determine the structure of your web-site as seen in the admin Content &raquo; Pages page. Think of a web-site as a set  of pages. These pages are accessed through a menu. You can also link to a page  from within another page.</p>\r\n<h3>Navigation/Menu</h3>\r\n<p>The navigation, or the menu, is a set of links that help the user to navigate through  the pages on your web site. These links are automatically created by CMS Made  Simple from the page structure. This hierarchy is what drives the menu you see  on the left of this page.</p>\r\n<p>Pages can be in several levels, like a tree of generations. The top level in  the menu are the parent pages. Each parent page can have children pages, which  in turn can be parents to other children.</p>\r\n<p>The page template determines where on a page the navigation is placed.</p>\r\n<p>You can create any kind of navigation you can dream of by customizing a menu  template for <em>Menu Manager</em>. However, the default templates should work  for most situations as the menu basically is just an unordered list that you  style to your liking with CSS. The web is full of good articles about styling a list of links, one of the best is {cms_selflink ext=\"http://css.maxdesign.com.au/listutorial/index.htm\" text=\"listutorial at maxdesign\" target=\"_blank\"}</p>\r\n<h3>Pages in the CMSMS Admin Panel</h3>\r\n<p>You add pages, as well as other content (see next chapter), in the CMSMS Admin Panel from the Content &raquo; Pages menu.</p>',NULL,'2009-05-12 20:13:19'),(29,'string','target','','','','',NULL,'2009-05-12 20:16:13'),(29,'string','pagedata','','','','',NULL,'2009-05-12 20:16:13'),(29,'string','extra1','','','','',NULL,'2009-05-12 20:16:13'),(29,'string','extra2','','','','',NULL,'2009-05-12 20:16:13'),(29,'string','extra3','','','','',NULL,'2009-05-12 20:16:13'),(29,'string','image','','','','-1',NULL,'2009-05-12 20:16:13'),(29,'string','thumbnail','','','','',NULL,'2009-05-12 20:16:13'),(29,'string','searchable','','','','1',NULL,'2009-05-12 20:16:13'),(29,'string','disable_wysiwyg','','','','0',NULL,'2009-05-12 20:16:13'),(30,'string','target','','','','',NULL,'2009-05-12 20:16:51'),(30,'string','pagedata','','','','',NULL,'2009-05-12 20:16:51'),(30,'string','extra1','','','','',NULL,'2009-05-12 20:16:51'),(30,'string','extra2','','','','',NULL,'2009-05-12 20:16:51'),(30,'string','extra3','','','','',NULL,'2009-05-12 20:16:51'),(30,'string','image','','','','-1',NULL,'2009-05-12 20:16:51'),(30,'string','thumbnail','','','','',NULL,'2009-05-12 20:16:51'),(30,'string','searchable','','','','1',NULL,'2009-05-12 20:16:51'),(30,'string','disable_wysiwyg','','','','0',NULL,'2009-05-12 20:16:51'),(46,'string','target','','','','',NULL,'2009-05-12 20:21:29'),(46,'string','pagedata','','','','',NULL,'2009-05-12 20:21:29'),(46,'string','extra1','','','','',NULL,'2009-05-12 20:21:29'),(46,'string','extra2','','','','',NULL,'2009-05-12 20:21:29'),(46,'string','extra3','','','','',NULL,'2009-05-12 20:21:29'),(46,'string','image','','','','-1',NULL,'2009-05-12 20:21:29'),(46,'string','thumbnail','','','','',NULL,'2009-05-12 20:21:29'),(46,'string','searchable','','','','1',NULL,'2009-05-12 20:21:29'),(46,'string','disable_wysiwyg','','','','0',NULL,'2009-05-12 20:21:29'),(45,'string','target','','','','',NULL,'2009-05-12 20:22:16'),(45,'string','pagedata','','','','',NULL,'2009-05-12 20:22:16'),(45,'string','extra1','','','','',NULL,'2009-05-12 20:22:16'),(45,'string','extra2','','','','',NULL,'2009-05-12 20:22:16'),(45,'string','extra3','','','','',NULL,'2009-05-12 20:22:16'),(45,'string','image','','','','-1',NULL,'2009-05-12 20:22:16'),(45,'string','thumbnail','','','','',NULL,'2009-05-12 20:22:16'),(45,'string','searchable','','','','1',NULL,'2009-05-12 20:22:16'),(45,'string','disable_wysiwyg','','','','0',NULL,'2009-05-12 20:22:16'),(19,'string','target','','','','',NULL,'2009-05-12 20:25:03'),(19,'string','pagedata','','','','',NULL,'2009-05-12 20:25:03'),(19,'string','extra1','','','','',NULL,'2009-05-12 20:25:03'),(19,'string','extra2','','','','',NULL,'2009-05-12 20:25:03'),(19,'string','extra3','','','','',NULL,'2009-05-12 20:25:03'),(19,'string','image','','','','-1',NULL,'2009-05-12 20:25:03'),(19,'string','thumbnail','','','','',NULL,'2009-05-12 20:25:03'),(19,'string','searchable','','','','1',NULL,'2009-05-12 20:25:03'),(19,'string','disable_wysiwyg','','','','0',NULL,'2009-05-12 20:25:03'),(49,'string','extra1','','','','',NULL,'2009-05-12 20:26:53'),(49,'string','extra2','','','','',NULL,'2009-05-12 20:26:53'),(49,'string','extra3','','','','',NULL,'2009-05-12 20:26:53'),(49,'string','image','','','','-1',NULL,'2009-05-12 20:26:53'),(49,'string','thumbnail','','','','',NULL,'2009-05-12 20:26:53'),(49,'string','searchable','','','','1',NULL,'2009-05-12 20:26:53'),(49,'string','disable_wysiwyg','','','','0',NULL,'2009-05-12 20:26:53'),(49,'string','content_en','','','','<p>Here we explain the tags that are used in the default templates that are specific to templates in CMS Made Simple. The rest of the templates are just pure HTML. You can read more about that in the {cms_selflink ext=\'http://wiki.cmsmadesimple.org/index.php/User_Handbook/Getting_Started/Designer/Templates\' text=\'documentation wiki\'}.</p>\r\n<div class=\"templatecode\">\r\n<h3>Page title</h3>\r\n<pre>&lt;title&gt;{ldelim}sitename} - {ldelim}title}&lt;/title&gt;\r\n</pre>\r\n<p>For each page using these tags in a template the tags are replaced with the site name you specify in Site Admin &raquo; Global settings and the title you specify when you add/edit each page.</p>\r\n<p><em>Read more</em> about the <code>{ldelim}sitename}</code> and <code>{ldelim}title}</code> tags in Extensions &raquo; Tags in the Admin Panel.</p>\r\n</div>\r\n<div class=\"templatecode\">\r\n<h3>Metadata</h3>\r\n<pre>{ldelim}metadata}\r\n</pre>\r\n<p>This tag adds to your page any metadata that you have specified in Site Admin &raquo; Global settings and also page specific metadata that you can add under the Options tab when adding/editing a page.</p>\r\n<p>It is also used for knowing the base folder for your site when using pretty URLs. So don\'t remove this if you use Pretty URLs!</p>\r\n<p><em>Read more</em> about the <code>{ldelim}metadata}</code>tag in Extensions &raquo; Tags in the Admin Panel.</p>\r\n</div>\r\n<div class=\"templatecode\">\r\n<h3>Stylesheets (deprecated)</h3>\r\n<pre>{ldelim}stylesheet}\r\n</pre>\r\n<p>This tag links to all style sheets (CSS) that you have attached to a template. It means that you only have to add this tag once and all attached style sheets will be linked automatically.</p>\r\n<p><em>Read more</em> about the <code>{ldelim}stylesheet}</code> tag in Extensions &raquo; Tags in the Admin Panel.</p>\r\n</div>\r\n<div class=\"templatecode\">\r\n<h3>Stylesheets</h3>\r\n<pre>{ldelim}cms_stylesheet}\r\n</pre>\r\n<p>This tag is the newer version of the tag above. The tag links to all style sheets (CSS) that you have attached to a template. It means that you only have to add this tag once and all attached style sheets will be linked automatically.</p><p>The new tag allows you to use smarty variables like [[$red]] to indicate a color, and one change will change it througout your layout. The new tag requires that [[root_url]]/ be put in front of images, as the stylesheets are cached.</p>\r\n<p><em>Read more</em> about the <code>{ldelim}cms_stylesheet}</code> tag in Extensions &raquo; Tags in the Admin Panel.</p>\r\n</div>\r\n<div class=\"templatecode\">\r\n<h3>Relational links</h3>\r\n<pre>{ldelim}cms_selflink dir=\"start\" rellink=1}\r\n{ldelim}cms_selflink dir=\"prev\" rellink=1}\r\n{ldelim}cms_selflink dir=\"next\" rellink=1}\r\n</pre>\r\n<p>These are relational links for interconnections between pages, which is good for accessibility and Search Engine Optmization</p>\r\n<p><em>Read more</em> about the <code>{ldelim}cms_selflink}</code> tag in Extensions &raquo; Tags in the Admin Panel.</p>\r\n</div>\r\n<div class=\"templatecode\">\r\n<h3>Page width in Internet Explorer 6</h3>\r\n<pre>{ldelim}literal}\r\n&lt;script type=\"text/JavaScript\"&gt;\r\n&lt;!--\r\n//pass min and max -measured against window width\r\nfunction P7_MinMaxW(a,b){ldelim}\r\n	var nw=\"auto\",w=document.documentElement.clientWidth;\r\n	if(w&gt;=b){ldelim}nw=b+\"px\";}if(w&lt;=a){ldelim}nw=a+\"px\";}return nw;\r\n}\r\n//--&gt;\r\n&lt;/script&gt;\r\n&lt;!--[if lte IE 6]&gt;\r\n&lt;style type=\"text/css\"&gt;\r\n#pagewrapper {ldelim}width:expression(P7_MinMaxW(720,950));}\r\n#container {ldelim}height: 1%;}\r\n&lt;/style&gt;\r\n&lt;![endif]--&gt;\r\n{ldelim}/literal}</pre>\r\n<p>This isn\'t a tag really, but displays how to insert JavaScript in a CMSMS template.</p>\r\n<p>The default templates use fluid page width. But Internet Explorer 6 doesn\'t understand min-width and max-width, so for that browser the min and max page width is set with this JavaScript. For other browsers the page width is set in the style sheets beginning with \"Layout: ...\"</p>\r\n</div>\r\n<div class=\"templatecode\">\r\n<h3>Skip links for accessibility</h3>\r\n<pre>{ldelim}anchor anchor=\'main\' title=\'Skip to content\' accesskey=\'s\' text=\'Skip to content\'}\r\n</pre>\r\n<p>Anchor links (links to an anchor in the same page) are inserted with the <code>{ldelim}anchor}</code> tag. In the default templates this is used for skip links that are visible to screen readers, but hidden with CSS to visual browsers.</p>\r\n<p><em>Read more</em> about the <code>{ldelim}anchor}</code> tag in Extensions &raquo; Tags in the Admin Panel.</p>\r\n</div>\r\n<div class=\"templatecode\">\r\n<h3>Header with logo image that links to default page</h3>\r\n<pre>{ldelim}cms_selflink dir=\"start\" text=\"$sitename\"}\r\n</pre>\r\n<p>In the header the &lt;h1&gt; tag (hidden by CSS) is a link to the page that is selected as the default page. The <code>dir=\"start\"</code> parameter in the {ldelim}cms_selflink} tag is used for this. To get the site name as the text for the link, the <code>$sitename</code> variable is used.</p>\r\n<p><em>Read more</em> about the <code>{ldelim}cms_selflink}</code> tag in Extensions &raquo; Tags in the Admin Panel.</p>\r\n</div>\r\n<div class=\"templatecode\">\r\n<h3>Search</h3>\r\n<pre>{ldelim}search}\r\n</pre>\r\n<p>To insert a search form on your site, simply use the {ldelim}search} tag. Search is actually a module and should therefore be called as a parameter in the {ldelim}cms_module} tag, like this: <code>{ldelim}cms_module module=\'search\'}</code>. But to simplify matters, we did a wrapper tag so that it\'s easier to remember.</p>\r\n<p><em>Read more</em> about the Search module in Extensions &raquo; Modules in the Admin Panel.</p>\r\n</div>\r\n<div class=\"templatecode\">\r\n<h3>Breadcrumbs</h3>\r\n<pre>{ldelim}breadcrumbs starttext=\'You are here\' root=\'Home\' delimiter=\'&raquo;\'}\r\n</pre>\r\n<p>Breadcrumbs is a path to the current page. In the default templates we have chosen to put the text \'You are here\' before the path and force \'Home\' to always be the root in the path, even if it isn\'t. With the delimiter parameter you can select the delimiter that separates entries in the path.</p>\r\n<p><em>Read more</em> about the <code>{ldelim}breadcrumbs}</code> tag in Extensions &raquo; Tags in the Admin Panel.</p>\r\n</div>\r\n<div class=\"templatecode\">\r\n<h3>Navigation</h3>\r\n<pre>{ldelim}menu template=\'simple navigation.tpl\' collapse=\'1\'}\r\n</pre>\r\n<p>This is how you insert a menu where you want it to appear. Like the <code>{ldelim}search}</code> tag, this is actually just a wrapper tag, as the Menu Manager is a module.</p>\r\n<p>In the default templates the menu manager template that is used for the menus are stored in files. That\'s why you see the .tpl extension in the template parameter. But you can easily import menu templates to the database and edit them directly in the Admin Panel. Then you simply omit the .tpl extension in the template parameter.</p>\r\n<p><em>Read more</em> about the Menu Manager module in Extensions &raquo; Modules in the Admin Panel.</p>\r\n</div>\r\n<div class=\"templatecode\">\r\n<h3>News</h3>\r\n<pre>{ldelim}news number=\'3\' detailpage=\'news\'}\r\n</pre>\r\n<p>This tag will display the last three news articles. When clicking a news article to read the details, it is opened on the page with the page alias \'news\'. That\'s what the detailpage parameter is doing.</p>\r\n<p>Like all core modules there is a wrapper tag for the News module, to make it easier to use.</p>\r\n<p><em>Read more</em> about the News module tag in Extensions &raquo; News in the Admin Panel.</p>\r\n</div>\r\n<div class=\"templatecode\">\r\n<h3>Print button</h3>\r\n<pre>{ldelim}print showbutton=true script=true}\r\n</pre>\r\n<p>The <code>{ldelim}print}</code> tag is used to insert a print link. With the showbutton parameter set to true we have told the tag to output a button instead of text. The script parameter set to true means the print dialog window opens when clicking the button, for immediate printing.</p>\r\n<p>The <code>{ldelim}print}</code> tag prints everything that is in your <code>{ldelim}content}</code> tag, that is only the content for a page.</p>\r\n<p><em>Read more</em> about the <code>{ldelim}print}</code> tag in Extensions &raquo; Tags in the Admin Panel.</p>\r\n</div>\r\n<div class=\"templatecode\">\r\n<h3>Page content</h3>\r\n<pre>&lt;h2&gt;{ldelim}title}&lt;/h2&gt;\r\n{ldelim}content}</pre>\r\n<p>Maybe the most important tag in your template. Where you put the <code>{ldelim}content}</code> is where the content for your page will appear.</p>\r\n<p>We have also chosen to put the page title on every page (the <code>{ldelim}title}</code> tag), so that you don\'t have to put that in the content for every page.</p><p>The default <code>{ldelim}content}</code> tag is <strong>required</strong> for all templates.</p>\r\n<p><em>Read more</em> about the <code>{ldelim}content}</code> and <code>{ldelim}title}</code> tags in Extensions &raquo; Tags in the Admin Panel.</p>\r\n</div>\r\n<div class=\"templatecode\">\r\n<h3>Previous/next links</h3>\r\n<pre>{ldelim}anchor anchor=\'main\' text=\'^ Top\'}\r\n{ldelim}cms_selflink dir=\"previous\" label=\"Previous page: \"}\r\n{ldelim}cms_selflink dir=\"next\"}\r\n</pre>\r\n<p>Some more internal links. These are using the dir parameter to link to the previous and next pages in the page hierarchy (separators and section headers will be omitted as they are no pages).</p>\r\n</div>\r\n<div class=\"templatecode\">\r\n<h3>Page footer</h3>\r\n<pre>{ldelim}global_content name=\'footer\'}</pre>\r\n<p>Instead of bloating your template with lots of code you can put some code in a Global Content Block. Then call that Global Content Block with the <code>{ldelim}global_content}</code> tag. It\'s also useful for content or HTML code that is reused on several pages or templates.</p>\r\n<p>In the default templates we have put the footer text in a Global Content Block with the name \'footer\'. You find the Global Content Blocks in the Content menu in the Admin Panel.</p>\r\n<p><em>Read more</em> about the <code>{ldelim}global_content}</code> tag in Extensions &raquo; Tags in the Admin Panel.</p>\r\n</div>',NULL,'2009-05-12 20:26:53'),(13,'string','content_en','','','','<p>This template has the menu in left sidebar. The menu is using the <strong>Simple Navigation</strong> menu template. It is styled in the stylesheet called <strong>Navigation: Simple - Vertical</strong>.</p>\r\n<p>You can easily float the sidebar with the menu to the right instead. Look in the <strong>Layout: Left sidebar + 1 column</strong> style sheet for the <code>float:left;</code> property in the <code>div#sidebar</code> element. Change that to <code>float:right;</code> and the sidebar with the menu will instead be on the right side of the content, of course you will also have to adjust the margins for the sidebar and the div#main, basically just swap the left and right margins.</p>',NULL,'2009-05-04 16:08:43'),(13,'string','target','','','','',NULL,'2009-05-04 16:08:43'),(13,'string','pagedata','','','','',NULL,'2009-05-04 16:08:43'),(13,'string','extra1','','','','',NULL,'2009-05-04 16:08:43'),(13,'string','extra2','','','','',NULL,'2009-05-04 16:08:43'),(13,'string','extra3','','','','',NULL,'2009-05-04 16:08:43'),(13,'string','image','','','','-1',NULL,'2009-05-04 16:08:43'),(13,'string','thumbnail','','','','',NULL,'2009-05-04 16:08:43'),(13,'string','searchable','','','','1',NULL,'2009-05-04 16:08:43'),(13,'string','disable_wysiwyg','','','','0',NULL,'2009-05-04 16:08:43'),(22,'string','content_en','','','','<p>With the Menu Manager you can easily split the navigation in two parts. On this page the top level in the page hierarchy is displayed horizontally and depending on what page is displayed a localized sub-menu is displayed vertically to the left. In this case the sub-menu to the left displays the sub-levels (children) to <strong>Default Templates Explained</strong>.</p>\r\n<h3>The {ldelim}menu} tag</h3>\r\n<p>The <code>{ldelim}menu}</code> tag is inserted twice in the page template. First where the main navigation is, which should only show the top level. It looks like this: <code>{ldelim}menu template=\'simple_navigation.tpl\' number_of_levels=\'1\'}</code>.</p>\r\n<p>The sub navigation should only contain the second level and down, depending on what is selected on the first level. Also, the third level links should only display when its parent on the second level is clicked, otherwise they are hidden. That is, the second level is collapsed unless the current page has sub pages.</p>\r\n<p>The tag for the sub navigation looks like this: <code>{ldelim}menu template=\'simple_navigation.tpl\' start_level=\'2\' collapse=\'1\'}</code>.</p>\r\n<h3>Attached style sheets for the menu</h3>\r\n<p>As the main navigation and the sub navigation need to be styled differently (one horizontal, the other vertical), two navigation style sheets are attached to this page template. <strong>Navigation: Simple - Horizontal</strong> is for styling the horizontal main menu. <strong>Navigation: Simple - Vertical</strong> on the other hand, contains the style for the sub navigation to the left.</p>\r\n<h3>Both using the same Menu Manager template</h3>\r\n<p>However, as you could see, both parts of the navigation are using the same menu manager template. That is because the output code is the same. It is only through CSS that the two parts get styled differently.</p>\r\n<h3>Floating the sidebar to the right</h3>\r\n<p>You can easily float the sidebar with the sub navigation to the right instead. Look in the <strong>Layout: Top menu + 2 columns</strong> style sheet for the <code>float:left;</code> property in the <code>div#sidebar</code> element. Change that to <code>float:right;</code> and the sidebar with the menu will instead be on the right side of the content, of course you will also have to adjust the margins for the sidebar and the div#main, basically just swap the left and right margins.</p>',NULL,'2009-05-06 21:11:31'),(22,'string','target','','','','',NULL,'2009-05-06 21:11:31'),(22,'string','pagedata','','','','',NULL,'2009-05-06 21:11:31'),(22,'string','extra1','','','','',NULL,'2009-05-06 21:11:31'),(22,'string','extra2','','','','',NULL,'2009-05-06 21:11:31'),(22,'string','extra3','','','','',NULL,'2009-05-06 21:11:31'),(22,'string','image','','','','-1',NULL,'2009-05-06 21:11:31'),(22,'string','thumbnail','','','','',NULL,'2009-05-06 21:11:31'),(22,'string','searchable','','','','1',NULL,'2009-05-06 21:11:31'),(22,'string','disable_wysiwyg','','','','0',NULL,'2009-05-06 21:11:31'),(24,'string','target','','','','',NULL,'2009-05-12 20:40:16'),(24,'string','pagedata','','','','',NULL,'2009-05-12 20:40:16'),(24,'string','extra1','','','','',NULL,'2009-05-12 20:40:16'),(24,'string','extra2','','','','',NULL,'2009-05-12 20:40:16'),(24,'string','extra3','','','','',NULL,'2009-05-12 20:40:16'),(24,'string','image','','','','-1',NULL,'2009-05-12 20:40:16'),(24,'string','thumbnail','','','','',NULL,'2009-05-12 20:40:16'),(24,'string','searchable','','','','1',NULL,'2009-05-12 20:40:16'),(24,'string','disable_wysiwyg','','','','0',NULL,'2009-05-12 20:40:16'),(39,'string','target','','','','',NULL,'2009-05-12 20:42:16'),(39,'string','pagedata','','','','',NULL,'2009-05-12 20:42:16'),(39,'string','extra1','','','','',NULL,'2009-05-12 20:42:16'),(39,'string','extra2','','','','',NULL,'2009-05-12 20:42:16'),(39,'string','extra3','','','','',NULL,'2009-05-12 20:42:16'),(39,'string','image','','','','-1',NULL,'2009-05-12 20:42:16'),(39,'string','thumbnail','','','','',NULL,'2009-05-12 20:42:16'),(39,'string','searchable','','','','1',NULL,'2009-05-12 20:42:16'),(39,'string','disable_wysiwyg','','','','0',NULL,'2009-05-12 20:42:16'),(40,'string','target','','','','',NULL,'2009-05-12 20:48:34'),(40,'string','pagedata','','','','',NULL,'2009-05-12 20:48:34'),(40,'string','extra1','','','','',NULL,'2009-05-12 20:48:34'),(40,'string','extra2','','','','',NULL,'2009-05-12 20:48:34'),(40,'string','extra3','','','','',NULL,'2009-05-12 20:48:34'),(40,'string','image','','','','-1',NULL,'2009-05-12 20:48:34'),(40,'string','thumbnail','','','','',NULL,'2009-05-12 20:48:34'),(40,'string','searchable','','','','1',NULL,'2009-05-12 20:48:34'),(40,'string','disable_wysiwyg','','','','0',NULL,'2009-05-12 20:48:34'),(41,'string','target','','','','',NULL,'2009-05-12 20:50:17'),(41,'string','pagedata','','','','',NULL,'2009-05-12 20:50:17'),(41,'string','extra1','','','','',NULL,'2009-05-12 20:50:17'),(41,'string','extra2','','','','',NULL,'2009-05-12 20:50:17'),(41,'string','extra3','','','','',NULL,'2009-05-12 20:50:17'),(41,'string','image','','','','-1',NULL,'2009-05-12 20:50:17'),(41,'string','thumbnail','','','','',NULL,'2009-05-12 20:50:17'),(41,'string','searchable','','','','1',NULL,'2009-05-12 20:50:17'),(41,'string','disable_wysiwyg','','','','0',NULL,'2009-05-12 20:50:17'),(42,'string','target','','','','',NULL,'2009-05-12 20:50:43'),(42,'string','pagedata','','','','',NULL,'2009-05-12 20:50:43'),(42,'string','extra1','','','','',NULL,'2009-05-12 20:50:43'),(42,'string','extra2','','','','',NULL,'2009-05-12 20:50:43'),(42,'string','extra3','','','','',NULL,'2009-05-12 20:50:43'),(42,'string','image','','','','-1',NULL,'2009-05-12 20:50:43'),(42,'string','thumbnail','','','','',NULL,'2009-05-12 20:50:43'),(42,'string','searchable','','','','1',NULL,'2009-05-12 20:50:43'),(42,'string','disable_wysiwyg','','','','0',NULL,'2009-05-12 20:50:43'),(50,'string','target','','','','',NULL,'2009-05-12 20:52:14'),(50,'string','pagedata','','','','',NULL,'2009-05-12 20:52:14'),(50,'string','extra1','','','','',NULL,'2009-05-12 20:52:14'),(50,'string','extra2','','','','',NULL,'2009-05-12 20:52:14'),(50,'string','extra3','','','','',NULL,'2009-05-12 20:52:14'),(50,'string','image','','','','-1',NULL,'2009-05-12 20:52:14'),(50,'string','thumbnail','','','','',NULL,'2009-05-12 20:52:14'),(50,'string','searchable','','','','1',NULL,'2009-05-12 20:52:14'),(50,'string','disable_wysiwyg','','','','0',NULL,'2009-05-12 20:52:14'),(50,'string','content_en','','','','<p>A client for the ModuleRepository, this module allows you to see what modules are available, the version number, size, and Status/Action (whether it is already installed or not), read the Help and About for each module, letting you install modules from remote sites without the need for FTP\'ing, or unzipping archives. Module XML files are downloaded using SOAP, integrity verified, and then expanded automatically.</p>\n<p>ModuleManager now checks dependencies. When dependencies are set, the module wont install until dependencies are met. Also a new tab is available, that shows newer versions of installed modules.</p>\n<p>In short, this means that you can download and install modules directly from the Admin Panel. Any module that has been released as an XML file can be downloaded and installed. Go to Extensions &raquo; Module Manager in the Admin Panel to see the list of modules from the official CMSMS repository in the CMSMS Development Forge.</p>',NULL,'2009-05-12 20:52:14'),(25,'string','content_en','','','','<p>There are a number of custom tags included with the default CMS Made Simple installation. They are all described and demonstrated in the following page, and user defined tags are in the next one.</p>\r\n<p>To use a tag, simply put it in the template or page like this: {ldelim}nameoftag}. Some tags can also take parameters, which are described in the Help that is accessible for each tag in Extensions &raquo; Tags in the Admin Panel.</p>',NULL,'2009-05-12 20:53:07'),(25,'string','target','','','','',NULL,'2009-05-12 20:53:07'),(25,'string','pagedata','','','','',NULL,'2009-05-12 20:53:07'),(25,'string','extra1','','','','',NULL,'2009-05-12 20:53:07'),(25,'string','extra2','','','','',NULL,'2009-05-12 20:53:07'),(25,'string','extra3','','','','',NULL,'2009-05-12 20:53:07'),(25,'string','image','','','','-1',NULL,'2009-05-12 20:53:07'),(25,'string','thumbnail','','','','',NULL,'2009-05-12 20:53:07'),(25,'string','searchable','','','','1',NULL,'2009-05-12 20:53:07'),(25,'string','disable_wysiwyg','','','','0',NULL,'2009-05-12 20:53:07'),(28,'string','extra2','','','','',NULL,'2009-05-12 20:58:46'),(28,'string','extra3','','','','',NULL,'2009-05-12 20:58:46'),(28,'string','image','','','','-1',NULL,'2009-05-12 20:58:46'),(28,'string','thumbnail','','','','',NULL,'2009-05-12 20:58:46'),(28,'string','searchable','','','','1',NULL,'2009-05-12 20:58:46'),(28,'string','disable_wysiwyg','','','','0',NULL,'2009-05-12 20:58:46'),(54,'string','extra2','','','','',NULL,'2009-05-08 22:20:56'),(54,'string','extra3','','','','',NULL,'2009-05-08 22:20:56'),(54,'string','image','','','','-1',NULL,'2009-05-08 22:20:56'),(54,'string','thumbnail','','','','',NULL,'2009-05-08 22:20:56'),(54,'string','searchable','','','','1',NULL,'2009-05-08 22:20:56'),(54,'string','disable_wysiwyg','','','','0',NULL,'2009-05-08 22:20:56'),(55,'string','extra1','','','','',NULL,'2009-05-09 14:04:30'),(55,'string','extra2','','','','',NULL,'2009-05-09 14:04:30'),(55,'string','extra3','','','','',NULL,'2009-05-09 14:04:30'),(55,'string','pagedata','','','','',NULL,'2009-05-09 14:04:30'),(55,'string','disable_wysiwyg','','','','0',NULL,'2009-05-09 14:04:30'),(55,'string','content_en','','','','<p>These are more complex then some of the other templates, especially the menus, they all 3 use the same menu template. Which shows you the power of CSS.</p>\n<p>Be forewarned, if you use IE6 you won\'t see the best effects in any of the shadow menus that you see using a more standards compliant browser. I mean it\'s still nice grant you but... just upgrade your browser if you can.</p>\n<h3>The Differences</h3>\n<p>Starting with NCleanBlue you get a really nice, subtle Tabbed menu, then it goes on to have a real nice drop down effect.</p>\n<p>You get a real nice 2.0 header and footer, great color scheme and the search is way cool, it\'s just a great theme, what can I say, thanks Nuno.</p>\n<p>Then the next 2 submenus have another version of the shadowed drop, the first step will point up for the top sub menu and to the right for the left sub menus.</p>\n<p>These 2 are the same layout as CSSMenu top + 2 columns and CSSMenu left + 1 column,  respectively, except for the menu template and some CSS.</p>\n<p>We hope you enjoy these, for any changes you want to make it\'s always best to copy the original style sheet for safe keeping, you never know when you may need it.</p>',NULL,'2009-05-09 14:04:30'),(38,'string','target','','','','',NULL,'2009-05-12 20:22:33'),(38,'string','image','','','','',NULL,'2009-05-12 20:22:33'),(38,'string','thumbnail','','','','',NULL,'2009-05-12 20:22:33'),(38,'string','extra1','','','','',NULL,'2009-05-12 20:22:33'),(38,'string','extra2','','','','',NULL,'2009-05-12 20:22:33'),(38,'string','extra3','','','','',NULL,'2009-05-12 20:22:33'),(38,'string','searchable','','','','',NULL,'2009-05-12 20:22:33'),(38,'string','pagedata','','','','',NULL,'2009-05-12 20:22:33'),(38,'string','disable_wysiwyg','','','','',NULL,'2009-05-12 20:22:33'),(47,'string','target','','','','',NULL,'2009-05-12 20:23:09'),(47,'string','image','','','','',NULL,'2009-05-12 20:23:09'),(47,'string','thumbnail','','','','',NULL,'2009-05-12 20:23:09'),(47,'string','extra1','','','','',NULL,'2009-05-12 20:23:09'),(47,'string','extra2','','','','',NULL,'2009-05-12 20:23:09'),(47,'string','extra3','','','','',NULL,'2009-05-12 20:23:09'),(47,'string','searchable','','','','',NULL,'2009-05-12 20:23:09'),(47,'string','pagedata','','','','',NULL,'2009-05-12 20:23:09'),(47,'string','disable_wysiwyg','','','','',NULL,'2009-05-12 20:23:09'),(43,'string','target','','','','',NULL,'2009-05-12 20:51:17'),(43,'string','image','','','','',NULL,'2009-05-12 20:51:17'),(43,'string','thumbnail','','','','',NULL,'2009-05-12 20:51:17'),(43,'string','extra1','','','','',NULL,'2009-05-12 20:51:17'),(43,'string','extra2','','','','',NULL,'2009-05-12 20:51:17'),(43,'string','extra3','','','','',NULL,'2009-05-12 20:51:17'),(43,'string','searchable','','','','',NULL,'2009-05-12 20:51:17'),(43,'string','pagedata','','','','',NULL,'2009-05-12 20:51:17'),(43,'string','disable_wysiwyg','','','','',NULL,'2009-05-12 20:51:17'),(15,'string','content_en','','','','<p>Congratulations! The installation worked. You now have a fully functional installation of CMS Made Simple and you are <em>almost</em> ready to start building your site.</p>\n<p>If you chose to install the default content, you will see numerous pages available to read.  You should read them thoroughly  as these default pages are devoted to showing you the basics of how to begin working with CMS Made Simple.  On these example pages, templates, and stylesheets many of the features of the default installation of CMS Made Simple are described and demonstrated. You can learn much about the power of CMS Made Simple by absorbing this information.</p>\n<p>To get to the Administration Console you have to login as the administrator (with the username/password you mentioned during the installation process) on your site at http://yourwebsite.com/cmsmspath/admin.  If this is your site click <a title=\"CMSMS Demo Admin Panel\" href=\"admin\">here</a> to login.</p>\n<p>Read about how to use CMS Made Simple in the {cms_selflink ext=\"http://wiki.cmsmadesimple.org/\" title=\"CMS Made Simple Documentation\" text=\"documentation\" target=\"_blank\"}. In case you need any help the community is always at your service, in the  {cms_selflink ext=\"http://forum.cmsmadesimple.org\" title=\"CMS Made Simple Forum\" text=\"forum\" target=\"_blank\"} or the {cms_selflink ext=\"http://www.cmsmadesimple.org/support/irc\" title=\"Information about the CMS Made Simple IRC channel\" text=\"IRC\" target=\"_blank\"}.</p>\n<h3>License</h3>\n<p>CMS Made Simple is released under the {cms_selflink ext=\"http://www.gnu.org/licenses/licenses.html#GPL\" title=\"General Public License\" text=\"GPL\" target=\"_blank\"} license and as such you don\'t have to leave a link back to us in these templates or on your site as much as we would like it.</p>\n<p> Some third party add-on modules may include additional license restrictions.</p>',NULL,'2009-05-13 10:12:18'),(56,'string','content_en',NULL,NULL,NULL,'<p>Simplex Theme has been created to demonstrate HTML5 and CSS3 functionality within CMS Made Simple&trade;.<br />It is shipped with a CSS Framework making it possible for you to create Responsive and Mobile capabale layouts with ease.</p>\r\n<h2>What is included?</h2>\r\n<p>With this Template you will find four Stylesheets attached to it.</p>\r\n<ul>\r\n<li>Simplex: Core</li>\r\n<li>Simplex: Layout</li>\r\n<li>Simplex: Mobile</li>\r\n<li>Simplex: Print</li>\r\n</ul>\r\n<p>Main Functionality of this Template is included in Core Stylesheet. It contains a simple Fluid Grid Framework based on {cms_selflink ext=\"http://960.gs/\" title=\"960 Grid System\" text=\"960 Grid System\" target=\"_blank\"}.<br />In this same Stylesheet CSS {cms_selflink ext=\"http://www.w3.org/TR/css3-mediaqueries/\" title=\"W3C Media Queries\" text=\"Media Queries\" target=\"_blank\"} are being used that make it possible for a flexible layout based on Screen width.<br /><br />With Simplex Theme it is very easy to quickly change appearance of complete Site at once. If you look at Page Template code you will find \"boxed\" id in the <code>&lt;body&gt;</code> tag.<br />When this id is removed the Layout of the Site is changed and you would face a simple layout with White background.<br />You can also quickly change allignement of the complete Site. If you change the class of \"wrapper\" div to leftaligned or rightaligned, whole Page will be aligned to left or right.</p>\r\n<h2>Support for Mobile Devices</h2>\r\n<p>As mentioned above this Theme is shipped with Stylesheet Framework that gives you a starting point for easy developement of Responsive Layout.<br />Mobile world is very versatile and Framework itself is by no means perfect, it is only a starting point but as a Developer you should decide which technique you should use for your current Project.<br />Responsive Template is only one small step towards Mobile support.</p>\r\n<p>This Theme requires {cms_selflink ext=\"http://jquery.org/\" title=\"jQuery\" text=\"jQuery\" target=\"_blank\"} which is included with <code>{ldelim}cms_jquery{rdelim}</code> tag.</p>\r\n<p><cite>Note: {ldelim}cms_jquery{rdelim} tag is included at the bottom of the Template. You should be carefull with it when you are using Modules that include jQuery in &lt;head&gt; section.</cite></p>\r\n<p>In file functions.js a section is included that makes it possible of Navigating through site with some Mobile Devices. This part of the code, covers only few devices and it is only meant as an example and a starting point for Developer.</p>\r\n<h2>This and that</h2>\r\n<p>As an example of {cms_selflink ext=\"http://www.smarty.net/\" title=\"Smarty\" text=\"Smarty\" target=\"_blank\"}power within CMS Made Simple&trade; Templates a very simple Slider has been included, which demonstartes how easy it is to quickly create a Slideshow without a single Module.</p>\r\n<pre><code>{ldelim}assign var=\'teaser\' value=\'uploads/simplex/teaser/*.jpg\'|glob{rdelim}<br />{ldelim}foreach from=$teaser item=\'one\'{rdelim}<br /> &lt;div&gt;&lt;img src=\'{ldelim}root_url{rdelim}/{ldelim}$one{rdelim}\' width=\'852\' height=\'275\' alt=\'\' /&gt;&lt;/div&gt;<br />{ldelim}/foreach{rdelim}<br /> {/strip}</code></pre>\r\n<p><cite>If you would like to make this Slider responsive you should include a additional jQuery Plugin like for example {cms_selflink ext=\'http://swipejs.com/\' target=\'_blank\' text=\'SwipeJS\' title=\'SwipeJS\'}</cite></p>\r\n<p>In included Stylesheets, Smarty has been used as well. This should make it possible for you, to quickly change Color scheme of the theme by simply changing HEX code within assign Tags.</p>\r\n<pre><code>\r\n[[assign var=\'boxed_bg\' value=\"#d1d1d1 url(`$path`/boxed-bg.gif)\"]]\r\n[[assign var=\'light_grey\' value=\'#f1f1f1\']]<br />[[assign var=\'grey\' value=\'#e9e9e9\']]<br />[[assign var=\'dark_grey\' value=\'#555\']]<br />[[assign var=\'white\' value=\'#fff\']]<br />[[assign var=\'orange\' value=\'#f39c2c\']]<br />[[assign var=\'dark_orange\' value=\'#e6870e\']]<br />[[assign var=\'yellow\' value=\'#fdbd34\']]</code></pre>\r\n<p>If you are using a modern Browser, you will notice that the Theme is using some of {cms_selflink ext=\'http://www.w3.org/TR/CSS/#css3\' title=\'CSS3\' text=\'CSS3\' target=\'_blank\'} techniques. There are no Internet Explorer fallbacks included but this doesn\'t mean that it does not work in Internet Explorer.<br />A Visitor that is using Internet Explorer will simply see a Layout with gracefull fallback, meaning animations will not animate, rounded corners will be edges...</p>\r\n<p><em>Note from Theme Develper Goran Ilic (uniqu3e):</em></p>\r\n<blockquote><cite>The Simplex Theme was kept simplistic which should make it possible for a Developer to easily read code used in Theme and either create a new Layout from it or editing this Theme.<br /><br />A full Internet Explorer or Mobile support was intentionally not included, as each Developer should decide how far a old Browser like Internet Explorer (7,8) or which Mobile devices he wants to support and which Technique he will use.<br />Each Project is different and with each Project there is a need for different techniques.</cite></blockquote>',NULL,'2012-05-17 18:57:00'),(56,'string','searchable',NULL,NULL,NULL,'1',NULL,'2012-05-17 18:57:00'),(56,'string','extra1',NULL,NULL,NULL,'',NULL,'2012-05-17 18:57:00'),(56,'string','extra2',NULL,NULL,NULL,'',NULL,'2012-05-17 18:57:00'),(56,'string','extra3',NULL,NULL,NULL,'',NULL,'2012-05-17 18:57:00'),(56,'string','pagedata',NULL,NULL,NULL,'',NULL,'2012-05-17 18:57:00'),(56,'string','disable_wysiwyg',NULL,NULL,NULL,'0',NULL,'2012-05-17 18:57:00'),(56,'string','image',NULL,NULL,NULL,'-1',NULL,'2012-05-17 18:57:00'),(56,'string','thumbnail',NULL,NULL,NULL,'-1',NULL,'2012-05-17 18:57:00'),(56,'string','target',NULL,NULL,NULL,'',NULL,'2012-05-17 18:57:00');
/*!40000 ALTER TABLE `cms_content_props` ENABLE KEYS */;
UNLOCK TABLES;

--
-- Table structure for table `cms_content_props_seq`
--

DROP TABLE IF EXISTS `cms_content_props_seq`;
/*!40101 SET @saved_cs_client     = @@character_set_client */;
/*!40101 SET character_set_client = utf8 */;
CREATE TABLE `cms_content_props_seq` (
  `id` int(11) NOT NULL
) ENGINE=MyISAM DEFAULT CHARSET=utf8;
/*!40101 SET character_set_client = @saved_cs_client */;

--
-- Dumping data for table `cms_content_props_seq`
--

LOCK TABLES `cms_content_props_seq` WRITE;
/*!40000 ALTER TABLE `cms_content_props_seq` DISABLE KEYS */;
INSERT INTO `cms_content_props_seq` VALUES (56);
/*!40000 ALTER TABLE `cms_content_props_seq` ENABLE KEYS */;
UNLOCK TABLES;

--
-- Table structure for table `cms_content_seq`
--

DROP TABLE IF EXISTS `cms_content_seq`;
/*!40101 SET @saved_cs_client     = @@character_set_client */;
/*!40101 SET character_set_client = utf8 */;
CREATE TABLE `cms_content_seq` (
  `id` int(11) NOT NULL
) ENGINE=MyISAM DEFAULT CHARSET=utf8;
/*!40101 SET character_set_client = @saved_cs_client */;

--
-- Dumping data for table `cms_content_seq`
--

LOCK TABLES `cms_content_seq` WRITE;
/*!40000 ALTER TABLE `cms_content_seq` DISABLE KEYS */;
INSERT INTO `cms_content_seq` VALUES (56);
/*!40000 ALTER TABLE `cms_content_seq` ENABLE KEYS */;
UNLOCK TABLES;

--
-- Table structure for table `cms_crossref`
--

DROP TABLE IF EXISTS `cms_crossref`;
/*!40101 SET @saved_cs_client     = @@character_set_client */;
/*!40101 SET character_set_client = utf8 */;
CREATE TABLE `cms_crossref` (
  `child_type` varchar(100) DEFAULT NULL,
  `child_id` int(11) DEFAULT NULL,
  `parent_type` varchar(100) DEFAULT NULL,
  `parent_id` int(11) DEFAULT NULL,
  `create_date` datetime DEFAULT NULL,
  `modified_date` datetime DEFAULT NULL,
  KEY `cms_index_crossref_by_child_type_child_id` (`child_type`,`child_id`),
  KEY `cms_index_crossref_by_parent_type_parent_id` (`parent_type`,`parent_id`)
) ENGINE=MyISAM DEFAULT CHARSET=utf8;
/*!40101 SET character_set_client = @saved_cs_client */;

--
-- Dumping data for table `cms_crossref`
--

LOCK TABLES `cms_crossref` WRITE;
/*!40000 ALTER TABLE `cms_crossref` DISABLE KEYS */;
INSERT INTO `cms_crossref` VALUES ('global_content',1,'template',15,'2009-05-10 16:57:24','2009-05-10 16:57:24'),('global_content',1,'template',16,'2009-05-09 17:04:30','2009-05-09 17:04:30'),('global_content',1,'template',20,'2009-05-09 23:57:31','2009-05-09 23:57:31'),('global_content',1,'template',18,'2009-05-09 17:19:20','2009-05-09 17:19:20'),('global_content',1,'template',17,'2009-05-09 21:20:18','2009-05-09 21:20:18'),('global_content',1,'template',21,'2009-05-10 16:59:13','2009-05-10 16:59:13'),('global_content',1,'template',22,'2009-05-11 02:01:23','2009-05-11 02:01:23');
/*!40000 ALTER TABLE `cms_crossref` ENABLE KEYS */;
UNLOCK TABLES;

--
-- Table structure for table `cms_css`
--

DROP TABLE IF EXISTS `cms_css`;
/*!40101 SET @saved_cs_client     = @@character_set_client */;
/*!40101 SET character_set_client = utf8 */;
CREATE TABLE `cms_css` (
  `css_id` int(11) NOT NULL,
  `css_name` varchar(255) DEFAULT NULL,
  `css_text` text,
  `media_type` varchar(255) DEFAULT NULL,
  `media_query` text,
  `create_date` datetime DEFAULT NULL,
  `modified_date` datetime DEFAULT NULL,
  PRIMARY KEY (`css_id`),
  KEY `cms_index_css_by_css_name` (`css_name`)
) ENGINE=MyISAM DEFAULT CHARSET=utf8;
/*!40101 SET character_set_client = @saved_cs_client */;

--
-- Dumping data for table `cms_css`
--

LOCK TABLES `cms_css` WRITE;
/*!40000 ALTER TABLE `cms_css` DISABLE KEYS */;
INSERT INTO `cms_css` VALUES (41,'Handheld','/*********************************************\r\nSample stylesheet for mobile and small screen handheld devices\r\n\r\nJust a simple layout suitable for smaller screens with less \r\nstyling cabapilities and minimal css\r\n\r\nNote: If you dont want to support mobile devices you can\r\nsafely remove this stylesheet.\r\n*********************************************/\r\n/* remove all padding and margins and set width to 100%. This should be default for handheld devices but its good to set these explicitly */\r\nbody {\r\nmargin:0;\r\npadding:0;\r\nwidth:100%;\r\n}\r\n\r\n/* hide accessibility noprint and definition */\r\n.accessibility,\r\n.noprint,\r\ndfn {\r\ndisplay:none;\r\n}\r\n\r\n/* dont want to download image for header so just set bg color */\r\ndiv#header,\r\ndiv#footer {\r\nbackground-color: #385C72;  \r\ncolor: #fff;\r\ntext-align:center;\r\n}\r\n\r\n/* text colors for header and footer */\r\ndiv#header a,\r\ndiv#footer a {\r\ncolor: #fff;\r\n}\r\n\r\n/* this doesnt look as nice, but takes less space */\r\ndiv#menu_vert ul li,\r\ndiv#menu_horiz ul li {\r\ndisplay:inline;\r\n}\r\n\r\n/* small border at the bottom to have some indicator */\r\ndiv#menu_vert ul,\r\ndiv#menu_horiz ul {\r\nborder-bottom:1px solid #fff;\r\n}\r\n\r\n/* save some space */\r\ndiv.breadcrumbs {\r\ndisplay:none;\r\n}','handheld','','2006-07-25 21:22:32','2006-07-25 21:22:32'),(30,'Print','/*\r\nSections that are hidden when printing the page. We only want the content printed.\r\n*/\r\n\r\n\r\nbody {\r\ncolor: #000 !important; /* we want everything in black */\r\nbackground-color:#fff !important; /* on white background */\r\nfont-family:arial; /* arial is nice to read ;) */\r\nborder:0 !important; /* no borders thanks */\r\n}\r\n\r\n/* This affects every tag */\r\n* {\r\nborder:0 !important; /* again no borders on printouts */\r\n}\r\n\r\n/* \r\nno need for accessibility on printout. \r\nMark all your elements in content you \r\ndont want to get printed with class=\"noprint\"\r\n*/\r\n.accessibility,\r\n.noprint\r\n {\r\ndisplay:none !important; \r\n}\r\n\r\n/* \r\nremove all width constraints from content area\r\n*/\r\ndiv#content,\r\ndiv#main {\r\ndisplay:block !important;\r\nwidth:100% !important;\r\nborder:0 !important;\r\npadding:1em !important;\r\n}\r\n\r\n/* hide everything else! */\r\ndiv#header,\r\ndiv#header h1 a,\r\ndiv.breadcrumbs,\r\ndiv#search,\r\ndiv#footer,\r\ndiv#menu_vert,\r\ndiv#news,\r\ndiv.right49,\r\ndiv.left49,\r\ndiv#sidebar  {\r\n   display: none !important;\r\n}\r\n\r\nimg {\r\nfloat:none; /* this makes images couse a pagebreak if it doesnt fit on the page */\r\n}','print','','2006-07-25 21:22:32','2006-07-25 21:22:32'),(31,'Accessibility and cross-browser tools','/* accessibility */\r\n/* menu links accesskeys */\r\nspan.accesskey {\r\n	text-decoration: none;\r\n}\r\n/* accessibility divs are hidden by default, text, screenreaders and such will show these */\r\n.accessibility, hr {\r\n/* position set so the rest can be set out side of visual browser viewport */\r\n	position: absolute;\r\n/* takes it out top side */\r\n	top: -999em;\r\n/* takes it out left side */\r\n	left: -999em;\r\n}\r\n/* definition tags are also hidden, these are also used for accessibility menu links */\r\ndfn {\r\n	position: absolute;\r\n	left: -1000px;\r\n	top: -1000px;\r\n	width: 0;\r\n	height: 0;\r\n	overflow: hidden;\r\n	display: inline;\r\n}\r\n/* end accessibility */\r\n/* wiki style external links */\r\n/* external links will have \"(external link)\" text added, lets hide it */\r\na.external span {\r\n	position: absolute;\r\n	left: -5000px;\r\n	width: 4000px;\r\n}\r\na.external {\r\n/* make some room for the image, css shorthand rules, read: first top padding 0 then right padding 12px then bottom then right */\r\n	padding: 0 12px 0 0;\r\n}\r\n/* colors for external links */\r\na.external:link {\r\n	color: #18507C;\r\n/* background image for the link to show wiki style arrow */\r\n	background: url([[root_url]]/uploads/NCleanBlue/external.gif) no-repeat 100% -100px;\r\n}\r\na.external:visited {\r\n	color: #18507C;\r\n/* a different color can be used for visited external links */\r\n/* Set the last 0 to -100px to use that part of the external.gif image for different color for active links external.gif is actually 300px tall, we can use different positions of the image to simulate rollover image changes.*/\r\n	background: url([[root_url]]/uploads/NCleanBlue/external.gif) no-repeat 100% -100px;\r\n}\r\na.external:hover {\r\n	color: #18507C;\r\n/* Set the last 0 to -200px to use that part of the external.gif image for different color on hover */\r\n	background: url([[root_url]]/uploads/NCleanBlue/external.gif) no-repeat 100% 0;\r\n	background-color: inherit;\r\n}\r\n/* end wiki style external links */\r\n/* clearing */\r\n/* clearfix is a hack for divs that hold floated elements. it will force the holding div to span all the way down to last floated item. We strongly recommend against using this as it is a hack and might not render correctly but it is included here for convenience. Do not edit if you dont know what you are doing*/\r\n.clearfix:after {\r\n	content: \".\";\r\n	display: block;\r\n	height: 0;\r\n	clear: both;\r\n	visibility: hidden;\r\n}\r\n.clear {\r\n	height: 0;\r\n	clear: both;\r\n	width: 90%;\r\n	visibility: hidden;\r\n}\r\n#main .clear {\r\n	height: 0;\r\n	clear: right;\r\n	width: 90%;\r\n	visibility: hidden;\r\n}\r\n* html>body .clearfix {\r\n	display: inline-block;\r\n	width: 100%;\r\n}\r\n* html .clear {\r\n/* Hides from IE-mac \\*/\r\n	height: 1%;\r\n	clear: right;\r\n	width: 90%;\r\n/* End hide from IE-mac */\r\n}\r\n/* end clearing */','screen','','2006-07-25 21:22:32','2009-05-13 10:42:54'),(32,'Layout: Left sidebar + 1 column','/* browsers interpret margin and padding a little differently, we\'ll remove all default padding and margins and set them later on */\r\n* {\r\n	margin: 0;\r\n	padding: 0;\r\n}\r\n/*Set initial font styles*/\r\nbody {\r\n	text-align: left;\r\n	font-family: Verdana, Geneva, Arial, Helvetica, sans-serif;\r\n	font-size: 75.01%;\r\n	line-height: 1em;\r\n}\r\n/*set font size for all divs, this overrides some body rules*/\r\ndiv {\r\n	font-size: 1em;\r\n}\r\n/*if img is inside \"a\" it would have borders, we don\'t want that*/\r\nimg {\r\n	border: 0;\r\n}\r\n/*default link styles*/\r\na, a:link a:active {\r\n/* set all links to have underline */\r\n	text-decoration: underline;\r\n/* css validation will give a warning if color is set without background color. this will explicitly tell this element to inherit bg colour from parent element */\r\n	background-color: inherit;\r\n/* this is a bluish color, you change this for all default link colors */\r\n	color: #18507C;\r\n}\r\na:visited {\r\n/* keeps the underline */\r\n	text-decoration: underline;\r\n	background-color: inherit;\r\n/* a different color is used for visited links */\r\n	color: #18507C;\r\n}\r\na:hover {\r\n/* remove underline on hover */\r\n	text-decoration: none;\r\n	background-color: inherit;\r\n/* using a different color makes the hover obvious */\r\n	color: #385C72;\r\n}\r\n/*****************basic layout *****************/\r\nbody {\r\n	margin: 0;\r\n	padding: 0;\r\n/* default text color for entire site*/\r\n	color: #333;\r\n/* you can set your own image and background color here */\r\n	background: #f4f4f4 url([[root_url]]/uploads/ngrey/body.png) repeat-x left top;\r\n}\r\ndiv#pagewrapper {\r\n/* min max width, IE wont understand these, so we will use java script magic in the <head> */\r\n	max-width: 99em;\r\n	min-width: 60em;\r\n/* now that width is set this centers wrapper */\r\n	margin: 0 auto;\r\n	background-color: #fefefe;\r\n	color: black;\r\n}\r\n/* header, we will hide h1 a text and replace it with an image, we assign a height for it so the image wont cut off */\r\ndiv#header {\r\n/* adjust according your image size */\r\n	height: 100px;\r\n	margin: 0;\r\n	padding: 0;\r\n/* you can set your own image here, will go behind h1 a image */\r\n	background: #f4f4f4 url([[root_url]]/uploads/ngrey/bg_banner.png) repeat-x left top;\r\n/* border just the bottom */\r\n	border-bottom: 1px solid #D9E2E6;\r\n}\r\ndiv#header h1 a {\r\n/* you can set your own image here */\r\n	background: url([[root_url]]/uploads/ngrey/logoCMS.png) no-repeat left top;\r\n/* this will make the \"a\" link a solid shape */\r\n	display: block;\r\n/* adjust according your image size */\r\n	height: 100px;\r\n/* this hides the text */\r\n	text-indent: -999em;\r\n/* old firefox would have shown underline for the link, this explicitly hides it */\r\n	text-decoration: none;\r\n}\r\ndiv#header h1 {\r\n	margin: 0;\r\n	padding: 0;\r\n/*these keep IE6 from pushing the header to more than the set size*/\r\n	line-height: 0;\r\n	font-size: 0;\r\n/* this will keep IE6 from flickering on hover */\r\n	background: url([[root_url]]/uploads/ngrey/logoCMS.png) no-repeat left top;\r\n}\r\ndiv#header h2 {\r\n/* this is where the site name is */\r\n	float: right;\r\n	line-height: 1.2em;\r\n/* this keeps IE6 from not showing the whole text */\r\n	font-size: 1.5em;\r\n/* keeps the size uniform */\r\n	margin: 35px 65px 0px 0px;\r\n/* adjust according your text size */\r\n	color: #f4f4f4;\r\n}\r\ndiv.crbk {\r\n/* sets all to 0 */\r\n	margin: 0;\r\n	padding: 0;\r\n/* you can set your own image here */\r\n	background: url([[root_url]]/uploads/ngrey/mainrtup.gif) no-repeat right bottom;\r\n}\r\ndiv.breadcrumbs {\r\n/* CSS short hand rule first value is top then right, bottom and left */\r\n	padding: 1em 0em 1em 1em;\r\n/* its good to set font sizes to be relative, this way viewer can change his/her font size */\r\n	font-size: 90%;\r\n/* css shorthand rule will be opened to be \"0px 0px 0px 0px\" */\r\n	margin: 0px;\r\n/* you can set your own image here */\r\n	background: url([[root_url]]/uploads/ngrey/mainleftup.gif) no-repeat left bottom;\r\n}\r\ndiv.breadcrumbs span.lastitem {\r\n	font-weight: bold;\r\n}\r\ndiv#search {\r\n/* position for the search box */\r\n	float: right;\r\n/* enough width for the search input box */\r\n	width: 27em;\r\n	text-align: right;\r\n	padding: 0.5em 0 0.2em 0;\r\n	margin: 0 1em;\r\n}\r\n/* a class for Submit button for the search input box */\r\ninput.search-button {\r\n	border: none;\r\n	height: 22px;\r\n	width: 53px;\r\n	margin-left: 5px;\r\n	padding: 0px 2px 2px 0px;\r\n/* makes the hover cursor show, you can set your own cursor here */\r\n	cursor: pointer;\r\n/* you can set your own image here */\r\n	background: url([[root_url]]/uploads/ngrey/search.gif) no-repeat center center;\r\n}\r\ndiv#content {\r\n/* some air above and under menu and content */\r\n	margin: 1.5em auto 2em 0;\r\n	padding: 0px;\r\n}\r\n/* this gets all the outside calls that were used on the div#main before  */\r\ndiv.back1 {\r\n/* this will give room for sidebar to be on the left side, make sure this number is bigger than sidebar width */\r\n	margin-left: 29%;\r\n/* and some air on the right */\r\n	margin-right: 2%;\r\n/* you can set your own image here */\r\n	background: url([[root_url]]/uploads/ngrey/mainrt1.gif) no-repeat right top;\r\n}\r\n/* this is an IE6 hack, you may see these through out the CSS */\r\n* html div.back1 {\r\n/* unlike other browser IE6 needs float:right and a width */\r\n	float: right;\r\n	width: 69%;\r\n/* and we take this out or it will stop at the bottom  */\r\n	margin-left: 0%;\r\n/* and some air on the right */\r\n	margin-right: 10px;\r\n/* you can set your own image here */\r\n	background: url([[root_url]]/uploads/ngrey/mainrt1.gif) no-repeat right top;\r\n}\r\ndiv.back2 {\r\n/* you can set your own image here */\r\n	background: url([[root_url]]/uploads/ngrey/mainleft1.gif) no-repeat left top;\r\n}\r\ndiv.back3 {\r\n/* you can set your own image here */\r\n	background: url([[root_url]]/uploads/ngrey/wbtmleft.gif) no-repeat left bottom;\r\n}\r\ndiv#main {\r\n/* this is the last inside div so we set the space inside it to keep all content away from the edges of images/box */\r\n	padding: 10px 15px;\r\n/* you can set your own image here */\r\n	background: url([[root_url]]/uploads/ngrey/rtup.gif) no-repeat right bottom;\r\n}\r\ndiv.back #main {\r\n/* this is the last inside div so we set the space inside it to keep all content away from the edges of images/box */\r\n	padding: 10px 30px 1px 15px;\r\n/* you can set your own image here */\r\n	background: url([[root_url]]/uploads/ngrey/wbtmleft.gif) no-repeat left bottom;\r\n}\r\ndiv.back {\r\n/* this will give room for sidebar to be on the left side, make sure this space is bigger than sidebar width */\r\n	margin-left: 29%;\r\n/* you can set your own image here */\r\n	background: url([[root_url]]/uploads/ngrey/wtopleft.gif) no-repeat left top;\r\n}\r\ndiv#sidebar {\r\n/* set sidebar left. Change to right, float: right; instead, but you will need to change the margins. */\r\n	float: left;\r\n/* sidebar width, if you change this change div.back and/or div.back1 margins */\r\n	width: 26%;\r\n/* FIX IE double margin bug */\r\n	display: inline;\r\n/* the 20px is on the bottom, insures space above footer if longer than content */\r\n	margin: 0px 0px 20px;\r\n	padding: 0px;\r\n/* you can set your own image here */\r\n	background: url([[root_url]]/uploads/ngrey/mainrt1.gif) no-repeat right top;\r\n}\r\ndiv#sidebara {\r\n	padding: 13px 15px 3px 0px;\r\n/* you can set your own image here */\r\n	background: url([[root_url]]/uploads/ngrey/mainrtup.gif) no-repeat right bottom;\r\n}\r\ndiv#sidebarb {\r\n	padding: 10px 10px 1px 0px;\r\n/* you can set your own image here */\r\n	background: url([[root_url]]/uploads/ngrey/mainrtup.gif) no-repeat right bottom;\r\n}\r\ndiv.footback {\r\n/* keep footer below content and menu */\r\n	clear: both;\r\n/* this sets 10px on right to let the right image show, the balance 10px left on next div */\r\n	padding: 0px 10px 0px 0px;\r\n/* you can set your own image here */\r\n	background: url([[root_url]]/uploads/ngrey/wfootrt.gif) no-repeat right top;\r\n}\r\ndiv#footer {\r\n/* this sets 10px on left to balance 10px right on last div */\r\n	padding: 0px 0px 0px 10px;\r\n/* color of text, the link color is set below */\r\n	color: #595959;\r\n/* you can set your own image here */\r\n	background: url([[root_url]]/uploads/ngrey/wtopleft.gif) no-repeat left top;\r\n}\r\ndiv.leftfoot {\r\n	float: left;\r\n	width: 30%;\r\n	margin-left: 20px\r\n}\r\ndiv#footer p {\r\n/* sets different font size from default */\r\n	font-size: 0.8em;\r\n/* some air for footer */\r\n	padding: 1.5em;\r\n/* centered text */\r\n	text-align: center;\r\n	margin: 0;\r\n}\r\ndiv#footer p a {\r\n/* footer link would be same color as default we want it same as footer text */\r\n	color: #595959;\r\n}\r\n/* as we hid all hr for accessibility we create new hr with div class=\"hr\" element */\r\ndiv.hr {\r\n	height: 1px;\r\n	padding: 1em;\r\n	border-bottom: 1px dotted black;\r\n	margin: 1em;\r\n}\r\n/* relational links under content */\r\ndiv.left49 {\r\n/* combined percentages of left+right equaling 100%  might lead to rounding error on some browser */\r\n	width: 70%;\r\n}\r\ndiv.right49 {\r\n	float: right;\r\n	width: 29%;\r\n/* set right to keep text on right */\r\n	text-align: right;\r\n}\r\n/********************CONTENT STYLING*********************/\r\n/* HEADINGS */\r\ndiv#content h1 {\r\n/* font size for h1 */\r\n	font-size: 2em;\r\n	line-height: 1em;\r\n	margin: 0;\r\n}\r\ndiv#content h2 {\r\n	color: #294B5F;\r\n/* font size for h2 the higher the h number the smaller the font size, most times */\r\n	font-size: 1.5em;\r\n	text-align: left;\r\n/* some air around the text */\r\n	padding-left: 0.5em;\r\n	padding-bottom: 1px;\r\n/* set borders around header */\r\n	border-bottom: 1px solid #899092;\r\n	border-left: 1.1em solid #899092;\r\n/* a larder than h1 line height */\r\n	line-height: 1.5em;\r\n/* and some air under the border */\r\n	margin: 0 0 0.5em 0;\r\n}\r\ndiv#content h3 {\r\n	color: #294B5F;\r\n	font-size: 1.3em;\r\n	line-height: 1.3em;\r\n	margin: 0 0 0.5em 0;\r\n}\r\ndiv#content h4 {\r\n	color: #294B5F;\r\n	font-size: 1.2em;\r\n	line-height: 1.3em;\r\n	margin: 0 0 0.25em 0;\r\n}\r\ndiv#content h5 {\r\n	color: #294B5F;\r\n	font-size: 1.1em;\r\n	line-height: 1.3em;\r\n	margin: 0 0 0.25em 0;\r\n}\r\nh6 {\r\n	color: #294B5F;\r\n	font-size: 1em;\r\n	line-height: 1.3em;\r\n	margin: 0 0 0.25em 0;\r\n}\r\n/* END HEADINGS */\r\n/* TEXT */\r\np {\r\n/* default p font size, this is set different in some other divs */\r\n	font-size: 1em;\r\n/* some air around p elements */\r\n	margin: 0 0 1.5em 0;\r\n	line-height: 1.4em;\r\n	padding: 0;\r\n}\r\nblockquote {\r\n	border-left: 10px solid #ddd;\r\n	margin-left: 10px;\r\n}\r\nstrong, b {\r\n/* explicit setting for these */\r\n	font-weight: bold;\r\n}\r\nem, i {\r\n/* explicit setting for these */\r\n	font-style: italic;\r\n}\r\n/* Wrapping text in <code> tags. Makes CSS not validate */\r\ncode, pre {\r\n/* css-3 */\r\n	white-space: pre-wrap;\r\n/* Mozilla, since 1999 */\r\n	white-space: -moz-pre-wrap;\r\n/* Opera 4-6 */\r\n	white-space: -pre-wrap;\r\n/* Opera 7 */\r\n	white-space: -o-pre-wrap;\r\n/* Internet Explorer 5.5+ */\r\n	word-wrap: break-word;\r\n	font-family: \"Courier New\", Courier, monospace;\r\n	font-size: 1em;\r\n}\r\npre {\r\n/* black border for pre blocks */\r\n	border: 1px solid #000;\r\n/* set different from surroundings to stand out */\r\n	background-color: #ddd;\r\n	margin: 0 1em 1em 1em;\r\n	padding: 0.5em;\r\n	line-height: 1.5em;\r\n	font-size: 90%;\r\n}\r\n/* Separating the divs on the template explanation page */\r\ndiv.templatecode {\r\n	margin: 0 0 2.5em;\r\n}\r\n/* END TEXT */\r\n/* LISTS */\r\n/* lists in content need some margins to look nice */\r\ndiv#main ul,\r\ndiv#main ol,\r\ndiv#main dl {\r\n	font-size: 1.0em;\r\n	line-height: 1.4em;\r\n	margin: 0 0 1.5em 0;\r\n}\r\ndiv#main ul li,\r\ndiv#main ol li {\r\n	margin: 0 0 0.25em 3em;\r\n}\r\n/* definition lists topics on bold */\r\ndiv#main dl {\r\n	margin-bottom: 2em;\r\n	padding-bottom: 1em;\r\n	border-bottom: 1px solid #c0c0c0;\r\n}\r\ndiv#main dl dt {\r\n	font-weight: bold;\r\n	margin: 0 0 0 1em;\r\n}\r\ndiv#main dl dd {\r\n	margin: 0 0 1em 1em;\r\n}\r\n/* END LISTS */','screen','','2006-07-25 21:22:32','2009-05-10 14:06:00'),(33,'Navigation: CSSMenu - Vertical','/* Vertical menu for the CMS CSS Menu Module */\r\n/* by Alexander Endresen and mark and Nuno */\r\n/* The wrapper determines the width of the menu elements */\r\n#menuwrapper {\r\n/* just smaller than it\'s containing div */\r\n	width: 95%;\r\n	margin-left: 0px;\r\n/* room at bottom */\r\n	margin-bottom: 10px;\r\n}\r\n/* Unless you know what you do, do not touch this */\r\n#primary-nav, #primary-nav ul {\r\n/* remove any default bullets */\r\n	list-style: none;\r\n	margin: 0px;\r\n	padding: 0px;\r\n/* make sure it fills out */\r\n	width: 100%;\r\n/* just a little bump */\r\n	margin-left: 1px;\r\n}\r\n#primary-nav ul {\r\n/* make the ul stay in place so when we hover it lets the drops go over the content below else it will push everything below out of the way */\r\n	position: absolute;\r\n/* just a little bump down for second level ul */\r\n	top: 5px;\r\n/* keeps the left side of this ul on the right side of the one it came out of */\r\n	left: 100%;\r\n/* keeps it hidden till hover event */\r\n	display: none;\r\n}\r\n#primary-nav ul ul {\r\n/* no bump down for third level ul */\r\n	top: 0px;\r\n}\r\n#primary-nav li {\r\n/* negative bottom margin pulls them together, images look like one border between */\r\n	margin-bottom: -1px;\r\n/* keeps within it\'s container */\r\n	position: relative;\r\n/* bottom padding pushes \"a\" up enough to show our image */\r\n	padding: 0px 0px 4px 0px;\r\n/* you can set your own image here */\r\n	background: url([[root_url]]/uploads/ngrey/liup.gif) no-repeat right bottom;\r\n}\r\n#primary-nav li li {\r\n/* you can set your width here, if no width or set auto it will only be as wide as the text in it  */\r\n	width: 220px;\r\n	padding: 0px;\r\n/* removes first level li image */\r\n	background-image: none;\r\n}\r\n/* Styling the basic apperance of the menu \"a\" elements */\r\nul#primary-nav li a {\r\n/* specific font size, this could be larger or smaller than default font size */\r\n	font-size: 1em;\r\n/* make sure we keep the font normal */\r\n	font-weight: normal;\r\n/* set default link colors */\r\n	color: #595959;\r\n/* pushes li out from the text, sort of like making links a certain size, if you give them a set width and/or height you may limit you ability to have as much text as you need */\r\n	padding: 0.8em 0.5em 0.5em 0.5em;\r\n/* makes it hold a shape */\r\n	display: block;\r\n/* removes underline from default link setting */\r\n	text-decoration: none;\r\n/* you can set your own image here this is tall enough to cover text heavy links */\r\n	background: url([[root_url]]/uploads/ngrey/libk.gif) no-repeat right top;\r\n}\r\nul#primary-nav a span {\r\n/* makes it hold a shape */\r\n	display: block;\r\n/* pushes text to right */\r\n	padding-left: 1.5em;\r\n}\r\nul#primary-nav li a:hover {\r\n/* stops image flicker in some browsers */\r\n	background: url([[root_url]]/uploads/ngrey/libk.gif) no-repeat right top;\r\n/* changes text color on hover */\r\n	color: #899092;\r\n}\r\nul#primary-nav li li a:hover {\r\n/* you can set your own image here, second level \"a\" */\r\n	background:  url([[root_url]]/uploads/ngrey/darknav.png) repeat-x left center;\r\n/* contrast color to image behind it */\r\n	color: #FFF;\r\n}\r\nul#primary-nav li a.menuactive {\r\n/* black and bold to set it off from non active */\r\n	color: #000;\r\n	font-weight: bold;\r\n}\r\nul#primary-nav li li a.menuactive {\r\n/* contrast color to image behind it, set below */\r\n	color: #FFF;\r\n/* not bold as text color and image behind it set it off from non active */\r\n	font-weight: normal;\r\n}\r\nul#primary-nav li ul a {\r\n/* insures alignment */\r\n	text-align: left;\r\n	margin: 0px;\r\n/* relative to it\'s container */\r\n	position: relative;\r\n/* more padding to left than default */\r\n	padding: 6px 3px 6px 15px;\r\n	font-weight: normal;\r\n/* darker than first level \"a\" */\r\n	color: #000;\r\n/* removes any borders that may have been set in first level */\r\n	border-top: 0 none;\r\n	border-right: 0 none;\r\n	border-left: 0 none;\r\n/* removes image set in first level \"a\" */\r\n	background: none;\r\n}\r\nul#primary-nav li ul {\r\n/* very lite grey color, by now you should know what the rest mean */\r\n	background: #F3F5F5;\r\n	margin: 0px;\r\n	padding: 0px;\r\n	position: absolute;\r\n	width: auto;\r\n	height: auto;\r\n	display: none;\r\n	position: absolute;\r\n	z-index: 999;\r\n	border-top: 1px solid #FFFFFF;\r\n	border-bottom: 1px solid #374B51;\r\n	/*Info: The opacity property is  CSS3, however, will be valid just in CSS 3.1) http://jigsaw.w3.org/css-validator2) More Options chose CSS3 3) is full validate;)*/\r\n	opacity: 0.95;\r\n/* CSS 3 */\r\n}\r\n/* Fixes IE7 bug */\r\n#primary-nav li, #primary-nav li.menuparent {\r\n	min-height: 1em;\r\n}\r\n/* Styling the basic apperance of the second level active page elements (shows what page in the menu is being displayed) */\r\n#primary-nav li li.menuactive, #primary-nav li.menuactive.menuparenth li.menuactive {\r\n/* set your image here, dark grey image with white text set above*/\r\n	background:  url([[root_url]]/uploads/ngrey/darknav.png) repeat-x left center;\r\n}\r\n#primary-nav li.menuparent span {\r\n/* padding on left for image */\r\n	padding-left: 1.5em;\r\n/* down arrow to note it has children, left side of text */\r\n	background: url([[root_url]]/uploads/ngrey/active.png) no-repeat left center;\r\n}\r\n#primary-nav li.menuparent:hover li.menuparent span {\r\n/* remove left padding as image is on right side of text */\r\n	padding-left: 0;\r\n/* right arrow to note it has children, right side of text */\r\n	background: url([[root_url]]/uploads/ngrey/parent.png) no-repeat right center;\r\n}\r\n#primary-nav li.menuparenth li.menuparent span,\r\n#primary-nav li.menuparenth li.menuparenth span {\r\n/* same as above but this is for IE6, gif image as it can\'t handle transparent png */\r\n	padding-left: 0;\r\n	background: url([[root_url]]/uploads/ngrey/parent.gif) no-repeat right center;\r\n}\r\n#primary-nav li.menuparenth span,\r\n#primary-nav li.menuparent:hover span,\r\n#primary-nav li.menuparent.menuactive span,\r\n#primary-nav li.menuparent.menuactiveh span, {\r\n/* right arrow to note hover */\r\n	background: url([[root_url]]/uploads/ngrey/parent.png) no-repeat left center;\r\n}\r\n#primary-nav li li span,\r\n#primary-nav li.menuparent li span,\r\n#primary-nav li.menuparent:hover li span,\r\n#primary-nav li.menuparenth li span,\r\n#primary-nav li.menuparenth li.menuparenth li span,\r\n#primary-nav li.menuparent li.menuparent li span,\r\n#primary-nav li.menuparent li.menuparent:hover li span  {\r\n/* removes any images set above unless it\'s a parent or active parent */\r\n	background:  none;\r\n/* removes padding that is used for arrows */\r\n	padding-left: 0px;\r\n}\r\n/* IE6 flicker fix */\r\n#primary-nav li.menuh,\r\n#primary-nav li.mnuparenth,\r\n#primary-nav li.mnuactiveh {\r\n	background: url([[root_url]]/uploads/ngrey/libk.gif) no-repeat right top;\r\n	color: #899092;\r\n}\r\n#primary-nav li:hover li a {\r\n/* removes any images set above unless it\'s a parent or active parent */\r\n	background:  none;\r\n	color: #000;\r\n}\r\n/* The magic - set to work for up to a 3 level menu, but can be increased unlimited, for fourth level add\r\n#primary-nav li:hover ul ul ul,\r\n#primary-nav li.menuparenth ul ul ul,\r\n*/\r\n#primary-nav ul,\r\n#primary-nav li:hover ul,\r\n#primary-nav li:hover ul ul,\r\n#primary-nav li.menuparenth ul,\r\n#primary-nav li.menuparenth ul ul {\r\n	display: none;\r\n}\r\n/* for fourth level add\r\n#primary-nav ul ul ul li:hover ul,\r\n#primary-nav ul ul ul li.menuparenth ul,\r\n*/\r\n#primary-nav li:hover ul,\r\n#primary-nav ul li:hover ul,\r\n#primary-nav ul ul li:hover ul,\r\n#primary-nav li.menuparenth ul,\r\n#primary-nav ul li.menuparenth ul,\r\n#primary-nav ul ul li.menuparenth ul {\r\n	display: block;\r\n}\r\n/* IE Hack, will cause the css to not validate */\r\n#primary-nav li,\r\n#primary-nav li.menuparenth {\r\n	_float: left;\r\n	_height: 1%;\r\n}\r\n#primary-nav li a {\r\n	_height: 1%;\r\n}\r\n/* BIG NOTE: I didn\'t do anything to these 2, never tested */\r\n#primary-nav li.sectionheader {\r\n	border-left: 1px solid #006699;\r\n	border-top: 1px solid #006699;\r\n	font-size: 130%;\r\n	font-weight: bold;\r\n	padding: 1.5em 0 0.8em 0.5em;\r\n	background-color: #fff;\r\n	margin: 0;\r\n	width: 100%;\r\n}\r\n/* separator */\r\n#primary-nav li hr.separator {\r\n	display: block;\r\n	height: 0.5em;\r\n	color: #abb0b6;\r\n	background-color: #abb0b6;\r\n	width: 100%;\r\n	border: 0;\r\n	margin: 0;\r\n	padding: 0;\r\n	border-top: 1px solid #006699;\r\n	border-right: 1px solid #006699;\r\n}','screen','','2006-07-25 21:22:32','2009-05-10 20:20:30'),(34,'Navigation: CSSMenu - Horizontal','/* by Alexander Endresen and mark and Nuno */\r\n#menu_vert {\r\n/* no margin/padding so it fills the whole div */\r\n	margin: 0;\r\n	padding: 0;\r\n}\r\n.clearb {\r\n/* needed for some browsers */\r\n	clear: both;\r\n}\r\n#menuwrapper {\r\n/* set the background color for the menu here */\r\n	background-color: #243135;\r\n/* IE6 Hack */\r\n	height: 1%;\r\n	width: auto;\r\n/* one border at the top */\r\n	border-top: 1px solid #3F565C;\r\n	margin: 0;\r\n	padding: 0;\r\n}\r\nul#primary-nav, ul#primary-nav ul {\r\n/* remove any default bullets */\r\n	list-style-type: none;\r\n	margin: 0;\r\n	padding: 0;\r\n}\r\nul#primary-nav {\r\n/* pushes the menu div up to give room above for background color to show */\r\n	padding-top: 10px;\r\n/* keeps the first menu item off the left side */\r\n	padding-left: 10px;\r\n}\r\nul#primary-nav ul {\r\n/* make the ul stay in place so when we hover it lets the drops go over the content below else it will push everything below out of the way */\r\n	position: absolute;\r\n/* top being the bottom of the li it comes out of */\r\n	top: auto;\r\n/* keeps it hidden till hover event */\r\n	display: none;\r\n/* same size but different color for each border */\r\n	border-top: 1px solid #C8D3D7;\r\n	border-right: 1px solid #C8D3D7;\r\n	border-bottom: 1px solid #ADC0C7;\r\n	border-left: 1px solid #A5B9C0;\r\n}\r\nul#primary-nav ul ul {\r\n/* now we move the next level ul down from the top a little for distinction */\r\n	margin-top: 1px;\r\n/* pull it in on the left, helps us not lose the hover effect when going to next level */\r\n	margin-left: -1px;\r\n/* keeps the left side of this ul on the right side of the one it came out of */\r\n	left: 100%;\r\n/* sets the top of it inline with the li it came out of */\r\n	top: 0px;\r\n}\r\nul#primary-nav li {\r\n/* floating left will set menu items to line up left to right else they will stack top to bottom */\r\n	float: left;\r\n/* no margin/padding keeps them next to each other, the padding will be in the \"a\" */\r\n	margin: 0px;\r\n	padding: 0px;\r\n}\r\n#primary-nav li li {\r\n/* Set the width of the menu elements at second level. Leaving first level flexible. */\r\n	width: 220px;\r\n/* removes any left margin it may have picked up from the first li */\r\n	margin-left: 0px;\r\n/* keeps them tight to the one above, no missed hovers */\r\n	margin-top: -1px;\r\n/* removes the left float set in first li so these will stack from top down */\r\n	float: none;\r\n/* relative to the ul they are in */\r\n	position: relative;\r\n}\r\n/* set the \"a\" link look here */\r\nul#primary-nav li a {\r\n/* specific font size, this could be larger or smaller than default font size */\r\n	font-size: 1em;\r\n/* make sure we keep the font normal */\r\n	font-weight: normal;\r\n/* set default link colors */\r\n	color: #fff;\r\n/* pushes out from the text, sort of like making links a certain size, if you give them a set width and/or height you may limit you ability to have as much text as you need */\r\n	padding: 12px 15px 15px;\r\n	display: block;\r\n/* sets no underline on links */\r\n	text-decoration: none;\r\n}\r\nul#primary-nav li a:hover {\r\n/* kind of obvious */\r\n	background-color: transparent;\r\n}\r\nul#primary-nav li li a:hover {\r\n/* this is set to #000, black, below so hover will be white text */\r\n	color: #FFF;\r\n}\r\nul#primary-nav li a.menuactive {\r\n	color: #000;\r\n/* bold to set it off from non active */\r\n	font-weight: bold;\r\n/* set your image here */\r\n	background:  url([[root_url]]/uploads/ngrey/nav.png) repeat-x left 0px;\r\n}\r\nul#primary-nav li a.menuactive:hover {\r\n	color: #000;\r\n/* keep it the same */\r\n	font-weight: bold;\r\n}\r\n#primary-nav li li a.menuparent span {\r\n/* makes it hold a shape */\r\n	display: block;\r\n/* set your image here, right arrow, 98% over from the left, 100% or \'right\' puts it to far */\r\n	background:  url([[root_url]]/uploads/ngrey/parent.png) no-repeat 98% center;\r\n}\r\n/* gif for IE6, as it can\'t handle transparent png */\r\n* html #primary-nav li li a.menuparent span {\r\n/* set your image here, right arrow, 98% over from the left, 100% or \'right\' puts it to far */\r\n	background:  url([[root_url]]/uploads/ngrey/parent.gif) no-repeat 98% center;\r\n}\r\nul#primary-nav li ul a {\r\n/* insures alignment */\r\n	text-align: left;\r\n	margin: 0px;\r\n/* keeps it relative to it\'s container */\r\n	position: relative;\r\n/* less padding than first level no need for large links here */\r\n	padding: 6px 3px 6px 15px;\r\n/* if first level is set to bold this will reset this level */\r\n	font-weight: normal;\r\n/* first level is #FFF/white, we need black to contrast with light background */\r\n	color: #000;\r\n	border-top: 0 none;\r\n	border-right: 0 none;\r\n	border-left: 0 none;\r\n}\r\nul#primary-nav li ul {\r\n/* very lite grey color, by now you should know what the rest mean */\r\n	background: #F3F5F5;\r\n	margin: 0px;\r\n	padding: 0px;\r\n	position: absolute;\r\n	width: auto;\r\n	height: auto;\r\n	display: none;\r\n	position: absolute;\r\n	z-index: 999;\r\n	border-top: 1px solid #FFFFFF;\r\n	border-bottom: 1px solid #374B51;\r\n/*Info: The opacity property is  CSS3, however, will be valid just in CSS 3.1) http://jigsaw.w3.org/css-validator2) More Options chose CSS3 3) is full validate;)*/\r\n	opacity: 0.95;\r\n/* CSS 3 */\r\n}\r\nul#primary-nav li ul ul {\r\n/*Info: The opacity property is  CSS3, however, will be valid just in CSS 3.1) http://jigsaw.w3.org/css-validator2) More Options chose CSS3 3) is full validate;)*/\r\n	opacity: 95;\r\n/* CSS 3 */\r\n}\r\n/* Styling the appearance of menu items on hover */\r\n#primary-nav li:hover,\r\n#primary-nav li.menuh,\r\n#primary-nav li.menuparenth,\r\n#primary-nav li.menuactiveh {\r\n/* set your image here, dark grey image */\r\n	background:  url([[root_url]]/uploads/ngrey/darknav.png) repeat-x left center;\r\n	color: #000\r\n}\r\n/* The magic - set to work for up to a 3 level menu, but can be increased unlimited, for fourth level add\r\n#primary-nav li:hover ul ul ul,\r\n#primary-nav li.menuparenth ul ul ul,\r\n*/\r\n#primary-nav ul,\r\n#primary-nav li:hover ul,\r\n#primary-nav li:hover ul ul,\r\n#primary-nav li.menuparenth ul,\r\n#primary-nav li.menuparenth ul ul {\r\n	display: none;\r\n}\r\n/* for fourth level add\r\n#primary-nav ul ul ul li:hover ul,\r\n#primary-nav ul ul ul li.menuparenth ul,\r\n*/\r\n#primary-nav li:hover ul,\r\n#primary-nav ul li:hover ul,\r\n#primary-nav ul ul li:hover ul,\r\n#primary-nav li.menuparenth ul,\r\n#primary-nav ul li.menuparenth ul,\r\n#primary-nav ul ul li.menuparenth ul {\r\n	display: block;\r\n}\r\n/* IE6 Hacks */\r\n#primary-nav li li {\r\n	float: left;\r\n	clear: both;\r\n}\r\n#primary-nav li li a {\r\n	height: 1%;\r\n}','screen','','2006-07-25 21:22:32','2009-05-10 16:52:41'),(35,'Module: News','div#news {\r\n/* margin for the entire div surrounding the news items */\r\n	margin: 2em 0 1em 1em;\r\n/* border set here */\r\n	border: 1px solid #909799;\r\n/* sets it off from surroundings */\r\n	background: #f5f5f5;\r\n}\r\ndiv#news h2 {\r\n	line-height: 2em;\r\n/* you can set your own image here */\r\n	background: url([[root_url]]/uploads/ngrey/darknav.png) repeat-x left center;\r\n	color: #f5f5f5;\r\n	border: none\r\n}\r\n.NewsSummary {\r\n/* padding for the news article summary */\r\n	padding: 0.5em 0.5em 1em;\r\n/* margin to the bottom of the news article summary */\r\n	margin: 0 0.5em 1em 0.5em;\r\n	border-bottom: 1px solid #ccc;\r\n}\r\n.NewsSummaryPostdate {\r\n/* smaller than default text size */\r\n	font-size: 90%;\r\n/* bold to set it off from text */\r\n	font-weight: bold;\r\n}\r\n.NewsSummaryLink {\r\n/* bold to set it off from text */\r\n	font-weight: bold;\r\n/* little more room at top */\r\n	padding-top: 0.2em;\r\n}\r\n.NewsSummaryCategory {\r\n/* italic to set it off from text */\r\n	font-style: italic;\r\n	margin: 5px 0;\r\n}\r\n.NewsSummaryAuthor {\r\n/* italic to set it off from text */\r\n	font-style: italic;\r\n	padding-bottom: 0.5em;\r\n}\r\n.NewsSummarySummary, .NewsSummaryContent {\r\n/* larger than default text */\r\n	line-height: 140%;\r\n}\r\n.NewsSummaryMorelink {\r\n	padding-top: 0.5em;\r\n}\r\n#NewsPostDetailDate {\r\n/* smaller text */\r\n	font-size: 90%;\r\n	margin-bottom: 5px;\r\n/* bold to set it off from text */\r\n	font-weight: bold;\r\n}\r\n#NewsPostDetailSummary {\r\n/* larger than default text */\r\n	line-height: 150%;\r\n}\r\n#NewsPostDetailCategory {\r\n/* italic to set it off from text */\r\n	font-style: italic;\r\n	border-top: 1px solid #ccc;\r\n	margin-top: 0.5em;\r\n	padding: 0.2em 0;\r\n}\r\n#NewsPostDetailContent {\r\n	margin-bottom: 15px;\r\n/* larger than default text */\r\n	line-height: 150%;\r\n}\r\n#NewsPostDetailAuthor {\r\n	padding-bottom: 1.5em;\r\n/* italic to set it off from text */\r\n	font-style: italic;\r\n}\r\n/* more divs, left unstyled, just so you know the IDs of them */ \r\n#NewsPostDetailTitle {\r\n}\r\n#NewsPostDetailHorizRule {\r\n}\r\n#NewsPostDetailPrintLink {\r\n}\r\n#NewsPostDetailReturnLink {\r\n}\ndiv#news ul li {\n	padding: 2px 2px 2px 5px;\n	margin-left: 20px;\n}','screen','','2006-07-25 21:22:32','2009-05-09 23:29:39'),(38,'Navigation: Simple - Horizontal','/********************MENU*********************/\r\n/* hack for IE6 */\r\n* html div#menu_horiz {\r\n/* hide ie/mac \\*/\r\n	height: 1%;\r\n/* end hide */\r\n}\r\ndiv#menu_horiz {\r\n/* background color for the entire menu row */\r\n	background-color: #243135;\r\n/* insure full width */\r\n	width: 100%;\r\n/* set height */\r\n	height: 49px;\r\n	margin: 0;\r\n}\r\ndiv#menu_horiz ul {\r\n/* remove any default bullets */\r\n	list-style-type: none;\r\n	margin: 0;\r\n/* pushes the menu div up to give room above for background color to show */\r\n	padding-top: 10px;\r\n/* keeps the first menu item off the left side */\r\n	padding-left: 10px;\r\n}\r\n/* menu list items */\r\ndiv#menu_horiz li {\r\n/* makes the list horizontal */\r\n	float: left;\r\n/* remove any default bullets */\r\n	list-style: none;\r\n/* still no margin */\r\n	margin: 0;\r\n}\r\n/* the links, that is each list item */\r\ndiv#menu_horiz a, div#menu_horiz h3 span, div#menu_horiz .sectionheader span {\r\n/* pushes li out from the text, sort of like making links a certain size, if you give them a set width and/or height you may limit you ability to have as much text as you need */\r\n	padding: 12px 15px 15px 0px;\r\n/* still no margin */\r\n	margin: 0;\r\n/* removes default underline */\r\n	text-decoration: none;\r\n/* default link color */\r\n	color: #FFF;\r\n/* makes it hold a shape, IE has problems with this, fixed above */\r\n	display: block;\r\n}\r\n/* hover state for links */\r\ndiv#menu_horiz li a:hover {;\r\n/* set your image here, dark grey image with white text set above*/\r\n	background:  url([[root_url]]/uploads/ngrey/nav.png) repeat-x left -50px;\r\n}\r\ndiv#menu_horiz a span {\r\n/* compensates for no left padding on the \"a\" */\r\n	padding-left: 15px;\r\n}\r\ndiv#menu_horiz li.parent a span {\r\n/* no left padding on the \"a\" we can set it here, it lets us use the span for an image */\r\n	padding-left: 20px;\r\n/* set your image here, down arrow to note it has children, left side of text */\r\n	background: url([[root_url]]/uploads/ngrey/active.gif) no-repeat 0.3em center;\r\n}\r\ndiv#menu_horiz li.parent a:hover span {\r\n	padding-left: 20px;\r\n/* hover replaces default with right arrow image */\r\n	background: url([[root_url]]/uploads/ngrey/parent.gif) no-repeat 0.3em center;\r\n}\r\ndiv#menu_horiz li.menuactive a span {\r\n	padding-left: 20px;\r\n/* menuactive replaces default with right arrow image */\r\n	background: url([[root_url]]/uploads/ngrey/parent.gif) no-repeat 0.5em center;\r\n	color: #000;\r\n}\r\ndiv#menu_horiz li.currentpage h3 span {\r\n	padding-left: 12px;\r\n/* menuactive replaces default with right arrow image */\r\n	background: url([[root_url]]/uploads/ngrey/nav.png) repeat-x left 0px;\r\n	color: #000;\r\n}\r\ndiv#menu_horiz .sectionheader span {\r\n/* compensates for no left padding on the \"sectionheader\" */\r\n	padding-left: 15px;\r\n}\r\n/* active parent, that is the first level parent of a child page that is the current page */\r\ndiv#menu_horiz li.menuactive, div#menu_horiz li.menuactive a:hover {\r\n/* set your image here, light image with #000/black text set below*/\r\n	background:  url([[root_url]]/uploads/ngrey/nav.png) repeat-x left 0px;\r\n	color: #000;\r\n}','screen','','2006-07-25 21:22:32','2010-05-29 13:06:18'),(39,'Layout: Top menu + 2 columns','/* browsers interpret margin and padding a little differently, we\'ll remove all default padding and margins and set them later on */\r\n* {\r\n	margin: 0;\r\n	padding: 0;\r\n}\r\n/*Set initial font styles*/\r\nbody {\r\n	text-align: left;\r\n	font-family: Verdana, Geneva, Arial, Helvetica, sans-serif;\r\n	font-size: 75.01%;\r\n	line-height: 1em;\r\n}\r\n/*set font size for all divs, this overrides some body rules*/\r\ndiv {\r\n	font-size: 1em;\r\n}\r\n/*if img is inside \"a\" it would have borders, we don\'t want that*/\r\nimg {\r\n	border: 0;\r\n}\r\n/*default link styles*/\r\n/* set all links to have underline and bluish color */\r\na, a:link a:active {\r\n	text-decoration: underline;\r\n/* css validation will give a warning if color is set without background color. this will explicitly tell this element to inherit bg colour from parent element */\r\n	background-color: inherit;\r\n	color: #18507C;\r\n}\r\na:visited {\r\n	text-decoration: underline;\r\n	background-color: inherit;\r\n	color: #18507C;\r\n/* a different color can be used for visited links */\r\n}\r\n/* remove underline on hover and change color */\r\na:hover {\r\n	text-decoration: none;\r\n	background-color: inherit;\r\n	color: #385C72;\r\n}\r\n/*****************basic layout *****************/\r\nbody {\r\n	margin: 0;\r\n	padding: 0;\r\n/* default text color for entire site*/\r\n	color: #333;\r\n/* you can set your own image and background color here */\r\n	background: #f4f4f4 url([[root_url]]/uploads/ngrey/body.png) repeat-x left top;\r\n}\r\ndiv#pagewrapper {\r\n/* min max width, IE wont understand these, so we will use java script magic in the <head> */\r\n	max-width: 99em;\r\n	min-width: 60em;\r\n/* now that width is set this centers wrapper */\r\n	margin: 0 auto;\r\n	background-color: #fefefe;\r\n	color: black;\r\n}\r\n/* header, we will hide h1 a text and replace it with an image, we assign a height for it so the image wont cut off */\r\ndiv#header {\r\n/* adjust according your image size */\r\n	height: 100px;\r\n	margin: 0;\r\n	padding: 0;\r\n	/* you can set your own image here, will go behind h1 a image */\r\n	background: #f4f4f4 url([[root_url]]/uploads/ngrey/bg_banner.png) repeat-x left top;\r\n/* border just the bottom */\r\n	border-bottom: 1px solid #D9E2E6;\r\n}\r\ndiv#header h1 a {\r\n/* you can set your own image here */\r\n	background: url([[root_url]]/uploads/ngrey/logoCMS.png) no-repeat left top;\r\n/* this will make the \"a\" link a solid shape */\r\n	display: block;\r\n/* adjust according your image size */\r\n	height: 100px;\r\n/* this hides the text */\r\n	text-indent: -999em;\r\n/* old firefox would have shown underline for the link, this explicitly hides it */\r\n	text-decoration: none;\r\n}\r\ndiv#header h1 {\r\n	margin: 0;\r\n	padding: 0;\r\n/*these keep IE6 from pushing the header to more than the set size*/\r\n	line-height: 0;\r\n	font-size: 0;\r\n/* this will keep IE6 from flickering on hover */\r\n	background: url([[root_url]]/uploads/ngrey/logoCMS.png) no-repeat left top;\r\n}\r\ndiv#header h2 {\r\n/* this is where the site name is */\r\n	float: right;\r\n	line-height: 1.2em;\r\n/* this keeps IE6 from not showing the whole text */\r\n	font-size: 1.5em;\r\n/* keeps the size uniform */\r\n	margin: 35px 65px 0px 0px;\r\n/* adjust according your text size */\r\n	color: #f4f4f4;\r\n}\r\ndiv.crbk {\r\n/* sets all to 0 */\r\n	margin: 0;\r\n	padding: 0;\r\n/* you can set your own image here */\r\n	background: url([[root_url]]/uploads/ngrey/mainrtup.gif) no-repeat right bottom;\r\n}\r\ndiv.breadcrumbs {\r\n/* CSS short hand rule first value is top then right, bottom and left */\r\n	padding: 1em 0em 1em 1em;\r\n/* its good to set font sizes to be relative, this way viewer can change his/her font size */\r\n	font-size: 90%;\r\n/* css shorthand rule will be opened to be \"0px 0px 0px 0px\" */\r\n	margin: 0px;\r\n/* you can set your own image here */\r\n	background: url([[root_url]]/uploads/ngrey/mainleftup.gif) no-repeat left bottom;\r\n}\r\ndiv.breadcrumbs span.lastitem {\r\n	font-weight: bold;\r\n}\r\ndiv#search {\r\n/* position for the search box */\r\n	float: right;\r\n/* enough width for the search input box */\r\n	width: 27em;\r\n	text-align: right;\r\n	padding: 0.5em 0 0.2em 0;\r\n	margin: 0 1em;\r\n}\r\n/* a class for Submit button for the search input box */\r\ninput.search-button {\r\n	border: none;\r\n	height: 22px;\r\n	width: 53px;\r\n	margin-left: 5px;\r\n	padding: 0px 2px 2px 0px;\r\n/* makes the hover cursor show, you can set your own cursor here */\r\n	cursor: pointer;\r\n/* you can set your own image here */\r\n	background: url([[root_url]]/uploads/ngrey/search.gif) no-repeat center center;\r\n}\r\ndiv#content {\r\n/* some air above and under menu and content */\r\n	margin: 1.5em auto 2em 0;\r\n	padding: 0px;\r\n}\r\n/* this gets all the outside calls that were used on the div#main before  */\r\ndiv.back1 {\r\n/* this will give room for sidebar to be on the left side, make sure this number is bigger than sidebar width */\r\n	margin-left: 29%;\r\n/* and some air on the right */\r\n	margin-right: 2%;\r\n/* you can set your own image here */\r\n	background: url([[root_url]]/uploads/ngrey/mainrt1.gif) no-repeat right top;\r\n}\r\n/* this is an IE6 hack, you may see these through out the CSS */\r\n* html div.back1 {\r\n/* unlike other browser IE6 needs float:right and a width */\r\n	float: right;\r\n	width: 69%;\r\n/* and we take this out or it will stop at the bottom  */\r\n	margin-left: 0%;\r\n/* and some air on the right */\r\n	margin-right: 10px;\r\n/* you can set your own image here */\r\n	background: url([[root_url]]/uploads/ngrey/mainrt1.gif) no-repeat right top;\r\n}\r\ndiv.back2 {\r\n/* you can set your own image here */\r\n	background: url([[root_url]]/uploads/ngrey/mainleft1.gif) no-repeat left top;\r\n}\r\ndiv.back3 {\r\n/* you can set your own image here */\r\n	background: url([[root_url]]/uploads/ngrey/wbtmleft.gif) no-repeat left bottom;\r\n}\r\ndiv#main {\r\n/* this is the last inside div so we set the space inside it to keep all content away from the edges of images/box */\r\n	padding: 10px 15px;\r\n/* you can set your own image here */\r\n	background: url([[root_url]]/uploads/ngrey/rtup.gif) no-repeat right bottom;\r\n}\r\ndiv#sidebar {\r\n/* set sidebar left. Change to right, float: right; instead, but you will need to change the margins. */\r\n	float: left;\r\n/* sidebar width, if you change this change div.back and/or div.back1 margins */\r\n	width: 26%;\r\n/* FIX IE double margin bug */\r\n	display: inline;\r\n/* the 20px is on the bottom, insures space above footer if longer than content */\r\n	margin: 0px 0px 20px;\r\n	padding: 0px;\r\n/* you can set your own image here */\r\n	background: url([[root_url]]/uploads/ngrey/mainrt.gif) no-repeat right top;\r\n}\r\ndiv#sidebarb {\r\n	padding: 10px 15px 10px 20px;\r\n/* this one is for sidebar with content and no menu */\r\n	background: url([[root_url]]/uploads/ngrey/mainrtup.gif) no-repeat right bottom;\r\n}\r\ndiv#sidebarb div#news {\r\n/* less margin surrounding the news, sidebarb has enough */\r\n	margin: 2em 0 1em 0em;\r\n}\r\ndiv#sidebara {\r\n	padding: 10px 15px 15px 0px;\r\n/* this one is for sidebar with menu and no content */\r\n	background: url([[root_url]]/uploads/ngrey/mainrtup.gif) no-repeat right bottom;\r\n}\r\ndiv.footback {\r\n/* keep footer below content and menu */\r\n	clear: both;\r\n/* this sets 10px on right to let the right image show, the balance 10px left on next div */\r\n	padding: 0px 10px 0px 0px;\r\n/* you can set your own image here */\r\n	background: url([[root_url]]/uploads/ngrey/wfootrt.gif) no-repeat right top;\r\n}\r\ndiv#footer {\r\n/* this sets 10px on left to balance 10px right on last div */\r\n	padding: 0px 0px 0px 10px;\r\n/* color of text, the link color is set below */\r\n	color: #595959;\r\n/* you can set your own image here */\r\n	background: url([[root_url]]/uploads/ngrey/wtopleft.gif) no-repeat left top;\r\n}\r\ndiv.leftfoot {\r\n	float: left;\r\n	width: 30%;\r\n	margin-left: 20px\r\n}\r\ndiv#footer p {\r\n/* sets different font size from default */\r\n	font-size: 0.8em;\r\n/* some air for footer */\r\n	padding: 1.5em;\r\n/* centered text */\r\n	text-align: center;\r\n	margin: 0;\r\n}\r\ndiv#footer p a {\r\n/* footer link would be same color as default we want it same as footer text */\r\n	color: #595959;\r\n}\r\n/* as we hid all hr for accessibility we create new hr with div class=\"hr\" element */\r\ndiv.hr {\r\n	height: 1px;\r\n	padding: 1em;\r\n	border-bottom: 1px dotted black;\r\n	margin: 1em;\r\n}\r\n/* relational links under content */\r\ndiv.left49 {\r\n/* combined percentages of left+right equaling 100%  might lead to rounding error on some browser */\r\n	width: 70%;\r\n}\r\ndiv.right49 {\r\n	float: right;\r\n	width: 29%;\r\n/* set right to keep text on right */\r\n	text-align: right;\r\n}\r\n/********************CONTENT STYLING*********************/\r\n/* HEADINGS */\r\ndiv#content h1 {\r\n/* font size for h1 */\r\n	font-size: 2em;\r\n	line-height: 1em;\r\n	margin: 0;\r\n}\r\ndiv#content h2 {\r\n	color: #294B5F;\r\n/* font size for h2 the higher the h number the smaller the font size, most times */\r\n	font-size: 1.5em;\r\n	text-align: left;\r\n/* some air around the text */\r\n	padding-left: 0.5em;\r\n	padding-bottom: 1px;\r\n/* set borders around header */\r\n	border-bottom: 1px solid #899092;\r\n	border-left: 1.1em solid #899092;\r\n/* a larder than h1 line height */\r\n	line-height: 1.5em;\r\n/* and some air under the border */\r\n	margin: 0 0 0.5em 0;\r\n}\r\ndiv#content h3 {\r\n	color: #294B5F;\r\n	font-size: 1.3em;\r\n	line-height: 1.3em;\r\n	margin: 0 0 0.5em 0;\r\n}\r\ndiv#content h4 {\r\n	color: #294B5F;\r\n	font-size: 1.2em;\r\n	line-height: 1.3em;\r\n	margin: 0 0 0.25em 0;\r\n}\r\ndiv#content h5 {\r\n	color: #294B5F;\r\n	font-size: 1.1em;\r\n	line-height: 1.3em;\r\n	margin: 0 0 0.25em 0;\r\n}\r\nh6 {\r\n	color: #294B5F;\r\n	font-size: 1em;\r\n	line-height: 1.3em;\r\n	margin: 0 0 0.25em 0;\r\n}\r\n/* END HEADINGS */\r\n/* TEXT */\r\np {\r\n/* default p font size, this is set different in some other divs */\r\n	font-size: 1em;\r\n/* some air around p elements */\r\n	margin: 0 0 1.5em 0;\r\n	line-height: 1.4em;\r\n	padding: 0;\r\n}\r\nblockquote {\r\n	border-left: 10px solid #ddd;\r\n	margin-left: 10px;\r\n}\r\nstrong, b {\r\n/* explicit setting for these */\r\n	font-weight: bold;\r\n}\r\nem, i {\r\n/* explicit setting for these */\r\n	font-style: italic;\r\n}\r\n/* Wrapping text in <code> tags. Makes CSS not validate */\r\ncode, pre {\r\n/* css-3 */\r\n	white-space: pre-wrap;\r\n/* Mozilla, since 1999 */\r\n	white-space: -moz-pre-wrap;\r\n/* Opera 4-6 */\r\n	white-space: -pre-wrap;\r\n/* Opera 7 */\r\n	white-space: -o-pre-wrap;\r\n/* Internet Explorer 5.5+ */\r\n	word-wrap: break-word;\r\n	font-family: \"Courier New\", Courier, monospace;\r\n	font-size: 1em;\r\n}\r\npre {\r\n/* black border for pre blocks */\r\n	border: 1px solid #000;\r\n/* set different from surroundings to stand out */\r\n	background-color: #ddd;\r\n	margin: 0 1em 1em 1em;\r\n	padding: 0.5em;\r\n	line-height: 1.5em;\r\n	font-size: 90%;\r\n}\r\n/* Separating the divs on the template explanation page */\r\ndiv.templatecode {\r\n	margin: 0 0 2.5em;\r\n}\r\n/* END TEXT */\r\n/* LISTS */\r\n/* lists in content need some margins to look nice */\r\ndiv#main ul,\r\ndiv#main ol,\r\ndiv#main dl {\r\n	font-size: 1.0em;\r\n	line-height: 1.4em;\r\n	margin: 0 0 1.5em 0;\r\n}\r\ndiv#main ul li,\r\ndiv#main ol li {\r\n	margin: 0 0 0.25em 3em;\r\n}\r\n/* definition lists topics on bold */\r\ndiv#main dl {\r\n	margin-bottom: 2em;\r\n	padding-bottom: 1em;\r\n	border-bottom: 1px solid #c0c0c0;\r\n}\r\ndiv#main dl dt {\r\n	font-weight: bold;\r\n	margin: 0 0 0 1em;\r\n}\r\ndiv#main dl dd {\r\n	margin: 0 0 1em 1em;\r\n}\r\n/* END LISTS */','screen','','2006-07-25 21:22:32','2009-05-10 00:13:04'),(42,'Navigation: Simple - Vertical','/******************** MENU *********************/\n#menu_vert {\n	margin: 0;\n	padding: 0;\n}\n#menu_vert ul {\n/* remove any bullets */\n	list-style: none;\n/* margin/padding set in li */\n	margin: 0px;\n	padding: 0px;\n}\n#menu_vert ul ul {\n	margin: 0;\n/* padding right sets second level li in on right from first li */\n	padding: 0px 5px 0px 0px;\n/* replaces bottom of li.menuactive menuparent, looks like li below it, set in 5px more, is sitting on top of it */\n	background: transparent url([[root_url]]/uploads/ngrey/liup.gif) no-repeat right -4px;\n}\n#menu_vert li {\n/* remove any bullets */\n	list-style: none;\n/* negative bottom margin pulls them together, images look like one border between */\n	margin: 0px 0px -1px;\n/* bottom padding pushes \"a\" up enough to show our image */\n	padding: 0px 0px 4px 0px;\n/* you can set your own image here */\n	background: transparent url([[root_url]]/uploads/ngrey/liup.gif) no-repeat right bottom;\n}\n#menu_vert li.currentpage {\n	padding: 0px 0px 3px 0px;\n}\n#menu_vert li.menuactive {\n	margin: 0;\n	padding: 0px;\n/* replaced by image in ul ul */\n	background: none;\n}\n#menu_vert li.menuactive ul {\n	margin: 0;\n}\n#menu_vert li.activeparent {\n	margin: 0;\n	padding: 0px;\n}\n/* fix stupid IE6 bug with display:block; */\n* html #menu_vert li {\n	height: 1%;\n}\n* html #menu_vert li a {\n	height: 1%;\n}\n* html #menu_vert li hr {\n	height: 1%;\n}\n/** end fix **/\n/* first level links */\ndiv#menu_vert a {\n/* IE6 has problems with this, fixed above */\n	display: block;\n/* some air for it */\n	padding: 0.8em 0.3em 0.5em 1.5em;\n/* this will be link color for all levels */\n	color: #18507C;\n/* Fixes IE7 whitespace bug */\n	min-height: 1em;\n/* no underline for links */\n	text-decoration: none;\n/* you can set your own image here this is tall enough to cover text heavy links */\n	background: transparent url([[root_url]]/uploads/ngrey/libk.gif) no-repeat right top;\n}\n/* next level links, more padding and smaller font */\ndiv#menu_vert ul ul a {\n	font-size: 90%;\n	padding: 0.8em 0.3em 0.5em 2.8em;\n}\n/* third level links, more padding */\ndiv#menu_vert ul ul ul a {\n	padding: 0.5em 0.3em 0.3em 3em;\n}\n/* hover state for all links */\ndiv#menu_vert a:hover {\n	background-color: transparent;\n	color: #595959;\n	text-decoration: underline;\n}\ndiv#menu_vert a.activeparent:hover {\n	color: #595959;\n}\n/* active parent, that is the first level parent of a child page that is the current page */\ndiv#menu_vert li.activeparent {\n/* you can set your own image here */\n	background: transparent url([[root_url]]/uploads/ngrey/liup.gif) no-repeat right -65px;\n/* white to contrast with background image */\n	color: #fff;\n}\ndiv#menu_vert li.activeparent a.activeparent {\n/* you can set your own image here */\n	background: transparent url([[root_url]]/uploads/ngrey/libk.gif) no-repeat right top;\n/* to contrast with background image */\n	color: #000;\n}\ndiv#menu_vert li a.parent {\n/* takes left padding out so span image has room on left */\n	padding-left: 0em;\n}\ndiv#menu_vert ul ul li a.parent {\n/* increased padding on left offsets it from one above */\n	padding-left: 0.9em;\n}\ndiv#menu_vert li a.parent span {\n	display: block;\n	margin: 0;\n/* adds left padding taken out of \"a.parent\" */\n	padding-left: 1.5em;\n/* arrow on left for pages with children, points down, you can set your own image here */\n	background: transparent url([[root_url]]/uploads/ngrey/active.png) no-repeat 2px center;\n}\ndiv#menu_vert li a.parent:hover {\n/* removes underline hover effect */\n	text-decoration: none;\n}\ndiv#menu_vert li a.parent:hover span {\n	display: block;\n	margin: 0;\n	padding-left: 1.5em;\n/* arrow on left for pages with children, points right for hover, you can set your own image here */\n	background: transparent url([[root_url]]/uploads/ngrey/parent.png) no-repeat 2px center;\n}\ndiv#menu_vert li a.menuactive.menuparent {\n/* sets it in a little more than a.parent */\n	padding-left: 0.35em;\n}\ndiv#menu_vert ul ul li a.menuactive.menuparent {\n/* sets it in a little more on next level */\n	padding-left: 0.99em;\n}\ndiv#menu_vert li a.menuactive.menuparent span {\n	display: block;\n	margin: 0;\n/* to contrast with non active pages */\n	font-weight: bold;\n	padding-left: 1.5em;\n/* arrow on left for active pages with children, points right, you can set your own image here */\n	background: transparent url([[root_url]]/uploads/ngrey/parent.png) no-repeat 2px center;\n}\ndiv#menu_vert li a.menuactive.menuparent:hover {\n	text-decoration: none;\n	color: #18507C;\n}\ndiv#menu_vert ul ul li a.activeparent {\n	color: #fff;\n}\n/* current pages in the default Menu Manager template are unclickable. This is for current page on first level */\ndiv#menu_vert ul h3 {\n	display: block;\n/* some air for it */\n	padding: 0.8em 0.5em 0.5em 1.5em;\n/* this will be link color for all levels */\n	color: #000;\n/* instead of the normal font size for <h3> */\n	font-size: 1em;\n/* as <h3> normally has some margin by default */\n	margin: 0;\n/* you can set your own image here, same as \"a\" */\n	background: transparent url([[root_url]]/uploads/ngrey/libk.gif) no-repeat right top;\n}\n/* next level current pages, more padding, smaller font and no background color or bottom border */\ndiv#menu_vert ul ul h3 {\n	font-size: 90%;\n	padding: 0.8em 0.5em 0.5em 2.8em;\n/* you can set your own image here, same as \"a\" */\n	background: transparent url([[root_url]]/uploads/ngrey/libk.gif) no-repeat right top;\n	color: #000;\n}\n/* current page on third level, more padding */\ndiv#menu_vert ul ul ul h3 {\n	padding: 0.6em 0.5em 0.2em 3em;\n}\n/* BIG NOTE: I didn\'t do anything to these, never tested */\n/* section header */\ndiv#menu_vert li.sectionheader {\n	border-right: none;\n	padding: 0.8em 0.5em 0.5em 1.5em;\n	background: transparent url([[root_url]]/uploads/ngrey/libk.gif) no-repeat right top;\n	line-height: 1em;\n	margin: 0;\n        color: #18507C;\n        cursor:text;\n}\n/* separator */\ndiv#menu_vert .separator {\n	height: 1px !important;\n	margin-top: -1px;\n	margin-bottom: 0;\n	-padding: 2px 0 2px 0;\n	background-color: #000;\n	overflow: hidden !important;\n	line-height: 1px !important;\n	font-size: 1px;\n/* for ie */\n}\ndiv#menu_vert li.separator hr {\n	display: none;\n/* this is for accessibility */\n}','screen','','2009-04-30 01:09:15','2009-07-23 00:17:42'),(43,'Navigation: ShadowMenu - Horizontal','/* by Alexander Endresen and mark */\r\n#menu_vert {\r\n/* no margin/padding so it fills the whole div */\r\n	margin: 0;\r\n	padding: 0;\r\n}\r\n.clearb {\r\n/* needed for some browsers */\r\n	clear: both;\r\n}\r\n#menuwrapper {\r\n/* set the background color for the menu here */\r\n	background-color: #243135;\r\n/* IE6 Hack */\r\n	height: 1%;\r\n	width: auto;\r\n/* one border at the top */\r\n	border-top: 1px solid #3F565C;\r\n	margin: 0;\r\n	padding: 0;\r\n}\r\nul#primary-nav {\r\n	list-style-type: none;\r\n	margin: 0px;\r\n	padding-top: 10px;\r\n	padding-left: 10px;\r\n}\r\n#primary-nav ul {\r\n/* remove any default bullets */\r\n	list-style-type: none;\r\n/* sets width of second level ul to background image */\r\n	width: 210px;\r\n	margin: 0px;\r\n	padding: 0px;\r\n/* make the ul stay in place so when we hover it lets the drops go over the content instead of displacing it */\r\n	position: absolute;\r\n/* top being the bottom of the li it comes out of */\r\n	top: auto;\r\n/* keeps it hidden till hover event */\r\n	display: none;\r\n/* room at top for li so image top shows correct */\r\n	padding-top: 9px;\r\n/* set your image here, tall enough for the ul */\r\n	background: url([[root_url]]/uploads/ngrey/ultopup.png) no-repeat left top;\r\n}\r\n/* IE6 hacks on the above code */\r\n* html #primary-nav ul {\r\n	padding-top: 13px;\r\n	background: url([[root_url]]/uploads/ngrey/ultopup.gif) no-repeat left top;\r\n}\r\n#primary-nav ul ul {\r\n/* insures no top margins */\r\n	margin-top: 0px;\r\n/* pulls the last ul back over the preceding ul */\r\n	margin-left: -1px;\r\n/* keeps the left side of this ul on the right side of the preceding ul */\r\n	left: 100%;\r\n/* negative margin pulls the left centered in li next to it */\r\n	top: -3px;\r\n/* set your image here, tall enough for the ul, this is the left arrow for third level ul */\r\n	background: url([[root_url]]/uploads/ngrey/ultoprt.png) no-repeat left top;\r\n}\r\n/* IE6 hacks on the above code */\r\n* html #primary-nav ul ul {\r\n	margin-top: 0px;\r\n	padding-left: 5px;\r\n	left: 100%;\r\n	top: -7px;\r\n/* IE6 gets gif as it can\'t handle transparent png */\r\n	background: url([[root_url]]/uploads/ngrey/ultoprt.gif) no-repeat right top;\r\n}\r\n#primary-nav li {\r\n/* a little space to the left of each top level menu item */\r\n	margin-left: 5px;\r\n/* floating left will set menu items to line up left to right else they will stack top to bottom */\r\n	float: left;\r\n}\r\n#primary-nav li li {\r\n/* a little more space to the left of each menu item */\r\n	margin-left: 8px;\r\n/* keeps them tight to the one above, no missed hovers */\r\n	margin-top: -1px;\r\n/* removes the left float set in first li so these will stack from top down */\r\n	float: none;\r\n/* relative to the ul they are in */\r\n	position: relative;\r\n}\r\n/* IE6 hacks on the above code */\r\n* html #primary-nav li li {\r\n	margin-left: 6px;\r\n/* helps hold it inside the ul */\r\n	width: 171px;\r\n}\r\nul#primary-nav li a {\r\n/* specific font size, this could be larger or smaller than default font size */\r\n	font-size: 1em;\r\n/* make sure we keep the font normal */\r\n	font-weight: normal;\r\n/* set default link colors */\r\n	color: #fff;\r\n/* doing tab menus require a bit different padding, this will give room on right for image to show, adjust to width of your image */\r\n	padding: 0px 11px 0px 0px;\r\n/* makes it hold a shape */\r\n	display: block;\r\n/* remove default \"a\" underline */\r\n	text-decoration: none;\r\n}\r\nul#primary-nav li a span {\r\n/* takes normal \"a\" padding minus some for right image */\r\n	padding: 12px 4px 12px 15px;\r\n/* makes it hold a shape */\r\n	display: block;\r\n}\r\nul#primary-nav li a:hover {\r\n/* kind of obvious */\r\n	background-color: transparent;\r\n}\r\nul#primary-nav li {\r\n/* set your image here */\r\n	background:  url([[root_url]]/uploads/ngrey/navrttest.gif) no-repeat right -51px;\r\n}\r\nul#primary-nav li span {\r\n/* set your image here */\r\n	background:  url([[root_url]]/uploads/ngrey/navlefttest.gif) repeat-x left -51px;\r\n/* set text color here also to insure color */\r\n	color: #fff;\r\n/* just to be sure */\r\n	font-weight: normal;\r\n}\r\nul#primary-nav li li {\r\n/* remove any image set in first level li */\r\n	background:  none;\r\n}\r\nul#primary-nav li li span {\r\n/* remove any image set in first level li span */\r\n	background:  none;\r\n/* set text color here also to insure color */\r\n	color: #fff;\r\n/* just to be sure */\r\n	font-weight: normal;\r\n}\r\nul#primary-nav li:hover,\r\nul#primary-nav li.menuh,\r\nul#primary-nav li.menuparenth {\r\n/* set hover image, right side */\r\n	background:  url([[root_url]]/uploads/ngrey/navrttest.gif) no-repeat right 0px;\r\n}\r\nul#primary-nav li:hover span,\r\nul#primary-nav li.menuh span,\r\nul#primary-nav li.menuparenth span {\r\n/* set hover image, left side */\r\n	background:  url([[root_url]]/uploads/ngrey/navlefttest.gif) repeat-x left 0px;\r\n/* change text color on hover */\r\n	color: #000;\r\n	font-weight: normal;\r\n}\r\n/* IE6 hacks, the JS used for hover effect in IE6 puts class menuh on li, unless they have a class then just an \"h\" as seen above and below */\r\nul#primary-nav li li.menuh {\r\n	background:  none;\r\n	font-weight: normal;\r\n}\r\n/* IE6 hacks */\r\nul#primary-nav li.menuparenth li span {\r\n	background:  none;\r\n	color: #000;\r\n	font-weight: normal;\r\n}\r\n/* IE6 hacks */\r\nul#primary-nav li.menuparenth li.menuparent span {\r\n/* gif for IE6, as it can\'t handle transparent png */\r\n	background:  url([[root_url]]/uploads/ngrey/parent.gif) no-repeat right center;\r\n	color: #000\r\n}\r\n/* IE6 hacks */\r\nul#primary-nav li.menuparenth li.menuh span {\r\n	background:  none;\r\n	color: #FFF;\r\n	font-weight: normal;\r\n}\r\n/* IE6 hacks */\r\nul#primary-nav li.menuparenth li.menuparenth {\r\n	background:  none;\r\n	color: #FFF;\r\n	font-weight: normal;\r\n}\r\nul#primary-nav li.menuactive a {\r\n/* set your image here for active tab right */\r\n	background:  url([[root_url]]/uploads/ngrey/navrttest.gif) no-repeat right 0px;\r\n}\r\nul#primary-nav li a.menuactive span {\r\n/* set your image here for active tab left */\r\n	background:  url([[root_url]]/uploads/ngrey/navlefttest.gif) repeat-x left 0px;\r\n/* non active is #FFF/white, we need #000/black to contrast with light background */\r\n	color: #000;\r\n/* bold to set it off from non active */\r\n	font-weight: bold;\r\n}\r\n#primary-nav li li a {\r\n/* second level padding, no image and not as big */\r\n	padding: 5px 10px;\r\n/* to keep it within li */\r\n	width: 165px;\r\n/* space between them */\r\n	margin: 5px;\r\n	background: none;\r\n}\r\n/* IE6 hacks to above code */\r\n* html #primary-nav li li a {\r\n	padding: 5px 10px;\r\n	width: 165px;\r\n	margin: 0px;\r\n	color: #000;\r\n}\r\n#primary-nav li li:hover {\r\n/* remove image set in first level */\r\n	background: none;\r\n}\r\n#primary-nav li li a:hover {\r\n/* set different image than first level */\r\n	background:  url([[root_url]]/uploads/ngrey/darknav.png) repeat-x left center;\r\n/* we need #FFF/white to contrast with dark background */\r\n	color: #FFF;\r\n}\r\n#primary-nav li.menuparent li a:hover span {\r\n/* insures text color */\r\n	color: #FFF;\r\n}\r\nul#primary-nav li:hover li a span {\r\n/* first level is #FFF/white, we need #000/black to contrast with light background */\r\n	color: #000;\r\n/* just to insure normal */\r\n	font-weight: normal;\r\n}\r\n#primary-nav li li.menuactive a.menuactive, #primary-nav li li.menuactive a.menuactive:hover {\r\n/* set your image here, lighter than hover */\r\n	background:  url([[root_url]]/uploads/ngrey/nav.png) repeat-x left 0px;\r\n/* non active is #FFF/white, we need #000/black to contrast with light background */\r\n	color: #000;\r\n}\r\n#primary-nav li li.menuactive a.menuactive span {\r\n/* insures text color */\r\n	color: #000\r\n}\r\n#primary-nav li li.menuactive a.menuactive:hover span {\r\n/* insures text color */\r\n	color: #000;\r\n}\r\n/* IE6 hacks to above code */\r\n#primary-nav li li.menuparenth a.menuparent span {\r\n/* right arrow for menu parent, IE6 gif */\r\n	background:  url([[root_url]]/uploads/ngrey/parent.gif) no-repeat right center;\r\n	color: #000\r\n}\r\n/* IE6 hacks to above code */\r\n#primary-nav li li.menuparenth a.menuparent:hover span {\r\n	color: #FFF\r\n}\r\n#primary-nav li li.menuparent a.menuparent span {\r\n/* right arrow for parent item */\r\n	background:  url([[root_url]]/uploads/ngrey/parent.gif) no-repeat right center;\r\n}\r\n#primary-nav li.menuactive li a:hover span {\r\n/* black text */\r\n	color: #000\r\n}\r\nul#primary-nav li li a.menuactive  span {\r\n/* remove image set in first level */\r\n	background:  none;\r\n	font-weight: normal;\r\n}\r\n#primary-nav li.menuactive li a {\r\n/* second level active link color */\r\n	color: #0587A9;\r\n	text-decoration: none;\r\n	background: none;\r\n}\r\n#primary-nav li.menuactive li a:hover {\r\n/* dark image for hover */\r\n	background:  url([[root_url]]/uploads/ngrey/darknav.png) repeat-x left center;\r\n}\r\n#primary-nav li.menuactive li a:hover span {\r\n/* white text to contrast with dark background image on hover */\r\n	color: #FFF;\r\n}\r\nul#primary-nav li:hover li a span, ul#primary-nav li.menuparenth li a span {\r\n	padding: 0px;\r\n	background:  none;\r\n}\r\n/* this is a special li type from the menu template, used to hold the bottom image for ul set above */\r\n#primary-nav ul li.separator, #primary-nav .separator:hover {\r\n/* set same as ul */\r\n	width: 210px;\r\n/* height of image */\r\n	height: 9px;\r\n/* negative margin pulls it down to cover ul image */\r\n	margin: 0px 0px -8px;\r\n/* set your image here */\r\n	background: url([[root_url]]/uploads/ngrey/ulbtmrt.png) no-repeat left bottom;\r\n}\r\n/* same as above for next level to insure it shows correct */\r\n#primary-nav ul ul li.separator, #primary-nav ul ul li.separator:hover {\r\n	height: 9px;\r\n	margin: 0px 0px -8px;\r\n	background: url([[root_url]]/uploads/ngrey/ulbtmrt.png) no-repeat left bottom;\r\n}\r\n/* IE6 hacks */\r\n* html #primary-nav ul li.separator {\r\n	height: 2px;\r\n	background: url([[root_url]]/uploads/ngrey/ulbtmrt.gif) no-repeat left bottom;\r\n}\r\n/* IE6 hacks */\r\n* html #primary-nav ul li.separatorh {\r\n	margin: 0px 0px -8px;\r\n	height: 2px;\r\n	background: url([[root_url]]/uploads/ngrey/ultop.gif) no-repeat left top;\r\n}\r\n/* The magic - set to work for up to a 3 level menu, but can be increased unlimited, for fourth level add\r\n#primary-nav li:hover ul ul ul,\r\n#primary-nav li.menuparenth ul ul ul,\r\n*/\r\n#primary-nav ul,\r\n#primary-nav li:hover ul,\r\n#primary-nav li:hover ul ul,\r\n#primary-nav li.menuparenth ul,\r\n#primary-nav li.menuparenth ul ul {\r\n	display: none;\r\n}\r\n/* for fourth level add\r\n#primary-nav ul ul ul li:hover ul,\r\n#primary-nav ul ul ul li.menuparenth ul,\r\n*/\r\n#primary-nav li:hover ul,\r\n#primary-nav ul li:hover ul,\r\n#primary-nav ul ul li:hover ul,\r\n#primary-nav li.menuparenth ul,\r\n#primary-nav ul li.menuparenth ul,\r\n#primary-nav ul ul li.menuparenth ul {\r\n	display: block;\r\n}\r\n/* IE Hacks */\r\n#primary-nav li li {\r\n	float: left;\r\n	clear: both;\r\n}\r\n#primary-nav li li a {\r\n	height: 1%;\r\n}','screen','','2009-05-01 04:32:33','2009-07-20 18:18:21'),(45,'Navigation: ShadowMenu - Vertical','/* Vertical menu for the CMS CSS Menu Module */\r\n/* by Alexander Endresen and mark */\r\n#menuwrapper {\r\n/* just smaller than it\'s containing div */\r\n	width: 95%;\r\n	margin-left: 0px;\r\n/* room at bottom */\r\n	margin-bottom: 10px;\r\n}\r\n/* Unless you know what you do, do not touch this */\r\n#primary-nav, #primary-nav ul {\r\n/* remove any default bullets */\r\n	list-style: none;\r\n	margin: 0px;\r\n	padding: 0px;\r\n/* make sure it fills out */\r\n	width: 100%;\r\n/* just a little bump */\r\n	margin-left: 1px;\r\n}\r\n#primary-nav li {\r\n/* negative bottom margin pulls them together, images look like one border between */\r\n	margin-bottom: -1px;\r\n/* keeps within it\'s container */\r\n	position: relative;\r\n/* bottom padding pushes \"a\" up enough to show our image */\r\n	padding: 0px 0px 4px 0px;\r\n/* you can set your own image here */\r\n	background: url([[root_url]]/uploads/ngrey/liup.gif) no-repeat right bottom;\r\n}\r\n#primary-nav li li {\r\n/* you can set your width here, if no width or set auto it will only be as wide as the text in it  */\r\n	width: 190px;\r\n/* changes padding inherited from first level */\r\n	padding: 0px 10px;\r\n/* removes first level li image */\r\n	background-image: none;\r\n}\r\n/* Styling the basic appearance of the menu \"a\" elements */\r\nul#primary-nav li a {\r\n/* specific font size, this could be larger or smaller than default font size */\r\n	font-size: 1em;\r\n/* make sure we keep the font normal */\r\n	font-weight: normal;\r\n/* set default link colors */\r\n	color: #595959;\r\n/* pushes li out from the text, sort of like making links a certain size, if you give them a set width and/or height you may limit you ability to have as much text as you need */\r\n	padding: 0.8em 0.5em 0.5em 0.5em;\r\n/* makes it hold a shape */\r\n	display: block;\r\n/* removes underline from default link setting */\r\n	text-decoration: none;\r\n/* you can set your own image here this is tall enough to cover text heavy links */\r\n	background: url([[root_url]]/uploads/ngrey/libk.gif) no-repeat right top;\r\n}\r\nul#primary-nav a span {\r\n/* makes it hold a shape */\r\n	display: block;\r\n/* pushes text to right */\r\n	padding-left: 1.5em;\r\n}\r\nul#primary-nav li a:hover {\r\n/* stops image flicker in some browsers */\r\n	background: url([[root_url]]/uploads/ngrey/libk.gif) no-repeat right top;\r\n/* changes text color on hover */\r\n	color: #899092\r\n}\r\nul#primary-nav li li a:hover {\r\n/* you can set your own image here, second level \"a\" */\r\n	background:  url([[root_url]]/uploads/ngrey/darknav.png) repeat-x left center;\r\n/* contrast color to image behind it */\r\n	color: #FFF\r\n}\r\nul#primary-nav li a.menuactive {\r\n/* black and bold to set it off from non active */\r\n	color: #000;\r\n	font-weight: bold;\r\n}\r\nul#primary-nav li ul a {\r\n/* insure alignment */\r\n	text-align: left;\r\n	margin: 0px;\r\n/* relative to it\'s container */\r\n	position: relative;\r\n/* even padding all 4 sides */\r\n	padding: 6px;\r\n/* make sure we keep the font normal */\r\n	font-weight: normal;\r\n/* set default link colors from here on */\r\n	color: #000;\r\n/* remove any background that may have been set in level above */\r\n	background: none;\r\n}\r\nul#primary-nav li ul {\r\n/* remove any default bullets */\r\n	list-style-type: none;\r\n/* sets width of second level ul to background image */\r\n	width: 209px;\r\n	height: auto;\r\n/* negative margin pulls it over the parent ul */\r\n	margin: 0px 0px 0px -2px;\r\n/* top padding gives room for image shadow and pushes li down into image */\r\n	padding: 10px 0px 0px;\r\n/* make the ul stay in place so when we hover it lets the drops go over the content instead of displacing it */\r\n	position: absolute;\r\n/* keeps the left side of this ul on the right side of the preceding ul */\r\n	left: 100%;\r\n/* negative top pulls up so left arrow centered in li next to it */\r\n	top: -2px;\r\n	display: none;\r\n/* set your image here, tall enough for the ul, this is the left arrow for second ul and on */\r\n	background: url([[root_url]]/uploads/ngrey/ultoprt.png) no-repeat left top;\r\n}\r\n/* a lot of the same as above, minor changes */\r\nul#primary-nav li ul ul {\r\n	list-style-type: none;\r\n/* bit more negative left margin */\r\n	margin: 0px 0px 0px -8px;\r\n/* you can call a property twice but not a property:\'value\', this flat lines it */\r\n	padding: 0px;\r\n/* now we just change one with \'property\'-top:value */\r\n	padding-top: 10px;\r\n	position: absolute;\r\n	width: 209px;\r\n	height: auto;\r\n/* negative top pulls up so left arrow centered in li next to it, more on 3rd ul covers default drop increase */\r\n	top: -5px;\r\n	left: 100%;\r\n	display: none;\r\n/* set your image here */\r\n	background: url([[root_url]]/uploads/ngrey/ultoprt.png) no-repeat left top;\r\n}\r\n* html ul#primary-nav li ul {\r\n/* gif for IE6, as it can\'t handle transparent png */\r\n	background: url([[root_url]]/uploads/ngrey/ultoprt.gif) no-repeat left top;\r\n}\r\n* html ul#primary-nav li ul ul {\r\n/* gif for IE6, as it can\'t handle transparent png */\r\n	background: url([[root_url]]/uploads/ngrey/ultoprt.gif) no-repeat left top;\r\n}\r\n/* this is a special li type from the menu template, used to hold the bottom image for ul set above */\r\n#primary-nav ul li.separator, #primary-nav .separator:hover {\r\n/* set same as ul */\r\n	width: 209px;\r\n	padding: 0px;\r\n/* height of image */\r\n	height: 9px;\r\n/* negative margin pulls it down to cover ul image */\r\n	margin: 0px 0px -9px;\r\n/* set your image here */\r\n	background: url([[root_url]]/uploads/ngrey/ulbtmrt.png) no-repeat left bottom;\r\n}\r\n/* IE6 \'star html\' Hack */\r\n* html #primary-nav  li ul li.separator {\r\n	height: 2px;\r\n/* set your image here */\r\n	background: url([[root_url]]/uploads/ngrey/ulbtmrt.gif) no-repeat left bottom;\r\n}\r\n/* Fixes IE7 bug*/\r\n#primary-nav li, #primary-nav li.menuparent {\r\n	min-height: 1em;\r\n}\r\n/* Styling the basic apperance of the active page elements (shows what page in the menu is being displayed) */\r\n#primary-nav li li.menuactive a.menuactive {\r\n/* contrast color to image behind it */\r\n	color: #FFF;\r\n/* not bold as text color and image behind it set it off from non active */\r\n	font-weight: normal;\r\n/* set your image here, dark grey image with white text set above*/\r\n	background:  url([[root_url]]/uploads/ngrey/darknav.png) repeat-x left center;\r\n}\r\n#primary-nav li.menuparent span {\r\n/* padding on left for image */\r\n	padding-left: 1.5em;\r\n/* down arrow to note it has children, left side of text */\r\n	background: url([[root_url]]/uploads/ngrey/active.png) no-repeat left center;\r\n}\r\n#primary-nav li.menuparent:hover li.menuparent span {\r\n/* remove left padding as image is on right side of text */\r\n	padding-left: 0;\r\n/* right arrow to note it has children, right side of text */\r\n	background: url([[root_url]]/uploads/ngrey/parent.png) no-repeat right center;\r\n}\r\n#primary-nav li.menuparenth li.menuparent span,\r\n#primary-nav li.menuparenth li.menuparenth span {\r\n/* same as above but this is for IE6, gif image as it can\'t handle transparent png */\r\n	padding-left: 0;\r\n	background: url([[root_url]]/uploads/ngrey/parent.gif) no-repeat right center;\r\n}\r\n#primary-nav li.menuparent:hover span,\r\n#primary-nav li.menuparent.menuactive span,\r\n#primary-nav li.menuparent.menuactiveh span,\r\n#primary-nav li.menuparenth span {\r\n/* right arrow on hover */\r\n	background: url([[root_url]]/uploads/ngrey/parent.png) no-repeat left center;\r\n}\r\n#primary-nav li li span,\r\n#primary-nav li.menuparent li span,\r\n#primary-nav li.menuparent:hover li span,\r\n#primary-nav li.menuparenth li span,\r\n#primary-nav li.menuparenth li.menuparenth li span,\r\n#primary-nav li.menuparent li.menuparent li span,\r\n#primary-nav li.menuparent li.menuparent:hover li span {\r\n/* removes any images set above unless it\'s a parent or active parent */\r\n	background:  none;\r\n	padding-left: 0px;\r\n}\r\n/* Styling the appearance of menu items on hover */\r\n#primary-nav li:hover li a,\r\n#primary-nav li.menuh li a,\r\n#primary-nav li.menuparenth li a,\r\n#primary-nav li.menuactiveh li a {\r\n/* removes any images set above unless it\'s a parent or active parent */\r\n	background:  none;\r\n	color: #000;\r\n}\r\n/* The magic - set to work for up to a 3 level menu, but can be increased unlimited, for fourth level add\r\n#primary-nav li:hover ul ul ul,\r\n#primary-nav li.menuparenth ul ul ul,\r\n*/\r\n#primary-nav ul,\r\n#primary-nav li:hover ul,\r\n#primary-nav li:hover ul ul,\r\n#primary-nav li.menuparenth ul,\r\n#primary-nav li.menuparenth ul ul {\r\n	display: none;\r\n}\r\n/* for fourth level add\r\n#primary-nav ul ul ul li:hover ul,\r\n#primary-nav ul ul ul li.menuparenth ul,\r\n*/\r\n#primary-nav li:hover ul,\r\n#primary-nav ul li:hover ul,\r\n#primary-nav ul ul li:hover ul,\r\n#primary-nav li.menuparenth ul,\r\n#primary-nav ul li.menuparenth ul,\r\n#primary-nav ul ul li.menuparenth ul {\r\n	display: block;\r\n}\r\n/* IE Hack, will cause the css to not validate */\r\n#primary-nav li, #primary-nav li.menuparenth {\r\n	_float: left;\r\n	_height: 1%;\r\n}\r\n#primary-nav li a {\r\n	_height: 1%;\r\n}\r\n/* BIG NOTE: I didn\'t do anything to these 2, never tested */\r\n#primary-nav li.sectionheader {\r\n	border-left: 1px solid #006699;\r\n	border-top: 1px solid #006699;\r\n	font-size: 130%;\r\n	font-weight: bold;\r\n	padding: 1.5em 0 0.8em 0.5em;\r\n	background-color: #fff;\r\n	margin: 0;\r\n	width: 100%;\r\n}\r\n/* separator */\r\n#primary-nav li hr.separator {\r\n	display: block;\r\n	height: 0.5em;\r\n	color: #abb0b6;\r\n	background-color: #abb0b6;\r\n	width: 100%;\r\n	border: 0;\r\n	margin: 0;\r\n	padding: 0;\r\n	border-top: 1px solid #006699;\r\n	border-right: 1px solid #006699;\r\n}','screen','','2009-05-02 00:20:03','2009-05-11 00:43:17'),(46,'Navigation: FatFootMenu','#footer ul {\r\n/* some margin is set in the footer padding */\r\n   margin: 0px;\r\n/* calling a specific side, left in this case */\r\n   margin-left: 5px;\r\n   padding: 0px;\r\n/* remove any default bullets, image used in li call */\r\n   list-style: none;\r\n}\r\n#footer ul li {\r\n/* remove any default bullets, image used for consistency */\r\n   list-style: none;\r\n/* float left to set first level li items across the top */\r\n   float:left;\r\n/* a little margin at top */\r\n   margin: 5px 0px 0px;\r\n/* padding all the way around */\r\n   padding: 5px;\r\n/* you can set your own image here, used for consistency */\r\n   background: url([[root_url]]/uploads/ngrey/dot.gif) no-repeat left 10px;\r\n}\r\n#footer ul li a {\r\n/* this will make the \"a\" link a solid shape */\r\n   display:block;\r\n   margin: 2px 0px 4px;\r\n   padding: 0px 5px 5px 5px;\r\n}\r\n/* set h3 to look like \"a\" */\r\n#footer li h3 {\r\n   font-weight:normal;\r\n   font-size:100%;\r\n   margin: 2px 0px 2px 0px;\r\n   padding: 0px 5px 5px 5px;\r\n}\r\n/* set h3 to look like \"a\", less margin at this level */\r\n#footer li li h3 {\r\n   font-weight:normal;\r\n   font-size:100%;\r\n   margin: 0px;\r\n   padding: 0px 5px 5px 5px;\r\n}\r\n#footer ul li li {\r\n/* remove any default bullets, image used for consistency */\r\n   list-style: none;\r\n/* remove float so they line up under top li */\r\n   float:none;\r\n/* less margin/padding */\r\n   margin: 0px;\r\n   padding: 0px 0px 0px 5px;\r\n/* you can set your own image here, used for consistency */\r\n   background: url([[root_url]]/uploads/ngrey/dot.gif) no-repeat left 3px;\r\n}\r\n/* fix for IE6 */\r\n* html #footer ul li a {\r\n   margin: 2px 0px 0px;\r\n   padding: 0px 5px 5px 5px;\r\n}\r\n* html #footer ul li li a {\r\n   margin: 0px 0px 0px;\r\n   padding: 0px 5px 0px 5px;\r\n}\r\n/* End fix for IE6 */\r\n#footer ul ul {\r\n/* remove float so they line up under top li */\r\n   float:none;\r\n/* a little margin to offset it */\r\n   margin: 0px 0px 0px 8px;\r\n   padding: 0;\r\n}\r\n#footer ul ul ul {\r\n/* remove float so they line up under li above it */\r\n   float:none;\r\n/* a little margin to offset it */\r\n   margin: 0px 0px 0px 8px;\r\n   padding: 0;\r\n}','screen','','2009-05-02 15:05:04','2009-05-09 23:47:45'),(47,'ncleanbluecore','/*\r\n  @Nuno Costa [criacaoweb.net] Core CSS.\r\n  @Licensed under GPL and MIT.\r\n  @Status: Stable\r\n  @Version: 0.1-20090418\r\n  \r\n  @Contributors:\r\n  \r\n  --------------------------------------------------------------- \r\n*/\r\n/*----------- Global Containers ----------- */\r\n/* \r\n.core-wrap-100   =  width - 100% of Browser Fluid\r\n.core-wrap-960   =  width - 960px  - fixed\r\n.core-wrap-780   =  width - 780px  - fixed\r\n.custom-wrap-x   =  width -  custom   - declared in another css (your site css)\r\n*/\r\n.core-wrap-100 {\r\n	width: 100%;\r\n}\r\n.core-wrap-960 {\r\n	width: 960px;\r\n}\r\n.core-wrap-780 {\r\n	width: 780px;\r\n}\r\n.core-wrap-100,\r\n.core-wrap-960,\r\n.core-wrap-780,\r\n.custom-wrap-x {\r\n	margin-left: auto;\r\n	margin-right: auto;\r\n}\r\n/*----------- Global Float ----------- */\r\n.core-wrap-100  .core-float-left,\r\n.core-wrap-960  .core-float-left,\r\n.core-wrap-780  .core-float-left,\r\n.custom-wrap-x  .core-float-left {\r\n	float: left;\r\n	display: inline;\r\n}\r\n.core-wrap-100  .core-float-right,\r\n.core-wrap-960  .core-float-right,\r\n.core-wrap-780  .core-float-right,\r\n.custom-wrap-x  .core-float-right {\r\n	float: right;\r\n	display: inline;\r\n}\r\n/*----------- Global Center ----------- */\r\n.core-wrap-100   .core-center,\r\n.core-wrap-960   .core-center,\r\n.core-wrap-780   .core-center,\r\n.custom-wrap-x   .core-center {\r\n	margin-left: auto;\r\n	margin-right: auto;\r\n}','screen','','2009-05-06 14:28:28','2009-05-11 02:35:43'),(48,'ncleanblueutils','/*\r\n  @Nuno Costa [criacaoweb.net] Utils CSS.\r\n  @Licensed under GPL2 and MIT.\r\n  @Status: Stable\r\n  @Version: 0.1-20090418\r\n  \r\n  @Contributors:\r\n        -  http://meyerweb.com/eric/tools/css/reset/index.html \r\n  \r\n  --------------------------------------------------------------- \r\n*/\r\n/* From: http://meyerweb.com/eric/tools/css/reset/index.html  (Original) */\r\n/* v1.0 | 20080212 */\r\nhtml, body, div, span, applet, object, iframe,\r\nh1, h2, h3, h4, h5, h6, p, blockquote, pre,\r\na, abbr, acronym, address, big, cite, code,\r\ndel, dfn, em, font, img, ins, kbd, q, s, samp,\r\nsmall, strike, strong, sub, sup, tt, var,\r\nb, u, i, center,\r\ndl, dt, dd, ol, ul, li,\r\nfieldset, form, label, legend,\r\ntable, caption, tbody, tfoot, thead, tr, th, td {\r\n	margin: 0;\r\n	padding: 0;\r\n	border: 0;\r\n	outline: 0;\r\n	font-size: 100%;\r\n	vertical-align: baseline;\r\n	background: transparent;\r\n}\r\n/*\r\nStantby for nowbody {\r\n	line-height: 1;\r\n}\r\n*/\r\nol, ul {\r\n	list-style: none;\r\n}\r\nblockquote, q {\r\n	quotes: none;\r\n}\r\nblockquote:before,\r\nblockquote:after,\r\nq:before, q:after {\r\n	content: \'\';\r\n	content: none;\r\n}\r\n/* remember to define focus styles! */\r\n:focus {\r\n	outline: 0;\r\n}\r\n/* remember to highlight inserts somehow! */\r\nins {\r\n	text-decoration: none;\r\n}\r\ndel {\r\n	text-decoration: line-through;\r\n}\r\n/* tables still need \'cellspacing=\"0\"\' in the markup */\r\ntable {\r\n	border-collapse: collapse;\r\n	border-spacing: 0;\r\n}\r\n/* ------- @Nuno Costa [criacaoweb.net] Utils CSS. ---------- */\r\n* {\r\n	font-weight: inherit;\r\n	font-style: inherit;\r\n	font-family: inherit;\r\n}\r\ndfn {\r\n	display: none;\r\n	overflow: hidden;\r\n}\r\n/* ----------- Clear Floated Elements ----------- */\r\nhtml body .util-clearb {\r\n	background: none;\r\n	border: 0;\r\n	clear: both;\r\n	display: block;\r\n	float: none;\r\n	font-size: 0;\r\n	margin: 0;\r\n	padding: 0;\r\n	position: static;\r\n	overflow: hidden;\r\n	visibility: hidden;\r\n	width: 0;\r\n	height: 0;\r\n}\r\n/* ----------- Fix to Clear Floated Elements ----------- */\r\n.util-clearfix:after {\r\n	clear: both;\r\n	content: \'.\';\r\n	display: block;\r\n	visibility: hidden;\r\n	height: 0;\r\n}\r\n.util-clearfix {\r\n	display: inline-block;\r\n}\r\n* html .util-clearfix {\r\n	height: 1%;\r\n}\r\n.util-clearfix {\r\n	display: block;\r\n}','screen','','2009-05-06 14:29:17','2009-05-11 02:38:10'),(49,'Layout: NCleanBlue','/*  \n@Nuno Costa [criacaoweb.net]\n@Since [cmsms 1.6]\n@Contributors: Mark and Dev-Team\n*/\nbody {\n/* default text for entire site */\n	font: normal 0.8em Tahoma, Verdana, Arial, Helvetica, sans-serif;\n/* default text color for entire site */\n	color: #3A3A36;\n/* you can set your own image and background color here */\n	background: #fff url([[root_url]]/uploads/NCleanBlue/bg__full.png) repeat-x scroll left top;\n}\n/* Mask helper  for browsers ZOOM, Rezise and Decrease */\n#ncleanblue {\n/* set to width of viewport */\n	width: auto;\n/* you can set your own image and background color here */\n	background: #fff url([[root_url]]/uploads/NCleanBlue/bg__full.png) repeat-x scroll left top;\n}\n/* wiki style external links */\n/* external links will have \"(external link)\" text added, lets hide it */\na.external span {\n	position: absolute;\n	left: -5000px;\n	width: 4000px;\n}\na.external {\n/* make some room for the image, css shorthand rules, read: first top padding 0 then right padding 12px then bottom then right */\n	padding: 0 12px 0 0;\n}\n/* colors for external links */\na.external:link {\n	color: #679EBC;\n/* background image for the link to show wiki style arrow */\n	background: url([[root_url]]/uploads/NCleanBlue/external.gif) no-repeat 100% -100px;\n}\na.external:visited {\n	color: #18507C;\n/* a different color can be used for visited external links */\n/* Set the last 0 to -100px to use that part of the external.gif image for different color for active links external.gif is actually 300px tall, we can use different positions of the image to simulate rollover image changes.*/\n	background: url([[root_url]]/uploads/NCleanBlue/external.gif) no-repeat 100% -100px;\n}\na.external:hover {\n	color: #18507C;\n/* Set the last 0 to -200px to use that part of the external.gif image for different color on hover */\n	background: url([[root_url]]/uploads/NCleanBlue/external.gif) no-repeat 100% 0;\n	background-color: inherit;\n}\n/* end wiki style external links */\n/* hr and anything with the class of accessibility is hidden with CSS from visual browsers */\n.accessibility, hr {\n/* absolute lets us put it outside the viewport with the indents, the rest is to clear all defaults */\n	position: absolute;\n	top: -9999em;\n	left: -9999em;\n	background: none;\n	border: 0;\n	clear: both;\n	display: block;\n	float: none;\n	font-size: 0;\n	margin: 0;\n	padding: 0;\n	overflow: hidden;\n	visibility: hidden;\n	width: 0;\n	height: 0;\n	border: none;\n}\n/* ------------ Standard  HTML elements and their default settings ------------ */\nb, strong{font-weight: bold;}i, em{	font-style: italic;}\np {\n	padding: 0;\n	margin-top: 0.5em;\n    margin-bottom: 1em;\n   text-align:left;\n}\nh1, h2, h3, h4, h5 {\n	line-height: 1.6em;\n	font-weight: normal;\n	width: auto;\n	font-family: \"Trebuchet MS\", Arial, Helvetica, sans-serif;\n}\n/*default link styles*/\na {\n	color: #679EBC;\n	text-decoration: none;\n	text-align: left;\n}\na:hover {\n	color: #3A6B85;\n}\na:active {\n	color: #3A6B85;\n}\na:visited {\n	color: #679EBC;\n}\ninput, textarea, select {\n	font-size: 0.95em;\n}\n/* ------------ Wrapper ------------ */\ndiv#pagewrapper {\n	font-size: 95%;\n	position: relative;\n	z-index: 1;\n}\n/* ------------ Header ------------ */\n#header {\n	height: 111px;\n	width: 960px;\n}\n#logo a {\n/* adjust according your image size */\n	height: 75px;\n	width: 215px;\n/* forces full link size */\n	display: block;\n/* this hides the text */\n	text-indent: -9999em;\n	margin-top: 0;\n	margin-left: 0;\n/* you can set your own image here, note size adjustments */\n	background: url([[root_url]]/uploads/NCleanBlue/logo.png) no-repeat left top;\n}\n/* ------------ Header - Search ------------ */\ndiv#search {\n	width: 190px;\n	height: 28px;\n	margin-top: 31px;\n	margin-right: 20px;\n}\ndiv#search label {\n	text-indent: -9999em;\n	height: 0pt;\n	width: 0pt;\n	display: none;\n}\ndiv#search input.search-input {\n/* specific size for image, your image may need these adjusted */\n	width: 143px;\n	height: 17px;\n/* removes default borders, allows use of image */\n	border-style: none;\n/* text color */\n	color: #999;\n/* padding of text */\n	padding: 7px 0px 4px 10px;\n	float: left;\n/* set all font properties at once, weight, size, family */\n	font: bold 0.9em Arial, Helvetica, sans-serif;\n/* left input image, set your own here */\n	background: url([[root_url]]/uploads/NCleanBlue/search.png) no-repeat left top;\n}\ndiv#search input.search-button {\n/* specific size for image, your image may need these adjusted */\n	width: 37px;\n	height: 28px;\n/* removes default borders, allows use of image */\n	border-style: none;\n/* hides text, image has text */\n	text-indent: -9999em;\n	float: left;\n	margin: 0;\n/* provides positive hover effect */\n	cursor: pointer;\n/* removes default size/height */\n	font-size: 0px;\n	line-height: 0px;\n/* submit button image, set your own here */\n	background: transparent url([[root_url]]/uploads/NCleanBlue/search.png) no-repeat right top;\n}\n/* ------------ Content ------------ */\n#content {\n	width: auto;\n/* all text in #content will default align left, changed in other calls */\n	text-align: left;\n}\n#bar {\n	width: auto;\n	height: 40px;\n	padding-right: 1em;\n	padding-left: 1em;\n}\n.print {\n	margin-right: 75px;\n	margin-top: 10px;\n}\n#version {\n	width: 50px;\n	height: 31px;\n	position: absolute;\n	z-index: 5;\n	top: 130px;\n	right: -16px;\n	font-size: 1.6em;\n	font-weight: bold;\n	padding: 28px 15px;\n	color: #FFF;\n	text-align: center;\n	vertical-align: middle;\n	background:  url([[root_url]]/uploads/NCleanBlue/version.png) no-repeat left top;\n}\n/* IE6 fixes */\n* html div#version {\n	top: 150px;\n}\n/* End IE6 fixes */\n/* Site Title */\nh1.title {\n	font-size: 1.8em;\n	color: #666666;\n	margin-bottom: 0.5em;\n}\n/* Breadcrumbs */\ndiv.breadcrumbs {\n	padding: 0.5em 0;\n	font-size: 80%;\n	margin: 0 1em;\n}\ndiv.breadcrumbs span.lastitem {\n	font-weight: bold;\n}\n/* ------------ Side Bar (Left) ------------ */\n#left {\n	width: 250px;\n}\n/* Image that Represents the new CMS design */\n#left .screen {\n	margin: 10px 50px;\n}\n/* End  */\n.sbar-title {\n	font: bold 1.2em Arial, Helvetica, sans-serif;\n	color: #252523;\n}\n.sbar-top {\n	height: 20px;\n	width: auto;\n	padding: 10px;\n	background: url([[root_url]]/uploads/NCleanBlue/bg__content.png) no-repeat left top;\n}\n.sbar-main {\n	width: auto;\n	border-right: 1px solid #E2E2E2;\n	border-left: 1px solid #E2E2E2;\n	background: #F0F0F0;\n}\nspan.sbar-bottom {\n	width: auto;\n	display: block;\n	height: 10px;\n	background: url([[root_url]]/uploads/NCleanBlue/bg__content.png) no-repeat left bottom;\n}\n/* ------------ Main (Right) ------------ */\n#main {\n	width: 690px;\n}\n.main-top {\n	height: 15px;\n	width: auto;\n	background: url([[root_url]]/uploads/NCleanBlue/bg__content.png) no-repeat right top;\n}\n.main-main {\n	width: auto;\n	border-right: 1px solid #E2E2E2;\n	border-left: 1px solid #E2E2E2;\n	background: #F0F0F0;\n	padding: 20px;\n	padding-top: 0px;\n}\n.main-bottom {\n	width: auto;\n	height: 41px;\n	background: url([[root_url]]/uploads/NCleanBlue/bg__content.png) no-repeat right bottom;\n}\n.right49, .left49 {\n	font-size: 0.85em;\n	margin: 7px 5px 5px 10px;\n	font-weight: bold;\n}\n.left49 span {\n	display: block;\n	padding-top: 1px;\n}\n.left49 a {\n	font-weight: normal;\n}\n.right49 {\n	height: 28px;\n	width: 50px;\n	padding-right: 10px;\n	background: url([[root_url]]/uploads/NCleanBlue/bull.png) no-repeat right top;\n}\n.right49 a, .right49 a:visited {\n	padding: 7px 4px;\n	display: block;\n	color: #000;\n	height: 15px;\n	background: url([[root_url]]/uploads/NCleanBlue/bull.png) no-repeat  left top;\n}\n#main h2,\n#main h3,\n#main h4,\n#main h5,\n#main h6 {\n	font-size: 1.4em;\n	color: #301E12;\n}\ndiv#main ul,\ndiv#main ol,\ndiv#main dl,\n#footer ul,\n#footer ol {\n	line-height: 1em;\n	margin: 0 0 1.5em 0;\n}\ndiv#main ul,\n#footer ul {\n	list-style: circle;\n}\ndiv#main ul li,\ndiv#main ol li,\n#footer ul li,\n#footer ol li {\n	padding: 2px 2px 2px 5px;\n	margin-left: 20px;\n}\n/* definition lists topics on bold */\ndiv#main dl dt {\n	font-weight: bold;\n	margin: 0 0 0 1em;\n}\ndiv#main dl dd {\n	margin: 0 0 1em 1em;\n}\ndiv#main dl {\n	margin-bottom: 2em;\n	padding-bottom: 1em;\n	border-bottom: 1px solid #c0c0c0;\n}\n/* ------------ Footer ------------ */\n#footer-wrapper {\n	min-height: 235px;\n	height: auto!important;\n	height: 235px;\n	width: auto;\n	margin-top: 5px;\n	text-align: center;\n	margin-right: 00px;\n	margin-left: 0px;\n	background: #7CA3B5 url([[root_url]]/uploads/NCleanBlue/bg__footer.png) repeat-x left top;\n}\n#footer {\n	color: #FFF;\n	font-size: 0.8em;\n	min-height: 235px;\n	height: auto!important;\n	height: 235px;\n	background: #7CA3B5 url([[root_url]]/uploads/NCleanBlue/bg__footer.png) repeat-x left top;\n}\n#footer .block {\n	width: 300px;\n	margin: 20px 10px 10px;\n}\n#footer .cms {\n	text-align: right;\n}\n/* ------------ Footer Links ------------ */\n#footer ul {\n	width: auto;\n	text-align: left;\n	margin-left: 50px;\n}\n#footer ul ul {\n	margin-left: 0px;\n}\n#footer ul li a {\n	color: #FFF;\n	display: block;\n	font-weight: normal;\n	margin-bottom: 0.5em;\n	text-decoration: none;\n}\n#footer a {\n	color: #DCEDF1;\n	text-decoration: underline;\n	font-weight: bold;\n}\n/* ------------ END LAYOUT ---------------*/\n/* ------------  Menu  ROOT  ------------ */\n.page-menu {\n	width: auto;\n	height: 35px;\n	margin: 3px 0 0 20px;\n}\n.menuwrapper {}\n\nul#primary-nav li hr.menu_separator{\n        position: relative;\n        visibility: hidden;\n        display:block;\n        width:5px;\n       	height: 32px;\n       	margin: 0px 5px 0px;\n}\n.page-menu ul#primary-nav {\n	height: 1%;\n	float: left;\n	list-style: none;\n	padding: 0;\n	margin: 0;\n}\n.page-menu ul#primary-nav li {\n	float: left;\n}\n.page-menu ul#primary-nav li a,\n.page-menu ul#primary-nav li a span {\n	display: block;\n	padding: 0 10px;\n	background-repeat: no-repeat;\n	background-image: url([[root_url]]/uploads/NCleanBlue/tabs.gif);\n}\n.page-menu ul#primary-nav li a {\n	padding-left: 0;\n	color: #000;\n	font-weight: bold;\n	line-height: 2.15em;\n	text-decoration: none;\n	margin-left: 1px;\n	font-size: 0.85em;\n}\n.page-menu ul#primary-nav li a:hover,\n.page-menu ul#primary-nav li a:active {\n	color: #000;\n}\n.page-menu ul#primary-nav li a.menuactive,\n.page-menu ul#primary-nav li a:hover span {\n	color: #000;\n}\n.page-menu ul#primary-nav li a span {\n	padding-top: 6px;\n	padding-right: 0;\n	padding-bottom: 5px;\n}\n.page-menu ul#primary-nav li a.menuparenth,\n.page-menu ul#primary-nav li a.menuactive,\n.page-menu ul#primary-nav li a:hover,\n.page-menu ul#primary-nav li a:focus,\n.page-menu ul#primary-nav li a:active {\n	background-position: 100% -120px;\n}\n.page-menu ul#primary-nav li a {\n	background-position: 100% -80px;\n}\n.page-menu ul#primary-nav li a.menuactive span,\n.page-menu ul#primary-nav li a:hover span,\n.page-menu ul#primary-nav li a:focus span,\n.page-menu ul#primary-nav li a:active span {\n	background-position: 0 -40px;\n}\n.page-menu ul#primary-nav li a span {\n	background-position: 0 0;\n}\n.page-menu ul#primary-nav .sectionheader,\n.page-menu ul#primary-nav li a:link.menuactive,\n.page-menu ul#primary-nav li a:visited.menuactive {\n/* @ Opera, use pseudo classes otherwise it confuses cursor... */\n	cursor: text;\n}\n.page-menu ul#primary-nav li span,\n.page-menu ul#primary-nav li a,\n.page-menu ul#primary-nav li a:hover,\n.page-menu ul#primary-nav li a:focus,\n.page-menu ul#primary-nav li a:active {\n/* @ Opera, we need to be explicit again here now... */\n	cursor: pointer;\n}\n/* Additional IE specific bug fixes... */\n* html .page-menu ul#primary-nav {\n	display: inline-block;\n}\n*:first-child+html .page-menu ul#primary-nav {\n	display: inline-block;\n}\n/* --------------------  menu dropdow  -------------------------\n/* Unless you know what you do, do not touch this */\n/* Reset all ROOT menu styles. */\nul#primary-nav ul.unli li li a span,\nul#primary-nav ul.unli li a span,\nul#primary-nav .menuparent .unli .menuparent .unli li a span {\n	font-weight: normal;\n	background-image: none;\n	display: block;\n	padding-top: 0px;\n	padding-left: 0px;\n	padding-right: 0px;\n	padding-bottom: 0px;\n}\n#primary-nav {\n	margin: 0px;\n	padding: 0px;\n}\n#primary-nav ul {\n	list-style: none;\n	margin: -6px 0px 0px;\n	padding: 0px;\n/* Set the width of the menu elements at second level. Leaving first level flexible. */\n	width: 209px;\n}\n#primary-nav ul {\n	position: absolute;\n	z-index: 1001;\n	top: auto;\n	display: none;\n	padding-top: 9px;\n	background: url([[root_url]]/uploads/NCleanBlue/ultop.png) no-repeat left top;\n}\n* html #primary-nav ul.unli {\n	padding-top: 12px;\n	background: url([[root_url]]/uploads/NCleanBlue/ultop.gif) no-repeat left top;\n}\n#primary-nav ul.unli ul {\n	margin-left: -7px;\n	left: 100%;\n	top: 3px;\n}\n* html #primary-nav ul.unli ul {\n	margin-left: -0px;\n}\n#primary-nav li {\n	margin: 0px;\n	float: left;\n}\n#primary-nav li li {\n	margin-left: 7px;\n	margin-top: -1px;\n	float: none;\n	position: relative;\n}\n/* Styling the basic appearance of the menu elements */\nul#primary-nav ul hr.menu_separator{\n        position: relative;\n        visibility: visible;\n        display:block;\n        width:130px;\n       	height: 1px;\n       	margin: 2px 30px 2px;\n	padding: 0em;\n	border-bottom: 1px solid #ccc;\n	border-top-width: 0px;\n	border-right-width: 0px;\n	border-left-width: 0px;\n	border-top-style: none;\n	border-right-style: none;\n	border-left-style: none;\n}\n#primary-nav .separator,\n#primary-nav .separatorh {\n	height: 9px;\n	width: 209px;\n	margin: 0px 0px -8px;\n	background: url([[root_url]]/uploads/NCleanBlue/ulbtm.png) no-repeat left bottom;\n}\n* html #primary-nav .separator {\n       z-index:-1;\n	background: url([[root_url]]/uploads/NCleanBlue/ulbtm.gif) no-repeat left bottom;\n}\n*:first-child+html #primary-nav .separator {\n       z-index:-1;\n}\n#primary-nav ul.unli li a {\n	padding: 0px 10px;\n	width: 165px;\n	margin: 5px;\n	background-image: none;\n}\n* html #primary-nav ul.unli li a {\n	padding: 0px 10px 0px 5px;\n	width: 165px;\n	margin: 5px 0px;\n}\n#primary-nav li li a:hover {\n	background-color: #DBE7F2;\n}\n/* Styling the basic appearance of the active page elements (shows what page in the menu is being displayed) */\n#primary-nav li.menuactive li a {\n	text-decoration: none;\n	background: none;\n}\n#primary-nav ul.unli li.menuparenth,\n#primary-nav ul.unli a:hover,\n#primary-nav ul.unli a.menuactive {\n	background-color: #DBE7F2;\n}\n/* Styling the basic apperance of the menuparents - here styled the same on hover (fixes IE bug) */\n#primary-nav ul.unli li .menuparent,\n#primary-nav ul.unli li .menuparent:hover,\n#primary-nav ul.unli li .menuparent,\n#primary-nav .menuactive.menuparent .unli .menuactive.menuparent .menuactive.menuparent {\n	background-image: url([[root_url]]/uploads/NCleanBlue/arrow.gif);\n	background-position: center right;\n	background-repeat: no-repeat;\n}\n/* The magic - set to work for up to a 3 level menu, but can be increased unlimited */\n#primary-nav ul,\n#primary-nav li:hover ul,\n#primary-nav li:hover ul ul,\n#primary-nav li:hover ul ul ul,\n#primary-nav li.menuparenth ul,\n#primary-nav li.menuparenth ul ul,\n#primary-nav li.menuparenth ul ul ul {\n	display: none;\n}\n#primary-nav li:hover ul,\n#primary-nav ul li:hover ul,\n#primary-nav ul ul li:hover ul,\n#primary-nav ul ul ul li:hover ul,\n#primary-nav li.menuparenth ul,\n#primary-nav ul li.menuparenth ul,\n#primary-nav ul ul li.menuparenth ul,\n#primary-nav ul ul ul li.menuparenth ul {\n	display: block;\n}\n/* IE Hacks */\n#primary-nav li li {\n	float: left;\n	clear: both;\n}\n#primary-nav li li a {\n	height: 1%;\n}\n/*************** End Menu *****************/\n/* ------------ News Module ------------ */\n#news {\n	padding: 10px;\n}\n.NewsSummary {\n}\n.NewsSummaryPostdate,\n.NewsSummaryCategory,\n.NewsSummaryAuthor {\n	font-style: italic;\n	font-size: 0.8em;\n}\n.NewsSummaryLink {\n	margin: 2px 0;\n}\n.NewsSummaryContent {\n	margin: 10px 0;\n}\n.NewsSummaryMorelink {\n	margin: 5px 0 15px;\n}\n/* ------------ End News Module ------------ */','screen','','2009-05-06 14:30:25','2009-07-22 17:39:51'),(50,'Simplex: Core','[[strip]][[* using strip in stylesheet to remove unneeded empty space, will reduce the file size *]]\r\n/* =====================================\r\nBASE STYLES\r\n===================================== */\r\narticle, aside, details, figcaption, figure, footer, header, hgroup, nav, section { \r\n    display: block\r\n}\r\n/* taken from HTML5 Boilerplate http://h5bp.com */\r\nhtml { \r\n    font-size: 100%; \r\n    -webkit-text-size-adjust: 100%; \r\n    -ms-text-size-adjust: 100%\r\n}\r\naudio, canvas, video { \r\n    display: inline-block; \r\n    *display: inline; \r\n    *zoom: 1\r\n}\r\naudio:not([controls]) { \r\n    display: none\r\n}\r\n[hidden] { \r\n    display: none\r\n}\r\n/* text selection */\r\n.content-wrapper ::-moz-selection { \r\n    background: #f39c2c;\r\n    background: rgba(243,156,44,0.7);\r\n    color: #555;\r\n    text-shadow: none\r\n}\r\n.content-wrapper ::selection { \r\n    background: #f39c2c; \r\n    background: rgba(243,156,44,0.7);\r\n    color: #555;\r\n    text-shadow: none \r\n}\r\n/* Consistent box sizing and appearance */\r\ninput[type=\"checkbox\"], input[type=\"radio\"] { \r\n    box-sizing: border-box; \r\n    padding: 0; \r\n    *width: 13px; \r\n    *height: 13px\r\n}\r\ninput[type=\"search\"] { \r\n    -webkit-appearance: textfield; \r\n    -moz-box-sizing: content-box; \r\n    -webkit-box-sizing: content-box; \r\n    box-sizing: content-box\r\n}\r\ninput[type=\"search\"]::-webkit-search-decoration, input[type=\"search\"]::-webkit-search-cancel-button { \r\n    -webkit-appearance: none\r\n}\r\n/* Remove inner padding and border in FF3/4 */\r\nbutton::-moz-focus-inner, input::-moz-focus-inner { \r\n    border: 0; \r\n    padding: 0\r\n}\r\n/*\r\n * 1. Remove default vertical scrollbar in IE6/7/8/9\r\n * 2. Allow only vertical resizing\r\n */\r\ntextarea { \r\n    overflow: auto; \r\n    vertical-align: top; \r\n    resize: vertical\r\n}\r\nul, ol { \r\n    margin: 1em 0; \r\n    padding: 0 0 0 40px\r\n}\r\ndd { \r\n    margin: 0 0 0 40px\r\n}\r\nnav ul, nav ol { \r\n    list-style: none; \r\n    list-style-image: none; \r\n    margin: 0; \r\n    padding: 0\r\n}\r\n/* Redeclare monospace font family */\r\npre, code, kbd, samp { \r\n    font-family: monospace, serif; _font-family: \'courier new\', monospace; \r\n    font-size: 1em }\r\n/* Improve readability of pre-formatted text in all browsers */\r\npre { \r\n    white-space: pre;\r\n    white-space: pre-wrap; \r\n    word-wrap: break-word\r\n}\r\nq { \r\n    quotes: none\r\n}\r\nq:before, q:after { \r\n    content: \"\"; \r\n    content: none\r\n}\r\nsmall { \r\n    font-size: 85%\r\n}\r\n/* Hide from both screenreaders and browsers */\r\n.hidden { \r\n    display: none !important; \r\n    visibility: hidden\r\n}\r\n/* Hide only visually, but have it available for screenreaders */\r\n.visuallyhidden { \r\n    border: 0; \r\n    clip: rect(0,0,0,0); \r\n    height: 1px; \r\n    margin: -1px; \r\n    overflow: hidden; \r\n    padding: 0; \r\n    position: absolute; \r\n    width: 1px\r\n}\r\n/* Extends the .visuallyhidden class to allow the element to be focusable when navigated to via the keyboard */\r\n.visuallyhidden.focusable:active, \r\n.visuallyhidden.focusable:focus { \r\n    clip: auto; \r\n    height: auto; \r\n    margin: 0; \r\n    overflow: visible; \r\n    position: static; \r\n    width: auto\r\n}\r\n/* Hide visually and from screenreaders, but maintain layout */\r\n.invisible { \r\n    visibility: hidden\r\n}\r\n/* correct text resizing */\r\nhtml { \r\n    font-size: 100%; \r\n    -webkit-text-size-adjust: 100%; \r\n    -ms-text-size-adjust: 100% \r\n}\r\nbody { \r\n    margin: 0; \r\n    font-size: 1em;\r\n   /* -webkit-font-smoothing: antialiased */\r\n}\r\n/* =====================================\r\n12 COLUMN GRID\r\n===================================== */\r\n\r\n/* ================================\r\nDesktop\r\n================================ */\r\n\r\n/* the wraping container */\r\n.container {\r\n    width: 92%;\r\n    min-width: 980px;\r\n    max-width: 1260px\r\n}\r\n/* align the site */\r\n.leftaligned {\r\n    margin: 0 auto 0  0\r\n}\r\n.rightaligned {\r\n    margin: 0 0 0 auto\r\n}\r\n.centered {\r\n    margin: 0 auto\r\n}\r\n/* Global Grid layout */\r\n.grid_1,\r\n.grid_2,\r\n.grid_3,\r\n.grid_4,\r\n.grid_5,\r\n.grid_6,\r\n.grid_7,\r\n.grid_8,\r\n.grid_9,\r\n.grid_10,\r\n.grid_11,\r\n.grid_12 {\r\n	display:inline;\r\n	float: left;\r\n	position: relative;\r\n	margin-left: .96%;\r\n	margin-right: .96%   \r\n}\r\n\r\n/* alpha and omega classes remove margins, aplha = no margin left, omega = no margin right */\r\n.alpha { margin-left: 0 }\r\n.omega { margin-right: 0 }\r\n\r\n/* Grid sizes up to 12 columns */\r\n.container .grid_1 { width:6.333% }\r\n.container .grid_2 { width:14.667% }\r\n.container .grid_3 { width:23.0% }\r\n.container .grid_4 { width:31.333% }\r\n.container .grid_5 { width:39.667% }\r\n.container .grid_6 { width:48.0% }\r\n.container .grid_7 { width:56.333% }\r\n.container .grid_8 { width:64.667% }\r\n.container .grid_9 { width:73.0% }\r\n.container .grid_10 { width:81.333% }\r\n.container .grid_11 { width:89.667% }\r\n.container .grid_12 { width:98.0% }\r\n\r\n/* Prefix to add extra space left */\r\n.container .prefix_1 { padding-left:8.333% }\r\n.container .prefix_2 { padding-left:16.667% }\r\n.container .prefix_3 { padding-left:25.0% }\r\n.container .prefix_4 { padding-left:33.333% }\r\n.container .prefix_5 { padding-left:41.667% }\r\n.container .prefix_6 { padding-left:50.0% }\r\n.container .prefix_7 { padding-left:58.333% }\r\n.container .prefix_8 { padding-left:66.667% }\r\n.container .prefix_9 { padding-left:75.0% }\r\n.container .prefix_10 { padding-left:83.333% }\r\n.container .prefix_11 { padding-left:91.667% }\r\n\r\n/* Suffix to add extra space right */\r\n.container .suffix_1 { padding-right:8.333% }\r\n.container .suffix_2 { padding-right:16.667% }\r\n.container .suffix_3 { padding-right:25.0% }\r\n.container .suffix_4 { padding-right:33.333% }\r\n.container .suffix_5 { padding-right:41.667% }\r\n.container .suffix_6 { padding-right:50.0% }\r\n.container .suffix_7 { padding-right:58.333% }\r\n.container .suffix_8 { padding-right:66.667% }\r\n.container .suffix_9 { padding-right:75.0% }\r\n.container .suffix_10 { padding-right:83.333% }\r\n.container .suffix_11 { padding-right:91.667% }\r\n\r\n/* Push columns to right */\r\n.container .push_1 { left:8.333% }\r\n.container .push_2 { left:16.667% }\r\n.container .push_3 { left:25.0% }\r\n.container .push_4 { left:33.333% }\r\n.container .push_5 { left:41.667% }\r\n.container .push_6 { left:50.0% }\r\n.container .push_7 { left:58.333% }\r\n.container .push_8 { left:66.667% }\r\n.container .push_9 { left:75.0% }\r\n.container .push_10 { left:83.333% }\r\n.container .push_11 { left:91.667% }\r\n\r\n/* Pull columns to left */\r\n.container .pull_1 { left:-8.333% }\r\n.container .pull_2 { left:-16.667% }\r\n.container .pull_3 { left:-25.0% }\r\n.container .pull_4 { left:-33.333% }\r\n.container .pull_5 { left:-41.667% }\r\n.container .pull_6 { left:-50.0% }\r\n.container .pull_7 { left:-58.333% }\r\n.container .pull_8 { left:-66.667% }\r\n.container .pull_9 { left:-75.0% }\r\n.container .pull_10 { left:-83.333% }\r\n.container .pull_11 { left:-91.667% }\r\n\r\n/* =====================================\r\nTablet (Portrait) \r\n===================================== */\r\n@media only screen and (min-width: 768px) and (max-width: 1024px) and (orientation : portrait) {\r\n    .container {\r\n        width: 92%;\r\n        min-width: 768px;\r\n        max-width: 1024px\r\n    } \r\n}\r\n\r\n/* =====================================\r\nSmartphones (Portait) \r\n===================================== */\r\n@media only screen and (max-width: 320px) {\r\n    .container {\r\n        width: 92%;\r\n        min-width: 300px;\r\n        max-width: 320px\r\n    } \r\n    .container .grid_1, \r\n    .container .grid_2,\r\n    .container .grid_3,\r\n    .container .grid_4,\r\n    .container .grid_5,\r\n    .container .grid_6,\r\n    .container .grid_7,\r\n    .container .grid_8,\r\n    .container .grid_9,\r\n    .container .grid_10,\r\n    .container .grid_11,\r\n    .container .grid_12 { \r\n        width: 98%;  \r\n        margin: 0 1%;\r\n        float: none\r\n    }\r\n}\r\n\r\n/* =====================================\r\nSmartphones (Landscape) \r\n===================================== */\r\n@media only screen and (min-width: 321px) and (max-width: 767px) {\r\n    .container {\r\n        width: 92%;\r\n        min-width: 321px;\r\n        max-width: 767px\r\n    } \r\n    .container .grid_1, \r\n    .container .grid_2,\r\n    .container .grid_3,\r\n    .container .grid_4,\r\n    .container .grid_5,\r\n    .container .grid_6,\r\n    .container .grid_7,\r\n    .container .grid_8,\r\n    .container .grid_9,\r\n    .container .grid_10,\r\n    .container .grid_11,\r\n    .container .grid_12 { \r\n        width: 98%;\r\n        margin: 0 1%;\r\n        display: block;\r\n        float: none\r\n    }    \r\n}\r\n\r\n/* =====================================\r\nSmartphones (Portrait & Landscape) \r\n===================================== */\r\n@media only screen and (min-width: 300px) and (max-width: 767px) {\r\n    .container .prefix_1,\r\n    .container .prefix_2,\r\n    .container .prefix_3,\r\n    .container .prefix_4,\r\n    .container .prefix_5,\r\n    .container .prefix_6,\r\n    .container .prefix_7,\r\n    .container .prefix_8,\r\n    .container .prefix_9,\r\n    .container .prefix_10,\r\n    .container .prefix_11,\r\n    .container .suffix_1,\r\n    .container .suffix_2,\r\n    .container .suffix_3,\r\n    .container .suffix_4,\r\n    .container .suffix_5,\r\n    .container .suffix_6,\r\n    .container .suffix_7,\r\n    .container .suffix_8,\r\n    .container .suffix_9,\r\n    .container .suffix_10,\r\n    .container .suffix_11 { \r\n        padding-right: 0;\r\n        padding-left: 0\r\n    } \r\n    .container .push_1,\r\n    .container .push_2,\r\n    .container .push_3,\r\n    .container .push_4,\r\n    .container .push_5,\r\n    .container .push_6,\r\n    .container .push_7,\r\n    .container .push_8,\r\n    .container .push_9,\r\n    .container .push_10,\r\n    .container .push_11,\r\n    .container .pull_1,\r\n    .container .pull_2,\r\n    .container .pull_3,\r\n    .container .pull_4,\r\n    .container .pull_5,\r\n    .container .pull_6,\r\n    .container .pull_7,\r\n    .container .pull_8,\r\n    .container .pull_9,\r\n    .container .pull_10,\r\n    .container .pull_11 {\r\n        left: auto;\r\n        right: auto\r\n    }\r\n}\r\n\r\n/* =====================================\r\niPhone 4, iPad2, Retina stuff ?\r\n===================================== */\r\n@media only screen and (-webkit-min-device-pixel-ratio : 1.5), only screen and (min-device-pixel-ratio : 1.5) {\r\n\r\n/* if you buy me one i might test and add something here */\r\n\r\n}\r\n\r\n/* =====================================\r\nCLEARING FLOATS\r\n===================================== */\r\n.clear {\r\n	clear: both;\r\n	display: block;\r\n	overflow: hidden;\r\n	visibility: hidden;\r\n	width: 0;\r\n	height: 0\r\n}\r\n\r\n.cf:before, \r\n.cf:after,\r\n.row:before,\r\n.row:after{ \r\n    content: \"\"; \r\n    display: table\r\n}\r\n.cf:after,\r\n.row:after{ \r\n    clear: both\r\n}\r\n.cf,\r\n.row { \r\n    *zoom: 1\r\n}\r\n\r\n[[/strip]]','','screen','2012-04-24 13:15:51','2012-05-06 18:49:29'),(51,'Simplex: Layout','[[strip]][[* using strip in stylesheet to remove unneeded empty space, will reduce the file size *]]\r\n\r\n[[* APPEARANCE *]]\r\n[[* \r\nBy adding #boxed id to body tag you can easily change appearance of the site.\r\nThis would add a background image to body and content would be wrapped in a box.\r\nBy removing that id the background is removed and site is presented in white.\r\n\r\nHow: Go to Template -> Simplex and find <body>\r\nNow simply edit as following <body id=\'boxed\'>\r\n\r\nYou can as well reposition your site by changing class on wrapping div.\r\nFind in Simplex Template following: \r\n\r\n<div class=\'container centered\' id=\'wrapper\'>\r\n\r\nNow change \"centered\" to \"left\" or \"right\" and page will be left or right aligned.\r\n*]]\r\n\r\n[[* assign the images path to a variable *]]\r\n[[capture assign=\'path\']][[uploads_url]]/simplex/images[[/capture]]\r\n\r\n[[* COLORS *]]\r\n\r\n[[assign var=\'boxed_bg\' value=\"#d1d1d1 url(`$path`/boxed-bg.gif)\"]]\r\n\r\n[[assign var=\'light_grey\' value=\'#f1f1f1\']]\r\n[[assign var=\'grey\' value=\'#e9e9e9\']]\r\n[[assign var=\'dark_grey\' value=\'#555\']]\r\n[[assign var=\'white\' value=\'#fff\']]\r\n[[assign var=\'orange\' value=\'#f39c2c\']]\r\n[[assign var=\'dark_orange\' value=\'#e6870e\']]\r\n[[assign var=\'yellow\' value=\'#fdbd34\']]\r\n\r\n\r\n/* =====================================\r\nBASIC STYLES\r\n===================================== */\r\nbody {\r\n    background: [[$white]];\r\n    font-family: sans-serif; /* sans-serif falls back to default OS and Browser font, usually Arial or Helvetica and so on */\r\n    font-size: 12px;\r\n    color: [[$dark_grey]];\r\n    line-height: 1.3\r\n}\r\n/* you can change appearance of the page by adding or removing #boxed id to body tag. */\r\nbody#boxed {\r\n    background: [[$boxed_bg]] repeat\r\n}\r\n/* add some space inside the boxed container */\r\n#boxed .container {\r\n    padding: 0 1%\r\n}\r\na img {\r\n    border: none\r\n}\r\n/* you can use these classes to align images to left or right */\r\n.right {\r\n    float: right\r\n}\r\n.left {\r\n    float:left\r\n}\r\n/* if image needs some space add this class to img tag\r\n * so at the end a left floating image would be <img src=\'some.jpg\' class=\'left spacing\' alt=\'foo\' />\r\n */\r\n.spacing {\r\n    margin: 10px\r\n}\r\n.spacing.left {\r\n    margin: 10px 10px 10px 0\r\n}\r\n.spacing.right {\r\n    margin: 10px 0 10px 10px\r\n}\r\n/* or add a 2 px border to image or something, change as you need it */\r\n.border {\r\n    border: 2px solid [[$grey]]\r\n}\r\n/* some styling for code chunks */\r\ncode, samp, kbd {\r\n    font-family: Consolas, \'Andale Mono WT\', \'Andale Mono\', \'Lucida Console\', \'Lucida Sans Typewriter\', monospace;\r\n    color: [[$dark_grey]]\r\n}\r\npre code {\r\n    line-height: 1.4;\r\n    font-size: 11px\r\n}\r\npre {\r\n    padding: 10px;\r\n    margin: 10px 0;\r\n    overflow: auto;\r\n    width: 93%;\r\n    background: [[$light_grey]];\r\n    border-radius: 6px;\r\n    -webkit-border-radius: 6px;\r\n    -moz-border-radius: 6px;\r\n    -o-border-radius: 6px\r\n}\r\n/* target IE7 and IE6 */\r\n*:first-child+html pre {\r\n    padding-bottom: 20px;\r\n    overflow-y: hidden;\r\n    overflow: visible;\r\n    overflow-x: auto\r\n}\r\n* html pre {\r\n    padding-bottom: 20px;\r\n    overflow: visible;\r\n    overflow-x: auto\r\n}\r\n/* horizontal ruler */\r\nhr { \r\n    border: solid [[$grey]]; \r\n    border-width: 1px 0 0 0; \r\n    clear: both; \r\n    margin: 10px 0 30px 0; \r\n    height: 0\r\n}\r\n/* =====================================\r\nCOMMON TYPOGRAPHY\r\n===================================== */\r\n\r\n/* link default styles */\r\na { \r\n    color: [[$orange]];\r\n}\r\na:visited {  \r\n    color: [[$dark_orange]] \r\n}\r\na:hover { \r\n    color: [[$dark_grey]];\r\n    transition: transform 0.6s ease-out;\r\n    -webkit-transition: color 0.6s ease-out;\r\n    -moz-transition: color 0.6s ease-out;\r\n    -o-transition: color 0.6s ease-out;     \r\n    text-decoration: underline\r\n}\r\na:focus { \r\n    outline: thin dotted\r\n}\r\na:hover, a:active { \r\n    outline: 0\r\n}\r\n/* add icon to links with class external */\r\na.external span {\r\n    display: inline-block;\r\n    width: 9px;\r\n    height: 9px;\r\n    text-indent: -999em;\r\n    margin: 0 3px;\r\n    /* using sprite image, but left as reference to single image \r\n    background: transparent url([[$path]]/external-icon.png) no-repeat 0 0\r\n    */\r\n    background: transparent url([[$path]]/simplex-sprite.png) no-repeat -10px -130px;\r\n}\r\na.external:hover span {\r\n    background-position: -10px -139px\r\n}\r\n/* default heading styles */\r\nh1,\r\nh2,\r\nh3 {\r\n    font-family: \'Oswald\', Impact, Haettenschweiler, \'Arial Narrow Bold\', sans-serif;\r\n}\r\nh1 {\r\n    color: [[$orange]];\r\n    margin: 10px 0;\r\n    font-size: 28px;\r\n    text-transform: uppercase;\r\n}\r\nh2 {\r\n    color: [[$dark_grey]];\r\n    font-size: 22px\r\n}\r\nh3 {\r\n    color: [[$dark_grey]];\r\n    font-weight: 300;\r\n    font-size: 18px\r\n}\r\n/* blockquotes and cites */\r\nblockquote, \r\nblockquote p { \r\n    font-size: 14px; \r\n    line-height: 1.5; \r\n    color: [[$dark_grey]]; \r\n    font-style: italic;\r\n    font-family: Georgia, Times New Roman, serif\r\n}\r\nblockquote { \r\n    margin: 0 0 20px 0; \r\n    padding: 9px 10px 10px 19px; \r\n    border-left: 5px solid [[$light_grey]]\r\n}\r\nblockquote cite { \r\n    display: block; \r\n    font-size: 12px; \r\n    color: [[$dark_grey]] \r\n}\r\nblockquote cite:before { \r\n    content: \"\\2014 \\0020\"; \r\n}\r\nblockquote cite a, \r\nblockquote cite a:visited, \r\nblockquote cite a:visited {\r\n    font-family: Georgia, Times New Roman, serif;    \r\n}\r\n\r\n/* =====================================\r\nLAYOUT\r\n===================================== */\r\n/* wrapping the page in a box */\r\n#wrapper {\r\n    margin-top: 10px;\r\n    border-top: 5px solid [[$orange]]\r\n}\r\n/* you can switch appearance of the page by adding or removing id #boxed to body tag */\r\n#boxed #wrapper {\r\n    background: [[$white]];\r\n    box-shadow: 2px 2px 8px [[$dark_grey]]\r\n}\r\n   \r\n/* ------ HEADER SECTION ------ */\r\n/* if you need height or something for header part add style here */\r\n.header {\r\n \r\n}\r\n/* the logo */\r\n.logo {\r\n    margin-top: 12px;\r\n    position: relative\r\n}\r\n/* having some fun with palm, rotating with css3, will not work in IE */\r\n.logo .palm {\r\n    position: absolute;\r\n    top: 5px;\r\n    left: 45px;\r\n    /* using sprite image as background, left as reference to single image \r\n    background: url([[$path]]/palm-circle.png) no-repeat;\r\n    */\r\n    background: url([[$path]]/simplex-sprite.png) no-repeat -10px -10px;\r\n    display: block;\r\n    width: 48px;\r\n    height: 48px;\r\n    transition: transform 0.6s ease-out;    \r\n    -webkit-transition: -webkit-transform 0.6s ease-out;\r\n    -moz-transition: -moz-transform 0.6s ease-out;\r\n    -o-transition: -o-transform 0.6s ease-out;\r\n    -webkit-perspective: 1000;\r\n    -webkit-backface-visibility: hidden;     \r\n}\r\n/* css3 transform rotating palm on hover */\r\n.logo a:hover .palm {\r\n    transform: rotate(360deg);    \r\n    -webkit-transform: rotate(360deg);\r\n    -moz-transform: rotate(360deg);\r\n    -o-transform: rotate(360deg)   \r\n}\r\n.top .header {\r\n    border-bottom: 1px solid [[$light_grey]]\r\n}\r\n\r\n/* ------ NAVIGATION ------ */\r\n\r\n/* first level */\r\nnav.main-navigation {\r\n    z-index: 990;\r\n    height: 55px;\r\n    line-height: 37px;\r\n    margin-top: 20px;\r\n}\r\nnav.main-navigation > ul {\r\n    float:right;\r\n    padding: 0\r\n}\r\nnav.main-navigation > ul > li {\r\n    float: left;\r\n    padding: 0;\r\n    margin:0 12px;\r\n    position: relative\r\n}\r\nnav.main-navigation > ul > li:first-child,\r\nnav.main-navigation > ul > li.first {\r\n    margin-left: 0\r\n}\r\nnav.main-navigation > ul > li:last-child,\r\nnav.main-navigation > ul > li.last {\r\n    margin-right: 0\r\n}\r\nnav.main-navigation > ul > li > a,\r\nnav.main-navigation > ul > li.sectionheader span {\r\n    font-family: \'Oswald\', Impact, Haettenschweiler, \'Arial Narrow Bold\', sans-serif;\r\n    color: [[$dark_grey]];\r\n    text-decoration: none;\r\n    font-size: 14px;\r\n    font-weight: 600;\r\n    cursor: pointer;\r\n    text-transform: uppercase\r\n}\r\n/* Second Level */\r\nnav.main-navigation ul li ul {\r\n    top: -999em;\r\n    left: -999em;\r\n    position: absolute;\r\n    display: block;\r\n    height: 0px;\r\n    width: 200px;  \r\n    padding: 10px;\r\n    background: [[$white]];\r\n    background: rgba(255,255,255,.95);    \r\n    box-shadow: 1px 1px 8px [[$dark_grey]];\r\n    -webkit-box-shadow: 1px 1px 8px [[$dark_grey]];\r\n    -moz-box-shadow: 1px 1px 8px [[$dark_grey]];\r\n    -o-box-shadow: 1px 1px 8px [[$dark_grey]];\r\n    border-radius: 6px;\r\n    -webkit-border-radius: 6px;\r\n    -moz-border-radius: 6px;\r\n    -o-border-radius: 6px;\r\n    border: 1px solid [[$grey]] \r\n}\r\nnav.main-navigation > ul > li:hover > ul {    \r\n    height: auto;\r\n    z-index: 9999;\r\n    top: 37px;\r\n    right: 0;\r\n    left: auto;\r\n    display: block\r\n}\r\nnav.main-navigation ul ul li {\r\n    position: relative;\r\n    line-height: 1;\r\n    margin: 0;\r\n    padding: 0;\r\n    border-bottom: 1px dotted [[$grey]]\r\n}\r\n/* third level */\r\nnav.main-navigation > ul > li > ul > li:hover > ul { \r\n    height: auto;\r\n    top: 0;\r\n    right: auto;\r\n    left: -210px;\r\n    z-index: 999;    \r\n    display: block\r\n}\r\n/* navigation text color */\r\nnav.main-navigation ul li li a,\r\nnav.main-navigation ul li li.sectionheader span {\r\n    padding: 6px 12px;\r\n    font-family: sans-serif;\r\n    text-transform: none;\r\n    font-weight: normal;\r\n    font-size: 12px;\r\n    text-decoration: none;\r\n    color: [[$dark_grey]];\r\n    display: block\r\n}\r\nnav.main-navigation a:hover,\r\nnav.main-navigation a.current,\r\nnav.main-navigation li.sectionheader span:hover,\r\nnav.main-navigation li.sectionheader span.current,\r\nnav.main-navigation li.sectionheader span.parent,\r\nnav.main-navigation ul ul li a:hover,\r\nnav.main-navigation ul ul li a.current {\r\n    color: [[$orange]]\r\n}\r\n/* bottom part of header*/\r\n.header-bottom {\r\n    height: 55px;\r\n    line-height: 55px\r\n}\r\n/* catchphrase */\r\n.phrase span {\r\n    font-family: \'Oswald\', Impact, Haettenschweiler, \'Arial Narrow Bold\', sans-serif;\r\n    text-transform: uppercase;\r\n    color: #ddd;\r\n    font-size: 16px;\r\n    font-weight: 700\r\n}\r\n/* search */\r\n.search {\r\n    text-align: right;\r\n}\r\n/* webkit browser add icons to input of type search, we dont want it here now */\r\ninput.search-input::-webkit-search-decoration,\r\ninput.search-input::-webkit-search-results-button,\r\ninput.search-input::-webkit-search-results-decoration {\r\n    -webkit-appearance:none\r\n}\r\n/* styling the search input field */\r\ninput.search-input {\r\n    border: 1px solid [[$light_grey]];  \r\n    height: 17px;\r\n    line-height: 17px;\r\n    outline: 0;\r\n    margin: 13px 0 0 0;\r\n    width: 165px;\r\n    padding: 5px 0 3px 35px;\r\n    font-size: 11px;\r\n    color: [[$dark_grey]];\r\n    transition: all .35s ease-in-out;\r\n    -webkit-transition: all .35s ease-in-out;\r\n    -moz-transition: all .35s ease-in-out;\r\n    -o-transition: all .35s ease-in-out; \r\n    /* using sprite image, left as reference to single image \r\n    background: [[$white]] url([[$path]]/search-icon.png) 10px 50% no-repeat\r\n    */\r\n    background: [[$white]] url([[$path]]/simplex-sprite.png) 0px -434px no-repeat\r\n}\r\ninput.search-input:focus {\r\n    border: 1px solid [[$orange]];\r\n    width: 240px;      \r\n    box-shadow: 0 0 3px [[$orange]];    \r\n    -webkit-box-shadow: 0 0 3px [[$orange]];\r\n    -moz-box-shadow: 0 0 3px [[$orange]];\r\n    -o-box-shadow: 0 0 3px [[$orange]];\r\n}\r\n   \r\n/* ------ BANNER AREA ------ */\r\n.banner {\r\n    overflow: hidden;\r\n    background: [[$orange]]\r\n}\r\n/* left text in orange box */\r\n.banner-text {\r\n    padding:0 0 0 1%;\r\n    position: relative;\r\n    float: left;\r\n    max-height: 275px;\r\n    width: 30.333%\r\n}\r\n.banner-text ul {\r\n    padding: 32px 0;\r\n}\r\n.banner-text li {\r\n    list-style: none;\r\n    display: block;\r\n    color: [[$dark_orange]];\r\n    text-shadow: 0px 1px 0 [[$yellow]], 0 -1px 0 rgba(0,0,0,0.3);\r\n    font-size: 36px;\r\n    font-weight: 700;\r\n    transition: all 2s linear;\r\n    -webkit-transition: all 1.5s linear;\r\n    -moz-transition: all 1.5s linear;\r\n    -o-transition: all 1.5s linear;\r\n    display: block\r\n}\r\n/* animating unordered list text in banner */\r\n.banner-text li:hover {\r\n    text-indent: 120px;\r\n    opacity: 0;\r\n    transform: scale(2) rotate(35deg);\r\n    -webkit-transform: scale(2) rotate(35deg);\r\n    -moz-transform: scale(2) rotate(35deg);\r\n    -o-transform: scale(2) rotate(35deg)\r\n}\r\n/* images on the right */\r\n.banner-image {\r\n    float:right;\r\n    display: block;\r\n    position: relative;\r\n    width: 67.667%;\r\n    overflow: hidden;\r\n    background: [[$grey]]\r\n}\r\n.banner-image div {\r\n    position: absolute;\r\n    z-index: 0;\r\n    width: 100%;\r\n    min-height: 100px;\r\n    overflow: hidden;\r\n    display: block;\r\n    top: 0;\r\n    left: 0\r\n}\r\n.banner-image img {\r\n    display: block;\r\n	height: auto;\r\n    width: 100%;\r\n    bottom: 0;\r\n    max-width: 100%;\r\n}\r\n/* ------ CONTENT AREA ------ */\r\n.content-wrapper {\r\n    padding-top: 20px\r\n}\r\n.content-top {\r\n    background: url([[$path]]/dots.gif) repeat-x 0 50%;\r\n    font-family: Georgia, Times New Roman, serif;\r\n    color: [[$dark_grey]];\r\n    font-style: italic;\r\n    line-height: 20px\r\n}\r\n\r\n/* breadcrumbs */\r\n.breadcrumb {\r\n    display: inline-block;\r\n    background: [[$white]];\r\n    width: auto;\r\n    padding-right: 6px\r\n}\r\n.breadcrumb a {\r\n    color: [[$dark_grey]];\r\n    display: inline-block;\r\n    width: auto;\r\n    background: [[$white]]\r\n}\r\n\r\n/* print button */\r\na.printbutton {\r\n    display: block;\r\n    padding-left: 6px;\r\n    width: 16px;\r\n    height: 16px;\r\n    float:right;\r\n    text-indent: -999em;\r\n    /* using sprite image, left as reference to single image\r\n    background: [[$white]] url([[$path]]/print-icon.png) no-repeat 6px -16px;\r\n    */\r\n    background: [[$white]] url([[$path]]/simplex-sprite.png) no-repeat -4px -94px;\r\n    transition: all 0.2s ease-out;    \r\n    -webkit-transition: all 0.2s ease-out;\r\n    -moz-transition: all 0.2s ease-out;\r\n    -o-transition: all 0.2s ease-out     \r\n}\r\na.printbutton:hover {\r\n    /* using sprite image, left as reference to single image\r\n    background: [[$white]] url([[$path]]/print-icon.png) no-repeat 6px 0;\r\n    */\r\n    background: [[$white]] url([[$path]]/simplex-sprite.png) no-repeat -4px -78px;\r\n}\r\n\r\n/* news module summary -> content */\r\n.content .news-summary  span.heading {\r\n    display: none\r\n}\r\n.content .news-article {\r\n    margin-bottom: 15px;\r\n    padding-bottom: 15px;\r\n    border-bottom: 1px dotted [[$grey]]\r\n}\r\n.content .news-summary ul.category-list {\r\n    margin: 15px 0\r\n}\r\n.content .news-summary ul.category-list li a,\r\n.news-summary ul.category-list li span {\r\n    border-radius: 4px\r\n}\r\n.news-summary ul.category-list li span {\r\n    opacity: .4\r\n}\r\n/* news module summary -> sitewide (content + sidebar) */\r\n/* article heading */\r\n.news-article h2 {\r\n    margin: 0 0 15px 0\r\n}\r\n.news-article h2 a {\r\n    font-family: \'Oswald\', Impact, Haettenschweiler, \'Arial Narrow Bold\', sans-serif;\r\n    text-transform: uppercase;\r\n    color: [[$dark_grey]];\r\n    font-size: 16px;\r\n    text-decoration: none;\r\n    font-weight: 700\r\n}\r\n/* date circle, well square for IE  */\r\n.news-article .date {\r\n    background: [[$orange]];\r\n    color: [[$white]];\r\n    display: block;\r\n    float:left;\r\n    width: 40px;\r\n    padding: 6px;\r\n    height: 40px;\r\n    border-radius: 26px;\r\n    text-align: center;\r\n    font-family: Georgia, Times New Roman, serif\r\n}\r\n.news-article .day {\r\n    font-size: 20px;\r\n    line-height: 1;\r\n    padding-bottom: 2px;\r\n    font-style: italic;\r\n    display: block\r\n}\r\n.news-article.month {\r\n    font-size: 11px;\r\n    display: block\r\n}\r\n/* author and category */\r\n.news-article .author,\r\n.news-article .category {\r\n    font-family: Georgia, Times New Roman, serif;\r\n    display: block;\r\n    padding-left: 60px;\r\n    font-size: 11px;\r\n    font-style: italic\r\n}\r\n/* category list on top of summary */\r\n.news-summary ul.category-list {\r\n    margin:15px 0 0 0;\r\n    padding:0;\r\n    list-style: none\r\n}\r\n.news-summary ul.category-list li {\r\n    float:left;\r\n    display: block;\r\n    width: auto;\r\n    margin-right: 5px\r\n}\r\n.news-summary ul.category-list li a,\r\n.news-summary ul.category-list li span {\r\n    display: block;\r\n    color: [[$dark_grey]];\r\n    padding: 4px 8px;\r\n    background: [[$light_grey]];\r\n    border-radius: 4px 4px 0 0;\r\n    text-decoration: none;\r\n    font-size: 11px;\r\n    text-transform: uppercase\r\n}\r\n.news-summary ul.category-list li a:hover {\r\n    color: [[$orange]]\r\n}\r\n.news-summary .paginate {\r\n    font: italic 11px/1.2 Georgia, Times New Roman, serif;\r\n    \r\n}\r\n.news-summary .paginate a {\r\n    padding: 0 3px;\r\n}\r\n.news-meta {\r\n    background: [[$light_grey]];\r\n    padding: 10px;\r\n    margin: 10px 0\r\n}\r\n/* more link */\r\n.more,\r\n.more a,\r\n/* back link */\r\n.back,\r\n.back a,\r\n/* previous, next links */\r\n.previous a,\r\n.next a,\r\n.previous,\r\n.next {\r\n    font:  italic 12px/1.3 Georgia, Times New Roman, serif;\r\n    color: [[$dark_grey]];\r\n    text-decoration: none\r\n} \r\n/* hover behavior of more, next, previous links */\r\n.more a:hover,\r\n.back a:hover,\r\n.previous a:hover,\r\n.next a:hover {\r\n    text-decoration: underline\r\n}\r\n.previous,\r\n.next {\r\n    padding: 6px 0;\r\n}\r\n/* align next link to right */\r\n.previous {\r\n    float:left;\r\n}\r\n.next {\r\n    float: right\r\n}\r\n\r\n/* ------ SIDEBAR AREA ------ */\r\n\r\n/* news module summary -> sidebar */\r\n.sidebar .news-summary  span.heading {\r\n    background: url([[$path]]/dots.gif) repeat-x 0 50%;\r\n    color: [[$dark_grey]];\r\n    font:  normal 16px/20px Georgia, Times New Roman, serif;\r\n    margin: 0 0 15px 0;\r\n    display: block\r\n}\r\n.sidebar .news-summary .heading span {\r\n    display: inline-block;\r\n    width: auto;\r\n    background: [[$white]];\r\n    padding-right: 6px\r\n}\r\n.sidebar .news-article {\r\n    padding: 15px;\r\n    position: relative;\r\n    background: [[$light_grey]];\r\n    margin-bottom: 20px;\r\n    border-radius: 0 0 6px 0\r\n}\r\n/* creating a bubble box with css3 */\r\n.sidebar .news-article:before {\r\n    content:\'\';\r\n    position: absolute;\r\n    bottom: -15px;\r\n    right: 25px;\r\n    width: 10px;\r\n    height: 35px;\r\n    -webkit-transform: rotate(55deg) skewY(55deg);\r\n    -moz-transform: rotate(55deg) skewY(55deg);\r\n    -o-transform: rotate(55deg) skewY(55deg);\r\n    -ms-transform: rotate(55deg) skewY(55deg);\r\n    transform: rotate(55deg) skewY(55deg);\r\n    background: [[$light_grey]]\r\n}\r\n\r\n/* ------ FOOTER AREA ------ */\r\n/* footer wrapper */\r\n.footer {\r\n    position: relative;\r\n    background: transparent url([[$path]]/footer-background.png) repeat-x top;\r\n    border-bottom: 1px dotted [[$grey]];\r\n    margin: 25px 0 10px 0;\r\n    padding: 20px 0\r\n}\r\n/* copyright text */\r\n.copyright {\r\n    padding-top: 15px\r\n}\r\n.copyright p,\r\n.copyright a {\r\n    color: [[$dark_grey]];\r\n    font-size: 11px\r\n}\r\n/* social icons */\r\n.footer ul.social {\r\n    padding: 0;\r\n    margin: 0\r\n}\r\n.footer .social li {\r\n    float:left;\r\n    margin: 0;\r\n    padding: 0;\r\n    list-style: none;\r\n    margin-right: 6px\r\n}\r\n.footer .social li a {\r\n    display: block;\r\n    width: 24px;\r\n    height: 24px;\r\n    transition: all 0.2s ease-out;    \r\n    -webkit-transition: all 0.2s ease-out;\r\n    -moz-transition: all 0.2s ease-out;\r\n    -o-transition: all 0.2s ease-out;     \r\n    text-indent: -999em\r\n}\r\n.footer .social li.facebook a { \r\n    /* using sprite image, left as reference to single image \r\n    background: transparent url([[$path]]/facebook-icon.png) no-repeat 0 -24px\r\n    */\r\n    background: transparent url([[$path]]/simplex-sprite.png) no-repeat -10px -260px\r\n}\r\n.footer .social li.facebook a:hover {\r\n    /* using sprite image, left as reference to single image \r\n    background: transparent url([[$path]]/facebook-icon.png) no-repeat 0 0\r\n    */\r\n    background: transparent url([[$path]]/simplex-sprite.png) no-repeat -10px -236px\r\n}\r\n.footer .social li.twitter a { \r\n    /* background: transparent url([[$path]]/twitter-icon.png) no-repeat 0 -24px */\r\n    background: transparent url([[$path]]/simplex-sprite.png) no-repeat -10px -192px\r\n}\r\n.footer .social li.twitter a:hover {\r\n    /* background: transparent url([[$path]]/twitter-icon.png) no-repeat 0 0 */\r\n    background: transparent url([[$path]]/simplex-sprite.png) no-repeat -10px -168px\r\n}\r\n.footer .social li.linkedin a { \r\n    /* background: transparent url([[$path]]/linkedin-icon.png) no-repeat 0 -24px */\r\n    background: transparent url([[$path]]/simplex-sprite.png) no-repeat -10px -328px\r\n}\r\n.footer .social li.linkedin a:hover {\r\n   /*  background: transparent url([[$path]]/linkedin-icon.png) no-repeat 0 0 */\r\n   background: transparent url([[$path]]/simplex-sprite.png) no-repeat -10px -304px\r\n}\r\n.footer .social li.youtube a { \r\n    /* background: transparent url([[$path]]/youtube-icon.png) no-repeat 0 -24px */\r\n    background: transparent url([[$path]]/simplex-sprite.png) no-repeat -10px -396px\r\n}\r\n.footer .social li.youtube a:hover {\r\n    /* background: transparent url([[$path]]/youtube-icon.png) no-repeat 0 0 */\r\n    background: transparent url([[$path]]/simplex-sprite.png) no-repeat -10px -372px\r\n}\r\n/* back to top anchor */\r\n.back-top a {\r\n    display: inline-block;\r\n    width: auto;\r\n    padding: 8px;\r\n    border-left: 5px solid [[$white]];\r\n    border-right: 5px solid [[$white]];\r\n    font:  normal italic 11px/20px Georgia, Times New Roman, serif;\r\n    text-decoration: none;\r\n    color: [[$dark_grey]];\r\n    background: [[$light_grey]];\r\n    color: [[$dark_grey]];\r\n    border-radius: 10px 0 10px 0;\r\n    -webkit-border-radius: 10px 0 10px 0;\r\n    -moz-border-radius: 10px 0 10px 0;\r\n    -o-border-radius: 10px 0 10px 0;\r\n    position: absolute;\r\n    top: -14px;\r\n    left: 48%\r\n}\r\n/* Footer navigation */\r\n.footer-navigation {\r\n    padding-top: 15px\r\n}\r\n.footer-navigation > ul > li {\r\n    float:left;\r\n    width: 32.333%\r\n}\r\n.footer-navigation > ul > li > a,\r\n.footer-navigation > ul > li span.sectionheader {\r\n    font-family: \'Oswald\', Impact, Haettenschweiler, \'Arial Narrow Bold\', sans-serif;\r\n    text-transform: uppercase;\r\n    color: [[$dark_grey]];\r\n    text-decoration: none;\r\n    display: block\r\n}\r\n/* second level */\r\n.footer-navigation > ul ul {\r\n    margin-top: 10px\r\n}\r\n.footer-navigation > ul > li li {\r\n    float: none;\r\n    width: 100%;\r\n    display: block\r\n}\r\n.footer-navigation > ul > li li a,\r\n.footer-navigation > ul > li.sectionheader li a,\r\n.footer-navigation > ul > li li span.sectionheader  {\r\n    text-decoration: none;\r\n    font-family: sans-serif;\r\n    font-weight: normal;\r\n    text-transform: none; \r\n    display: block;\r\n    padding: 2px 0;\r\n    color: [[$dark_grey]]\r\n}\r\n.footer-navigation > ul > li li a:hover {\r\n    color: [[$orange]]\r\n}\r\n\r\n[[/strip]]','','screen','2012-04-24 13:16:21','2013-04-17 14:33:49'),(52,'Simplex: Print','/* reset body background and color, just in case */\r\nbody {\r\n    background: #fff;\r\n    color: #000;\r\n    font-family: Georgia, Times New Roman, serif;\r\n    font-size: 12pt\r\n}\r\n/* any element with class noprint or listed below should not be printed */\r\n.noprint,\r\n.visuallyhidden {\r\n    display: none\r\n}\r\n/* display image as block */\r\nimg {\r\n    display: block;\r\n    float: none\r\n}\r\n/* remove width and floats from elements */\r\n#wrapper,\r\n.container,\r\n.container .grid_1, \r\n.container .grid_2,\r\n.container .grid_3,\r\n.container .grid_4,\r\n.container .grid_5,\r\n.container .grid_6,\r\n.container .grid_7,\r\n.container .grid_8,\r\n.container .grid_9,\r\n.container .grid_10,\r\n.container .grid_11,\r\n.container .grid_12 {\r\n    width: 100%;\r\n    margin: 0;\r\n    float: none    \r\n}\r\n/* links arent clickable on paper, lets display url */\r\na:link:after {\r\n    content: \" (\" attr(href) \") \";\r\n}\r\na {\r\n    text-decoration: underline\r\n}\r\n','print','','2012-04-26 07:47:10','2012-05-06 17:10:32'),(53,'Simplex: Mobile','[[strip]][[* using strip in stylesheet to remove unneeded empty space, will reduce the file size *]]\r\n\r\n/* Default styles for screens up to 1024px width */\r\n/* realign logo for mobile devices */\r\n.logo.grid_4 {\r\n    float: none;\r\n    display: block;\r\n    text-align: center;\r\n    margin:10px 0;\r\n    padding:0;\r\n    width: 100%\r\n}\r\n/* hide rotating palm */\r\n.logo .palm {\r\n    display: none\r\n}\r\n/* realign navigation for mobile devices */\r\nnav.main-navigation {\r\n    float: none;\r\n    margin: 0;\r\n    height: auto;\r\n    line-height: 1\r\n}\r\nnav.main-navigation > ul {\r\n    float:none;\r\n    position: relative;\r\n    padding: 0\r\n}\r\nnav.main-navigation ul li {\r\n    background: #f1f1f1;\r\n    display: block;\r\n    position: relative;\r\n    border-radius: 4px 4px 0 0;\r\n    padding: 0 10px;\r\n    margin: 0 1px\r\n}\r\nnav.main-navigation > ul > li > a,\r\nnav.main-navigation > ul > li.sectionheader > span {\r\n    font-size: 12px;\r\n    line-height: 28px;\r\n}\r\n/* second level navigation */\r\nnav.main-navigation ul li ul {\r\n    top: -999em;\r\n    left: -999em;\r\n    width: 200px;\r\n    height: auto;\r\n    display: block;\r\n    position: absolute;\r\n}\r\nnav.main-navigation > ul > li:hover > ul,\r\nnav.main-navigation > ul > li.active > ul {\r\n    top: 28px;\r\n    left: 0;\r\n    z-index: 999;\r\n    right: auto\r\n}\r\nnav.main-navigation ul ul li {\r\n    position: relative;\r\n    background: #fff;\r\n    line-height: 1;\r\n    height: auto;\r\n    margin: 0;\r\n    padding: 0\r\n} \r\nnav.main-navigation > ul > li li a {\r\n    line-height: 1\r\n}\r\n/* third level */\r\nnav.main-navigation > ul > li > ul > li:hover > ul {\r\n    left: 0;\r\n    top: 28px\r\n}\r\n/* close button (appended to dropdown with jquery) */\r\n.close-button {\r\n    display: block;\r\n    background: url([[uploads_url]]/simplex/images/close_button.png) no-repeat;\r\n    text-indent: -999em;\r\n    position: absolute;\r\n    bottom: -5px;\r\n    right: -5px;\r\n    width: 24px;\r\n    height: 24px\r\n}\r\n/* display phrase text and search box in full width */\r\n.header-bottom {\r\n    height: auto;\r\n    line-height: 1.2;\r\n    padding: 10px 0\r\n}\r\n.search input {\r\n    text-align: center;\r\n    padding: 5px 0 3px 0;\r\n    display: block\r\n}\r\n/* phrase */\r\n.phrase .grid_7 {\r\n    margin: 0;\r\n    width: 100%;\r\n    float: none;\r\n    display: block\r\n}\r\n/* hide banner text and size image area */\r\n.banner-text {\r\n    display: none;\r\n    width: 0\r\n}\r\n.banner-image {\r\n    display: block;\r\n    width: 100%;\r\n    float:none;\r\n    margin: 0;\r\n    padding: 0\r\n}\r\n/* hide print button */\r\na.printbutton {\r\n    display: none\r\n}\r\n\r\n/* =====================================\r\nTablet (Portrait) \r\n===================================== */\r\n@media only screen and (min-width: 768px) and (max-width: 1024px) and (orientation : portrait) {\r\n    /* realign navigation for mobile devices */\r\n    nav.main-navigation {\r\n        float: none;\r\n        margin: 0;\r\n        line-height: 1\r\n    }\r\n    nav.main-navigation ul li {\r\n        position: static\r\n    }\r\n    nav.main-navigation > ul > li > a,\r\n    nav.main-navigation > ul > li.sectionheader > span {\r\n        font-size: 14px\r\n    } \r\n    .header-bottom {\r\n        height: auto;\r\n        line-height: 1.2;\r\n        padding: 10px 0\r\n    }\r\n    .search input {\r\n        width: 60%;\r\n        text-align: center;\r\n        padding: 5px 0 3px 0;\r\n        display: block\r\n    }\r\n}\r\n\r\n/* =====================================\r\nSmartphones (Landscape) \r\n===================================== */\r\n@media only screen and (min-width: 321px) and (max-width: 767px) { \r\n    nav.main-navigation ul li {\r\n        position: static\r\n    }    \r\n    nav.main-navigation > ul > li > a.\r\n    nav.main-navigation > ul > li.sectionheader > span {\r\n        font-size: 10px\r\n    }\r\n}\r\n\r\n/* =====================================\r\nSmartphones (Portait) \r\n===================================== */\r\n@media only screen and (max-width: 480px) {\r\n    .logo img {\r\n        margin: 20px auto\r\n    }\r\n    /* realing navigation */\r\n    nav.main-navigation {\r\n        line-height: 1\r\n    }\r\n    nav.main-navigation > ul > li:hover > ul,\r\n    nav.main-navigation > ul > li.active > ul {\r\n        top: 58px;\r\n        left: 2%;\r\n        right: auto\r\n    }    \r\n    nav.main-navigation ul li {\r\n        float: none;\r\n        position: relative;\r\n        background: none;\r\n        border-bottom: 1px dotted #f1f1f1;\r\n        border-radius: 0;\r\n        padding: 8px 0;\r\n        margin: 0\r\n    }\r\n    nav.main-navigation > ul > li > a,\r\n    nav.main-navigation > ul > li.sectionheader span {\r\n        font-size: 20px\r\n    }\r\n    /* search box */\r\n    .grid_5.search {\r\n        float:none;\r\n        margin: 0 auto;\r\n        width: 100%;\r\n    }    \r\n    .search input {\r\n        width: 80%;\r\n        text-align: center;\r\n        padding: 5px 0 3px 0;\r\n        display: block\r\n    }     \r\n    /* hiding footer navigation or it is squeezed to much */\r\n    .footer-navigation {\r\n        display: none\r\n    }\r\n    .footer .copyright {\r\n        text-align: center\r\n    }\r\n}\r\n\r\n[[/strip]]','','screen and (min-width: 300px) and (max-width: 1024px)','2012-04-30 12:27:44','2013-04-17 14:36:32');
/*!40000 ALTER TABLE `cms_css` ENABLE KEYS */;
UNLOCK TABLES;

--
-- Table structure for table `cms_css_assoc`
--

DROP TABLE IF EXISTS `cms_css_assoc`;
/*!40101 SET @saved_cs_client     = @@character_set_client */;
/*!40101 SET character_set_client = utf8 */;
CREATE TABLE `cms_css_assoc` (
  `assoc_to_id` int(11) DEFAULT NULL,
  `assoc_css_id` int(11) DEFAULT NULL,
  `assoc_type` varchar(80) DEFAULT NULL,
  `create_date` datetime DEFAULT NULL,
  `modified_date` datetime DEFAULT NULL,
  `assoc_order` int(11) DEFAULT NULL,
  KEY `cms_index_css_assoc_by_assoc_to_id` (`assoc_to_id`),
  KEY `cms_index_css_assoc_by_assoc_css_id` (`assoc_css_id`)
) ENGINE=MyISAM DEFAULT CHARSET=utf8;
/*!40101 SET character_set_client = @saved_cs_client */;

--
-- Dumping data for table `cms_css_assoc`
--

LOCK TABLES `cms_css_assoc` WRITE;
/*!40000 ALTER TABLE `cms_css_assoc` DISABLE KEYS */;
INSERT INTO `cms_css_assoc` VALUES (17,41,'template','2006-07-25 21:22:32','2006-07-25 21:22:32',4),(16,39,'template','2006-07-25 21:22:32','2006-07-25 21:22:32',1),(18,31,'template','2006-07-25 21:22:32','2006-07-25 21:22:32',4),(18,35,'template','2006-07-25 21:22:32','2006-07-25 21:22:32',5),(18,30,'template','2006-07-25 21:22:32','2006-07-25 21:22:32',6),(18,38,'template','2006-07-25 21:22:32','2006-07-25 21:22:32',2),(18,42,'template','2009-04-30 17:44:09','2009-04-30 17:44:09',3),(18,39,'template','2006-07-25 21:22:32','2006-07-25 21:22:32',1),(16,31,'template','2006-07-25 21:22:32','2006-07-25 21:22:32',4),(16,34,'template','2006-07-25 21:22:32','2006-07-25 21:22:32',2),(16,35,'template','2006-07-25 21:22:32','2006-07-25 21:22:32',3),(16,30,'template','2006-07-25 21:22:32','2006-07-25 21:22:32',5),(15,31,'template','2006-07-25 21:22:32','2006-07-25 21:22:32',3),(15,33,'template','2006-07-25 21:22:32','2006-07-25 21:22:32',2),(15,32,'template','2006-07-25 21:22:32','2006-07-25 21:22:32',1),(15,30,'template','2006-07-25 21:22:32','2006-07-25 21:22:32',4),(15,35,'template','2006-07-25 21:22:32','2006-07-25 21:22:32',5),(17,32,'template','2006-07-25 21:22:32','2006-07-25 21:22:32',1),(17,35,'template','2006-07-25 21:22:32','2006-07-25 21:22:32',3),(17,30,'template','2006-07-25 21:22:32','2006-07-25 21:22:32',5),(17,42,'template','2009-04-30 01:10:05','2009-04-30 01:10:05',2),(17,31,'template','2006-07-25 21:22:32','2006-07-25 21:22:32',6),(20,39,'template','2009-05-01 04:30:42','2009-05-01 04:30:42',1),(20,31,'template','2009-05-01 04:30:42','2009-05-01 04:30:42',4),(20,43,'template','2009-05-01 04:33:01','2009-05-01 04:33:01',2),(20,35,'template','2009-05-01 04:30:42','2009-05-01 04:30:42',3),(20,30,'template','2009-05-01 04:30:42','2009-05-01 04:30:42',5),(21,31,'template','2009-05-01 23:17:51','2009-05-01 23:17:51',3),(21,45,'template','2009-05-02 00:20:26','2009-05-02 00:20:26',2),(21,32,'template','2009-05-01 23:17:51','2009-05-01 23:17:51',1),(21,30,'template','2009-05-01 23:17:51','2009-05-01 23:17:51',4),(21,35,'template','2009-05-01 23:17:51','2009-05-01 23:17:51',5),(15,46,'template','2009-05-02 15:05:19','2009-05-02 15:05:19',6),(21,46,'template','2009-05-02 15:05:22','2009-05-02 15:05:22',6),(16,46,'template','2009-05-02 15:05:24','2009-05-02 15:05:24',6),(20,46,'template','2009-05-02 15:05:27','2009-05-02 15:05:27',6),(17,46,'template','2009-05-02 15:05:29','2009-05-02 15:05:29',7),(22,48,'template','2009-05-06 14:31:08','2009-05-06 14:31:08',1),(18,46,'template','2009-05-02 15:05:34','2009-05-02 15:05:34',7),(22,47,'template','2009-05-06 14:31:14','2009-05-06 14:31:14',2),(22,49,'template','2009-05-06 14:31:20','2009-05-06 14:31:20',3),(23,50,'template','2012-04-24 13:16:37','2012-04-24 13:16:37',2),(23,51,'template','2012-04-24 13:16:44','2012-04-24 13:16:44',3),(23,52,'template','2012-04-26 07:47:34','2012-04-26 07:47:34',1),(23,53,'template','2012-04-30 12:28:14','2012-04-30 12:28:14',4);
/*!40000 ALTER TABLE `cms_css_assoc` ENABLE KEYS */;
UNLOCK TABLES;

--
-- Table structure for table `cms_css_seq`
--

DROP TABLE IF EXISTS `cms_css_seq`;
/*!40101 SET @saved_cs_client     = @@character_set_client */;
/*!40101 SET character_set_client = utf8 */;
CREATE TABLE `cms_css_seq` (
  `id` int(11) NOT NULL
) ENGINE=MyISAM DEFAULT CHARSET=utf8;
/*!40101 SET character_set_client = @saved_cs_client */;

--
-- Dumping data for table `cms_css_seq`
--

LOCK TABLES `cms_css_seq` WRITE;
/*!40000 ALTER TABLE `cms_css_seq` DISABLE KEYS */;
INSERT INTO `cms_css_seq` VALUES (53);
/*!40000 ALTER TABLE `cms_css_seq` ENABLE KEYS */;
UNLOCK TABLES;

--
-- Table structure for table `cms_event_handler_seq`
--

DROP TABLE IF EXISTS `cms_event_handler_seq`;
/*!40101 SET @saved_cs_client     = @@character_set_client */;
/*!40101 SET character_set_client = utf8 */;
CREATE TABLE `cms_event_handler_seq` (
  `id` int(11) NOT NULL
) ENGINE=MyISAM DEFAULT CHARSET=utf8;
/*!40101 SET character_set_client = @saved_cs_client */;

--
-- Dumping data for table `cms_event_handler_seq`
--

LOCK TABLES `cms_event_handler_seq` WRITE;
/*!40000 ALTER TABLE `cms_event_handler_seq` DISABLE KEYS */;
INSERT INTO `cms_event_handler_seq` VALUES (5);
/*!40000 ALTER TABLE `cms_event_handler_seq` ENABLE KEYS */;
UNLOCK TABLES;

--
-- Table structure for table `cms_event_handlers`
--

DROP TABLE IF EXISTS `cms_event_handlers`;
/*!40101 SET @saved_cs_client     = @@character_set_client */;
/*!40101 SET character_set_client = utf8 */;
CREATE TABLE `cms_event_handlers` (
  `event_id` int(11) DEFAULT NULL,
  `tag_name` varchar(255) DEFAULT NULL,
  `module_name` varchar(160) DEFAULT NULL,
  `removable` int(11) DEFAULT NULL,
  `handler_order` int(11) DEFAULT NULL,
  `handler_id` int(11) NOT NULL,
  PRIMARY KEY (`handler_id`)
) ENGINE=MyISAM DEFAULT CHARSET=utf8;
/*!40101 SET character_set_client = @saved_cs_client */;

--
-- Dumping data for table `cms_event_handlers`
--

LOCK TABLES `cms_event_handlers` WRITE;
/*!40000 ALTER TABLE `cms_event_handlers` DISABLE KEYS */;
INSERT INTO `cms_event_handlers` VALUES (38,NULL,'MenuManager',0,1,1),(40,NULL,'MenuManager',0,1,2),(38,NULL,'Search',0,2,3),(40,NULL,'Search',0,2,4),(48,NULL,'Search',0,1,5);
/*!40000 ALTER TABLE `cms_event_handlers` ENABLE KEYS */;
UNLOCK TABLES;

--
-- Table structure for table `cms_events`
--

DROP TABLE IF EXISTS `cms_events`;
/*!40101 SET @saved_cs_client     = @@character_set_client */;
/*!40101 SET character_set_client = utf8 */;
CREATE TABLE `cms_events` (
  `originator` varchar(200) NOT NULL,
  `event_name` varchar(200) NOT NULL,
  `event_id` int(11) NOT NULL,
  PRIMARY KEY (`event_id`),
  KEY `cms_originator` (`originator`),
  KEY `cms_event_name` (`event_name`),
  KEY `cms_event_id` (`event_id`)
) ENGINE=MyISAM DEFAULT CHARSET=utf8;
/*!40101 SET character_set_client = @saved_cs_client */;

--
-- Dumping data for table `cms_events`
--

LOCK TABLES `cms_events` WRITE;
/*!40000 ALTER TABLE `cms_events` DISABLE KEYS */;
INSERT INTO `cms_events` VALUES ('Core','LoginPost',1),('Core','LogoutPost',2),('Core','AddUserPre',3),('Core','AddUserPost',4),('Core','EditUserPre',5),('Core','EditUserPost',6),('Core','DeleteUserPre',7),('Core','DeleteUserPost',8),('Core','AddGroupPre',9),('Core','AddGroupPost',10),('Core','EditGroupPre',11),('Core','EditGroupPost',12),('Core','DeleteGroupPre',13),('Core','DeleteGroupPost',14),('Core','AddStylesheetPre',15),('Core','AddStylesheetPost',16),('Core','EditStylesheetPre',17),('Core','EditStylesheetPost',18),('Core','DeleteStylesheetPre',19),('Core','DeleteStylesheetPost',20),('Core','AddTemplatePre',21),('Core','AddTemplatePost',22),('Core','EditTemplatePre',23),('Core','EditTemplatePost',24),('Core','DeleteTemplatePre',25),('Core','DeleteTemplatePost',26),('Core','TemplatePreCompile',27),('Core','TemplatePostCompile',28),('Core','AddGlobalContentPre',29),('Core','AddGlobalContentPost',30),('Core','EditGlobalContentPre',31),('Core','EditGlobalContentPost',32),('Core','DeleteGlobalContentPre',33),('Core','DeleteGlobalContentPost',34),('Core','GlobalContentPreCompile',35),('Core','GlobalContentPostCompile',36),('Core','ContentEditPre',37),('Core','ContentEditPost',38),('Core','ContentDeletePre',39),('Core','ContentDeletePost',40),('Core','AddUserDefinedTagPre',41),('Core','AddUserDefinedTagPost',42),('Core','EditUserDefinedTagPre',43),('Core','EditUserDefinedTagPost',44),('Core','DeleteUserDefinedTagPre',45),('Core','DeleteUserDefinedTagPost',46),('Core','ModuleInstalled',47),('Core','ModuleUninstalled',48),('Core','ModuleUpgraded',49),('Core','ContentStylesheet',50),('Core','ContentPreCompile',51),('Core','ContentPostCompile',52),('Core','ContentPostRender',53),('Core','SmartyPreCompile',54),('Core','SmartyPostCompile',55),('Core','ChangeGroupAssignPre',56),('Core','ChangeGroupAssignPost',57),('Core','StylesheetPreCompile',58),('Core','StylesheetPostCompile',59),('Core','LoginFailed',60),('Core','TemplatePreFetch',61),('FileManager','OnFileUploaded',62),('News','NewsArticleAdded',63),('News','NewsArticleEdited',64),('News','NewsArticleDeleted',65),('News','NewsCategoryAdded',66),('News','NewsCategoryEdited',67),('News','NewsCategoryDeleted',68),('Search','SearchInitiated',69),('Search','SearchCompleted',70),('Search','SearchItemAdded',71),('Search','SearchItemDeleted',72),('Search','SearchAllItemsDeleted',73);
/*!40000 ALTER TABLE `cms_events` ENABLE KEYS */;
UNLOCK TABLES;

--
-- Table structure for table `cms_events_seq`
--

DROP TABLE IF EXISTS `cms_events_seq`;
/*!40101 SET @saved_cs_client     = @@character_set_client */;
/*!40101 SET character_set_client = utf8 */;
CREATE TABLE `cms_events_seq` (
  `id` int(11) NOT NULL
) ENGINE=MyISAM DEFAULT CHARSET=utf8;
/*!40101 SET character_set_client = @saved_cs_client */;

--
-- Dumping data for table `cms_events_seq`
--

LOCK TABLES `cms_events_seq` WRITE;
/*!40000 ALTER TABLE `cms_events_seq` DISABLE KEYS */;
INSERT INTO `cms_events_seq` VALUES (73);
/*!40000 ALTER TABLE `cms_events_seq` ENABLE KEYS */;
UNLOCK TABLES;

--
-- Table structure for table `cms_group_perms`
--

DROP TABLE IF EXISTS `cms_group_perms`;
/*!40101 SET @saved_cs_client     = @@character_set_client */;
/*!40101 SET character_set_client = utf8 */;
CREATE TABLE `cms_group_perms` (
  `group_perm_id` int(11) NOT NULL,
  `group_id` int(11) DEFAULT NULL,
  `permission_id` int(11) DEFAULT NULL,
  `create_date` datetime DEFAULT NULL,
  `modified_date` datetime DEFAULT NULL,
  PRIMARY KEY (`group_perm_id`),
  KEY `cms_index_group_perms_by_group_id_permission_id` (`group_id`,`permission_id`)
) ENGINE=MyISAM DEFAULT CHARSET=utf8;
/*!40101 SET character_set_client = @saved_cs_client */;

--
-- Dumping data for table `cms_group_perms`
--

LOCK TABLES `cms_group_perms` WRITE;
/*!40000 ALTER TABLE `cms_group_perms` DISABLE KEYS */;
INSERT INTO `cms_group_perms` VALUES (176,3,30,'2009-05-12 08:05:26','2009-05-12 08:05:26'),(177,3,25,'2009-05-12 08:05:26','2009-05-12 08:05:26'),(178,3,4,'2009-05-12 08:05:26','2009-05-12 08:05:26'),(179,3,31,'2009-05-12 08:05:26','2009-05-12 08:05:26'),(180,3,26,'2009-05-12 08:05:26','2009-05-12 08:05:26'),(181,3,22,'2009-05-12 08:05:26','2009-05-12 08:05:26'),(182,3,11,'2009-05-12 08:05:26','2009-05-12 08:05:26'),(183,3,32,'2009-05-12 08:05:26','2009-05-12 08:05:26'),(184,3,27,'2009-05-12 08:05:26','2009-05-12 08:05:26'),(185,3,24,'2009-05-12 08:05:26','2009-05-12 08:05:26'),(186,3,16,'2009-05-12 08:05:26','2009-05-12 08:05:26'),(187,2,44,'2009-05-12 08:05:26','2009-05-12 08:05:26'),(188,1,50,'2021-10-15 06:28:52','2021-10-15 06:28:52'),(189,2,50,'2021-10-15 06:28:52','2021-10-15 06:28:52'),(190,3,30,'2021-10-15 06:30:08','2021-10-15 06:30:08'),(191,3,25,'2021-10-15 06:30:08','2021-10-15 06:30:08'),(192,3,4,'2021-10-15 06:30:08','2021-10-15 06:30:08'),(193,2,44,'2021-10-15 06:30:08','2021-10-15 06:30:08'),(194,3,31,'2021-10-15 06:30:08','2021-10-15 06:30:08'),(195,2,50,'2021-10-15 06:30:08','2021-10-15 06:30:08'),(196,3,26,'2021-10-15 06:30:08','2021-10-15 06:30:08'),(197,3,22,'2021-10-15 06:30:08','2021-10-15 06:30:08'),(198,3,11,'2021-10-15 06:30:08','2021-10-15 06:30:08'),(199,3,32,'2021-10-15 06:30:08','2021-10-15 06:30:08'),(200,3,27,'2021-10-15 06:30:08','2021-10-15 06:30:08'),(201,3,24,'2021-10-15 06:30:08','2021-10-15 06:30:08'),(202,3,16,'2021-10-15 06:30:08','2021-10-15 06:30:08');
/*!40000 ALTER TABLE `cms_group_perms` ENABLE KEYS */;
UNLOCK TABLES;

--
-- Table structure for table `cms_group_perms_seq`
--

DROP TABLE IF EXISTS `cms_group_perms_seq`;
/*!40101 SET @saved_cs_client     = @@character_set_client */;
/*!40101 SET character_set_client = utf8 */;
CREATE TABLE `cms_group_perms_seq` (
  `id` int(11) NOT NULL
) ENGINE=MyISAM DEFAULT CHARSET=utf8;
/*!40101 SET character_set_client = @saved_cs_client */;

--
-- Dumping data for table `cms_group_perms_seq`
--

LOCK TABLES `cms_group_perms_seq` WRITE;
/*!40000 ALTER TABLE `cms_group_perms_seq` DISABLE KEYS */;
INSERT INTO `cms_group_perms_seq` VALUES (202);
/*!40000 ALTER TABLE `cms_group_perms_seq` ENABLE KEYS */;
UNLOCK TABLES;

--
-- Table structure for table `cms_groups`
--

DROP TABLE IF EXISTS `cms_groups`;
/*!40101 SET @saved_cs_client     = @@character_set_client */;
/*!40101 SET character_set_client = utf8 */;
CREATE TABLE `cms_groups` (
  `group_id` int(11) NOT NULL,
  `group_name` varchar(25) DEFAULT NULL,
  `active` tinyint(4) DEFAULT NULL,
  `create_date` datetime DEFAULT NULL,
  `modified_date` datetime DEFAULT NULL,
  PRIMARY KEY (`group_id`)
) ENGINE=MyISAM DEFAULT CHARSET=utf8;
/*!40101 SET character_set_client = @saved_cs_client */;

--
-- Dumping data for table `cms_groups`
--

LOCK TABLES `cms_groups` WRITE;
/*!40000 ALTER TABLE `cms_groups` DISABLE KEYS */;
INSERT INTO `cms_groups` VALUES (1,'Admin',1,'2006-07-25 21:22:32','2006-07-25 21:22:32'),(2,'Editor',1,'2006-07-25 21:22:32','2006-07-25 21:22:32'),(3,'Designer',1,'2006-07-25 21:22:32','2006-07-25 21:22:32');
/*!40000 ALTER TABLE `cms_groups` ENABLE KEYS */;
UNLOCK TABLES;

--
-- Table structure for table `cms_groups_seq`
--

DROP TABLE IF EXISTS `cms_groups_seq`;
/*!40101 SET @saved_cs_client     = @@character_set_client */;
/*!40101 SET character_set_client = utf8 */;
CREATE TABLE `cms_groups_seq` (
  `id` int(11) NOT NULL
) ENGINE=MyISAM DEFAULT CHARSET=utf8;
/*!40101 SET character_set_client = @saved_cs_client */;

--
-- Dumping data for table `cms_groups_seq`
--

LOCK TABLES `cms_groups_seq` WRITE;
/*!40000 ALTER TABLE `cms_groups_seq` DISABLE KEYS */;
INSERT INTO `cms_groups_seq` VALUES (3);
/*!40000 ALTER TABLE `cms_groups_seq` ENABLE KEYS */;
UNLOCK TABLES;

--
-- Table structure for table `cms_htmlblobs`
--

DROP TABLE IF EXISTS `cms_htmlblobs`;
/*!40101 SET @saved_cs_client     = @@character_set_client */;
/*!40101 SET character_set_client = utf8 */;
CREATE TABLE `cms_htmlblobs` (
  `htmlblob_id` int(11) NOT NULL,
  `htmlblob_name` varchar(255) DEFAULT NULL,
  `html` text,
  `description` text,
  `use_wysiwyg` tinyint(4) DEFAULT NULL,
  `owner` int(11) DEFAULT NULL,
  `create_date` datetime DEFAULT NULL,
  `modified_date` datetime DEFAULT NULL,
  PRIMARY KEY (`htmlblob_id`),
  KEY `cms_index_htmlblobs_by_htmlblob_name` (`htmlblob_name`)
) ENGINE=MyISAM DEFAULT CHARSET=utf8;
/*!40101 SET character_set_client = @saved_cs_client */;

--
-- Dumping data for table `cms_htmlblobs`
--

LOCK TABLES `cms_htmlblobs` WRITE;
/*!40000 ALTER TABLE `cms_htmlblobs` DISABLE KEYS */;
INSERT INTO `cms_htmlblobs` VALUES (1,'footer','<p>&copy; Copyright {custom_copyright} - CMS Made Simple<br />\r\nThis site is powered by <a href=\"http://www.cmsmadesimple.org\">CMS Made Simple</a> version {cms_version}</p>','',1,1,'2006-07-25 21:22:32','2006-07-25 21:22:32');
/*!40000 ALTER TABLE `cms_htmlblobs` ENABLE KEYS */;
UNLOCK TABLES;

--
-- Table structure for table `cms_htmlblobs_seq`
--

DROP TABLE IF EXISTS `cms_htmlblobs_seq`;
/*!40101 SET @saved_cs_client     = @@character_set_client */;
/*!40101 SET character_set_client = utf8 */;
CREATE TABLE `cms_htmlblobs_seq` (
  `id` int(11) NOT NULL
) ENGINE=MyISAM DEFAULT CHARSET=utf8;
/*!40101 SET character_set_client = @saved_cs_client */;

--
-- Dumping data for table `cms_htmlblobs_seq`
--

LOCK TABLES `cms_htmlblobs_seq` WRITE;
/*!40000 ALTER TABLE `cms_htmlblobs_seq` DISABLE KEYS */;
INSERT INTO `cms_htmlblobs_seq` VALUES (1);
/*!40000 ALTER TABLE `cms_htmlblobs_seq` ENABLE KEYS */;
UNLOCK TABLES;

--
-- Table structure for table `cms_module_deps`
--

DROP TABLE IF EXISTS `cms_module_deps`;
/*!40101 SET @saved_cs_client     = @@character_set_client */;
/*!40101 SET character_set_client = utf8 */;
CREATE TABLE `cms_module_deps` (
  `parent_module` varchar(25) DEFAULT NULL,
  `child_module` varchar(25) DEFAULT NULL,
  `minimum_version` varchar(25) DEFAULT NULL,
  `create_date` datetime DEFAULT NULL,
  `modified_date` datetime DEFAULT NULL
) ENGINE=MyISAM DEFAULT CHARSET=utf8;
/*!40101 SET character_set_client = @saved_cs_client */;

--
-- Dumping data for table `cms_module_deps`
--

LOCK TABLES `cms_module_deps` WRITE;
/*!40000 ALTER TABLE `cms_module_deps` DISABLE KEYS */;
INSERT INTO `cms_module_deps` VALUES ('FileManager','MicroTiny','1.4.2','2021-10-15 06:28:52','2021-10-15 06:28:52');
/*!40000 ALTER TABLE `cms_module_deps` ENABLE KEYS */;
UNLOCK TABLES;

--
-- Table structure for table `cms_module_news`
--

DROP TABLE IF EXISTS `cms_module_news`;
/*!40101 SET @saved_cs_client     = @@character_set_client */;
/*!40101 SET character_set_client = utf8 */;
CREATE TABLE `cms_module_news` (
  `news_id` int(11) NOT NULL,
  `news_category_id` int(11) DEFAULT NULL,
  `news_title` varchar(255) DEFAULT NULL,
  `news_data` text,
  `news_date` datetime DEFAULT NULL,
  `summary` text,
  `start_time` datetime DEFAULT NULL,
  `end_time` datetime DEFAULT NULL,
  `status` varchar(25) DEFAULT NULL,
  `icon` varchar(255) DEFAULT NULL,
  `create_date` datetime DEFAULT NULL,
  `modified_date` datetime DEFAULT NULL,
  `author_id` int(11) DEFAULT NULL,
  `news_extra` varchar(255) DEFAULT NULL,
  `news_url` varchar(255) DEFAULT NULL,
  PRIMARY KEY (`news_id`),
  KEY `cms_news_postdate` (`news_date`),
  KEY `cms_news_daterange` (`start_time`,`end_time`),
  KEY `cms_news_author` (`author_id`),
  KEY `cms_news_hier` (`news_category_id`),
  KEY `cms_news_url` (`news_url`),
  KEY `cms_news_startenddate` (`start_time`,`end_time`)
) ENGINE=MyISAM DEFAULT CHARSET=utf8;
/*!40101 SET character_set_client = @saved_cs_client */;

--
-- Dumping data for table `cms_module_news`
--

LOCK TABLES `cms_module_news` WRITE;
/*!40000 ALTER TABLE `cms_module_news` DISABLE KEYS */;
INSERT INTO `cms_module_news` VALUES (1,1,'News Module Installed','The news module was installed.  Exciting. This news article is not using the Summary field and therefore there is no link to read more. But you can click on the news heading to read only this article.','2021-10-15 06:28:52',NULL,NULL,NULL,'published',NULL,'2021-10-15 06:28:52','2021-10-15 06:28:52',1,NULL,NULL);
/*!40000 ALTER TABLE `cms_module_news` ENABLE KEYS */;
UNLOCK TABLES;

--
-- Table structure for table `cms_module_news_categories`
--

DROP TABLE IF EXISTS `cms_module_news_categories`;
/*!40101 SET @saved_cs_client     = @@character_set_client */;
/*!40101 SET character_set_client = utf8 */;
CREATE TABLE `cms_module_news_categories` (
  `news_category_id` int(11) NOT NULL,
  `news_category_name` varchar(255) DEFAULT NULL,
  `parent_id` int(11) DEFAULT NULL,
  `hierarchy` varchar(255) DEFAULT NULL,
  `long_name` text,
  `create_date` datetime DEFAULT NULL,
  `modified_date` datetime DEFAULT NULL,
  PRIMARY KEY (`news_category_id`)
) ENGINE=MyISAM DEFAULT CHARSET=utf8;
/*!40101 SET character_set_client = @saved_cs_client */;

--
-- Dumping data for table `cms_module_news_categories`
--

LOCK TABLES `cms_module_news_categories` WRITE;
/*!40000 ALTER TABLE `cms_module_news_categories` DISABLE KEYS */;
INSERT INTO `cms_module_news_categories` VALUES (1,'General',-1,'00001','General','2021-10-15 06:28:52','2021-10-15 06:28:52');
/*!40000 ALTER TABLE `cms_module_news_categories` ENABLE KEYS */;
UNLOCK TABLES;

--
-- Table structure for table `cms_module_news_categories_seq`
--

DROP TABLE IF EXISTS `cms_module_news_categories_seq`;
/*!40101 SET @saved_cs_client     = @@character_set_client */;
/*!40101 SET character_set_client = utf8 */;
CREATE TABLE `cms_module_news_categories_seq` (
  `id` int(11) NOT NULL
) ENGINE=MyISAM DEFAULT CHARSET=utf8;
/*!40101 SET character_set_client = @saved_cs_client */;

--
-- Dumping data for table `cms_module_news_categories_seq`
--

LOCK TABLES `cms_module_news_categories_seq` WRITE;
/*!40000 ALTER TABLE `cms_module_news_categories_seq` DISABLE KEYS */;
INSERT INTO `cms_module_news_categories_seq` VALUES (1);
/*!40000 ALTER TABLE `cms_module_news_categories_seq` ENABLE KEYS */;
UNLOCK TABLES;

--
-- Table structure for table `cms_module_news_fielddefs`
--

DROP TABLE IF EXISTS `cms_module_news_fielddefs`;
/*!40101 SET @saved_cs_client     = @@character_set_client */;
/*!40101 SET character_set_client = utf8 */;
CREATE TABLE `cms_module_news_fielddefs` (
  `id` int(11) NOT NULL AUTO_INCREMENT,
  `name` varchar(255) DEFAULT NULL,
  `type` varchar(50) DEFAULT NULL,
  `max_length` int(11) DEFAULT NULL,
  `create_date` datetime DEFAULT NULL,
  `modified_date` datetime DEFAULT NULL,
  `item_order` int(11) DEFAULT NULL,
  `public` int(11) DEFAULT NULL,
  `extra` text,
  PRIMARY KEY (`id`)
) ENGINE=MyISAM DEFAULT CHARSET=utf8;
/*!40101 SET character_set_client = @saved_cs_client */;

--
-- Dumping data for table `cms_module_news_fielddefs`
--

LOCK TABLES `cms_module_news_fielddefs` WRITE;
/*!40000 ALTER TABLE `cms_module_news_fielddefs` DISABLE KEYS */;
/*!40000 ALTER TABLE `cms_module_news_fielddefs` ENABLE KEYS */;
UNLOCK TABLES;

--
-- Table structure for table `cms_module_news_fieldvals`
--

DROP TABLE IF EXISTS `cms_module_news_fieldvals`;
/*!40101 SET @saved_cs_client     = @@character_set_client */;
/*!40101 SET character_set_client = utf8 */;
CREATE TABLE `cms_module_news_fieldvals` (
  `news_id` int(11) NOT NULL,
  `fielddef_id` int(11) NOT NULL,
  `value` text,
  `create_date` datetime DEFAULT NULL,
  `modified_date` datetime DEFAULT NULL,
  PRIMARY KEY (`news_id`,`fielddef_id`)
) ENGINE=MyISAM DEFAULT CHARSET=utf8;
/*!40101 SET character_set_client = @saved_cs_client */;

--
-- Dumping data for table `cms_module_news_fieldvals`
--

LOCK TABLES `cms_module_news_fieldvals` WRITE;
/*!40000 ALTER TABLE `cms_module_news_fieldvals` DISABLE KEYS */;
/*!40000 ALTER TABLE `cms_module_news_fieldvals` ENABLE KEYS */;
UNLOCK TABLES;

--
-- Table structure for table `cms_module_news_seq`
--

DROP TABLE IF EXISTS `cms_module_news_seq`;
/*!40101 SET @saved_cs_client     = @@character_set_client */;
/*!40101 SET character_set_client = utf8 */;
CREATE TABLE `cms_module_news_seq` (
  `id` int(11) NOT NULL
) ENGINE=MyISAM DEFAULT CHARSET=utf8;
/*!40101 SET character_set_client = @saved_cs_client */;

--
-- Dumping data for table `cms_module_news_seq`
--

LOCK TABLES `cms_module_news_seq` WRITE;
/*!40000 ALTER TABLE `cms_module_news_seq` DISABLE KEYS */;
INSERT INTO `cms_module_news_seq` VALUES (1);
/*!40000 ALTER TABLE `cms_module_news_seq` ENABLE KEYS */;
UNLOCK TABLES;

--
-- Table structure for table `cms_module_search_index`
--

DROP TABLE IF EXISTS `cms_module_search_index`;
/*!40101 SET @saved_cs_client     = @@character_set_client */;
/*!40101 SET character_set_client = utf8 */;
CREATE TABLE `cms_module_search_index` (
  `item_id` int(11) DEFAULT NULL,
  `word` varchar(255) DEFAULT NULL,
  `count` int(11) DEFAULT NULL,
  KEY `cms_index_search_count` (`count`),
  KEY `cms_index_search_index` (`word`)
) ENGINE=MyISAM DEFAULT CHARSET=utf8;
/*!40101 SET character_set_client = @saved_cs_client */;

--
-- Dumping data for table `cms_module_search_index`
--

LOCK TABLES `cms_module_search_index` WRITE;
/*!40000 ALTER TABLE `cms_module_search_index` DISABLE KEYS */;
INSERT INTO `cms_module_search_index` VALUES (1,'home',4),(1,'uploads',1),(1,'images',1),(1,'logo1',1),(1,'gif',1),(1,'congratulations',1),(1,'installation',4),(1,'worked',1),(1,'now',1),(1,'fully',1),(1,'functional',1),(1,'cms',6),(1,'made',6),(1,'simple',6),(1,'almost',1),(1,'ready',1),(1,'start',1),(1,'building',1),(1,'site',4),(1,'chose',1),(1,'install',1),(1,'default',3),(1,'content',1),(1,'will',1),(1,'see',1),(1,'numerous',1),(1,'pages',3),(1,'available',1),(1,'read',3),(1,'should',1),(1,'thoroughly',1),(1,'devoted',1),(1,'showing',1),(1,'basics',1),(1,'begin',1),(1,'working',1),(1,'example',1),(1,'templates',2),(1,'stylesheets',1),(1,'many',1),(1,'features',1),(1,'described',1),(1,'demonstrated',1),(1,'can',1),(1,'learn',1),(1,'much',2),(1,'power',1),(1,'absorbing',1),(1,'information',1),(1,'get',1),(1,'administration',1),(1,'console',1),(1,'login',2),(1,'administrator',1),(1,'username',1),(1,'password',1),(1,'mentioned',1),(1,'process',1),(1,'http',1),(1,'yourwebsite',1),(1,'com',1),(1,'cmsmspath',1),(1,'admin',1),(1,'click',1),(1,'use',1),(1,'license',3),(1,'released',1),(1,'don\'t',1),(1,'leave',1),(1,'link',1),(1,'back',1),(1,'would',1),(1,'like',1),(1,'third',1),(1,'party',1),(1,'add',1),(1,'modules',1),(1,'may',1),(1,'include',1),(1,'additional',1),(1,'restrictions',1),(2,'cmsms',4),(2,'works',4),(2,'web',1),(2,'site',4),(2,'created',1),(2,'cms',3),(2,'made',3),(2,'simple',3),(2,'couple',1),(2,'terms',1),(2,'central',1),(2,'understanding',1),(2,'first',1),(2,'need',2),(2,'templates',2),(2,'html',2),(2,'code',1),(2,'pages',2),(2,'styled',1),(2,'css',2),(2,'one',2),(2,'style',1),(2,'sheets',1),(2,'attached',1),(2,'template',1),(2,'create',1),(2,'contain',1),(2,'websites',1),(2,'content',1),(2,'using',1),(2,'doesn\'t',1),(2,'sound',1),(2,'hard',1),(2,'basically',1),(2,'don\'t',1),(2,'know',1),(2,'get',1),(2,'want',1),(2,'customize',1),(2,'liking',1),(2,'consider',1),(2,'learning',1),(2,'menu',2),(2,'left',1),(2,'can',1),(2,'read',1),(2,'well',1),(2,'advanced',1),(2,'features',1),(2,'like',1),(2,'manager',2),(2,'additional',1),(2,'extensions',1),(2,'adding',1),(2,'many',1),(2,'kinds',1),(2,'functionality',1),(2,'event',1),(2,'managing',1),(2,'work',2),(2,'flow',2),(2,'last',1),(2,'summary',1),(2,'basic',1),(2,'creating',1),(3,'templates',9),(3,'stylesheets',4),(3,'template',7),(3,'basically',1),(3,'html',3),(3,'layout',2),(3,'design',2),(3,'page',3),(3,'work',1),(3,'designer',1),(3,'whatever',1),(3,'used',1),(3,'every',1),(3,'uses',1),(3,'meaning',1),(3,'person',1),(3,'editing',1),(3,'content',3),(3,'doesn\'t',1),(3,'need',1),(3,'web',1),(3,'skills',1),(3,'placeholders',2),(3,'navigation',1),(3,'areas',1),(3,'user',1),(3,'visiting',1),(3,'site',2),(3,'automatically',1),(3,'generated',1),(3,'filled',1),(3,'structure',1),(3,'styled',1),(3,'one',1),(3,'style',4),(3,'sheets',4),(3,'attached',1),(3,'styling',1),(3,'done',1),(3,'css',2),(3,'get',1),(3,'look',1),(3,'way',1),(3,'want',1),(3,'should',1),(3,'familiar',1),(3,'least',1),(3,'basic',2),(3,'level',1),(3,'don\'t',1),(3,'worry',1),(3,'themes',1),(3,'ready',1),(3,'made',2),(3,'download',1),(3,'first',1),(3,'install',1),(3,'cms',1),(3,'simple',1),(3,'can',1),(3,'use',1),(3,'customize',1),(3,'needs',1),(3,'described',1),(3,'section',1),(3,'cmsms',2),(3,'admin',2),(3,'panel',2),(3,'will',1),(3,'find',1),(3,'menu',1),(4,'pages',15),(4,'navigation',8),(4,'determine',1),(4,'structure',2),(4,'web',4),(4,'site',3),(4,'seen',1),(4,'admin',3),(4,'content',3),(4,'&raquo',2),(4,'page',8),(4,'think',1),(4,'set',2),(4,'accessed',1),(4,'menu',9),(4,'can',6),(4,'also',1),(4,'link',1),(4,'within',1),(4,'another',1),(4,'links',3),(4,'help',1),(4,'user',1),(4,'navigate',1),(4,'automatically',1),(4,'created',1),(4,'cms',1),(4,'made',1),(4,'simple',1),(4,'hierarchy',1),(4,'drives',1),(4,'see',2),(4,'left',1),(4,'several',1),(4,'levels',1),(4,'like',1),(4,'tree',1),(4,'generations',1),(4,'top',1),(4,'level',1),(4,'parent',2),(4,'children',2),(4,'turn',1),(4,'parents',1),(4,'template',2),(4,'determines',1),(4,'placed',1),(4,'create',1),(4,'kind',1),(4,'dream',1),(4,'customizing',1),(4,'manager',1),(4,'however',1),(4,'default',1),(4,'templates',1),(4,'should',1),(4,'work',1),(4,'situations',1),(4,'basically',1),(4,'just',1),(4,'unordered',1),(4,'list',2),(4,'style',1),(4,'liking',1),(4,'css',1),(4,'full',1),(4,'good',1),(4,'articles',1),(4,'styling',1),(4,'one',1),(4,'best',1),(4,'cmsms',2),(4,'panel',2),(4,'add',1),(4,'well',1),(4,'next',1),(4,'chapter',1),(5,'content',26),(5,'information',1),(5,'page',26),(5,'already',1),(5,'mentioned',1),(5,'site',1),(5,'choose',6),(5,'template',8),(5,'use',4),(5,'add',7),(5,'automatically',1),(5,'placed',1),(5,'placeholders',1),(5,'selected',1),(5,'can',6),(5,'define',1),(5,'one',3),(5,'several',1),(5,'areas',2),(5,'blocks',3),(5,'will',3),(5,'appear',1),(5,'text',6),(5,'edit',1),(5,'uses',2),(5,'make',1),(5,'block',1),(5,'line',1),(5,'instead',1),(5,'full',2),(5,'area',1),(5,'using',1),(5,'parameter',1),(5,'oneline',1),(5,'=true',1),(5,'tag',2),(5,'read',1),(5,'parameters',1),(5,'help',1),(5,'cmsms',1),(5,'admin',2),(5,'panel',1),(5,'extensions',1),(5,'&raquo',1),(5,'tags',1),(5,'types',4),(5,'currently',1),(5,'main',1),(5,'version',1),(5,'determine',1),(5,'type',15),(5,'menu',7),(5,'item',1),(5,'error',3),(5,'external',4),(5,'link',8),(5,'internal',4),(5,'section',3),(5,'header',2),(5,'separator',3),(5,'simply',1),(5,'regular',2),(5,'normally',1),(5,'reading',1),(5,'put',2),(5,'would',1),(5,'layout',1),(5,'pages',3),(5,'controlled',1),(5,'templates',1),(5,'create',1),(5,'must',1),(5,'title',4),(5,'going',3),(5,'parent',4),(5,'login',1),(5,'change',1),(5,'see',1),(5,'exactly',1),(5,'works',1),(5,'just',5),(5,'sounds',4),(5,'like',4),(5,'set',3),(5,'404',2),(5,'found',1),(5,'errors',1),(5,'shows',3),(5,'occurs',1),(5,'target',3),(5,'also',4),(5,'part',1),(5,'another',2),(5,'destination',2),(5,'along',2),(5,'setting',2),(5,'options',2),(5,'following',2),(5,'hierarchy',4),(5,'rules',2),(5,'used',2),(5,'break',1),(5,'menus',2),(5,'groupings',1),(5,'sections',1),(5,'unrelated',1),(5,'headers',1),(5,'associated',1),(5,'group',1),(5,'links',2),(5,'similar',1),(5,'little',1),(5,'bit',1),(5,'say',1),(5,'next',1),(5,'reference',1),(5,'appears',1),(5,'follows',1),(5,'management',1),(6,'menu',15),(6,'manager',13),(6,'module',2),(6,'reads',1),(6,'page',1),(6,'hierarchy',1),(6,'builds',1),(6,'navigation',2),(6,'using',1),(6,'template',5),(6,'default',2),(6,'sample',1),(6,'templates',2),(6,'included',1),(6,'installation',1),(6,'users',1),(6,'enough',1),(6,'basically',1),(6,'just',1),(6,'unordered',1),(6,'list',2),(6,'styled',1),(6,'css',1),(6,'also',1),(6,'accepts',1),(6,'various',1),(6,'optional',1),(6,'attributes',1),(6,'parameters',2),(6,'tag',1),(6,'allow',2),(6,'customize',1),(6,'behavior',1),(6,'can',4),(6,'see',1),(6,'explanation',1),(6,'help',2),(6,'found',2),(6,'right',1),(6,'side',1),(6,'screen',1),(6,'click',1),(6,'layout',3),(6,'&raquo',1),(6,'administration',1),(6,'console',1),(6,'customizing',1),(6,'simple',1),(6,'clicking',1),(6,'import',1),(6,'database',1),(6,'button',1),(6,'will',1),(6,'create',1),(6,'new',3),(6,'name',2),(6,'modify',1),(6,'use',1),(6,'specifying',1),(6,'call',1),(6,'cmsms',2),(6,'admin',2),(6,'panel',2),(6,'read',1),(7,'extensions',8),(7,'three',1),(7,'kinds',2),(7,'can',3),(7,'add',2),(7,'many',2),(7,'functionality',3),(7,'default',3),(7,'cms',5),(7,'made',5),(7,'simple',6),(7,'install',1),(7,'called',2),(7,'tags',15),(7,'user',5),(7,'defined',6),(7,'modules',7),(7,'simplest',1),(7,'form',2),(7,'designed',2),(7,'accomplish',1),(7,'just',2),(7,'one',1),(7,'small',2),(7,'specific',1),(7,'task',1),(7,'number',1),(7,'custom',2),(7,'available',3),(7,'find',2),(7,'kind',1),(7,'look',1),(7,'&raquo',1),(7,'admin',1),(7,'panel',1),(7,'insert',3),(7,'template',3),(7,'page',2),(7,'simply',1),(7,'type',1),(7,'smarty',1),(7,'used',3),(7,'placeholders',2),(7,'content',1),(7,'navigation',1),(7,'breadcrumbs',1),(7,'etc',1),(7,'website',5),(7,'developers',3),(7,'bit',1),(7,'php',4),(7,'experience',1),(7,'will',1),(7,'easy',1),(7,'create',2),(7,'share',1),(7,'users',2),(7,'also',2),(7,'templates',2),(7,'pages',2),(7,'snippets',1),(7,'code',1),(7,'without',1),(7,'&lt',1),(7,'&gt',1),(7,'surrounding',1),(7,'providing',1),(7,'ability',1),(7,'usable',1),(7,'pieces',1),(7,'site',2),(7,'inserted',1),(7,'like',1),(7,'typically',3),(7,'provide',2),(7,'utility',1),(7,'special',1),(7,'likely',1),(7,'won\'t',1),(7,'need',1),(7,'another',1),(7,'tasks',2),(7,'highest',1),(7,'level',1),(7,'plugin',1),(7,'environment',1),(7,'allow',3),(7,'implement',1),(7,'complex',3),(7,'within',2),(7,'cmsms',2),(7,'module',5),(7,'provides',1),(7,'advanced',1),(7,'usually',1),(7,'interacts',1),(7,'database',1),(7,'ways',1),(7,'may',2),(7,'numerous',1),(7,'reports',1),(7,'forms',1),(7,'additionally',1),(7,'administrative',1),(7,'interface',2),(7,'manipulating',1),(7,'data',1),(7,'settings',1),(7,'extremely',1),(7,'well',1),(7,'api',1),(7,'application',1),(7,'programming',1),(7,'written',1),(7,'write',1),(7,'intricate',1),(7,'fully',1),(7,'functioning',1),(7,'applications',1),(7,'use',2),(7,'powered',1),(7,'installation',1),(7,'popular',1),(7,'frontend',1),(7,'album',1),(7,'calendar',1),(7,'guestbook',1),(7,'builder',1),(7,'modulemanager',1),(7,'included',1),(7,'allows',1),(7,'browsing',1),(7,'list',1),(7,'reading',1),(7,'installing',1),(7,'actually',1),(7,'name',1),(7,'parameter',1),(7,'normal',1),(7,'accept',1),(7,'parameters',1),(7,'effect',1),(7,'changes',1),(7,'behavior',1),(7,'though',1),(7,'always',1),(7,'required',1),(7,'read',2),(8,'event',8),(8,'manager',4),(8,'events',7),(8,'new',3),(8,'powerful',1),(8,'way',1),(8,'assigning',1),(8,'actions',1),(8,'example',1),(8,'would',1),(8,'like',1),(8,'send',4),(8,'email',1),(8,'site',1),(8,'administrator',1),(8,'file',1),(8,'uploaded',1),(8,'page',1),(8,'created',1),(8,'another',1),(8,'user',2),(8,'could',1),(8,'add',1),(8,'code',1),(8,'executed',1),(8,'happens',1),(8,'brief',1),(8,'here\'s',1),(8,'works',1),(8,'module',2),(8,'core',2),(8,'can',1),(8,'register',1),(8,'newnews',1),(8,'newfronteenduser',1),(8,'fileuploaded',1),(8,'editpage',1),(8,'etc',6),(8,'there\'s',1),(8,'moment',2),(8,'uploads',1),(8,'frontend',1),(8,'users',1),(8,'configured',1),(8,'still',1),(8,'selfreg',1),(8,'pages',1),(8,'admin',1),(8,'allow',1),(8,'specify',1),(8,'modules',2),(8,'tags',1),(8,'should',2),(8,'handle',1),(8,'order',1),(8,'handlers',2),(8,'called',2),(8,'one',1),(8,'doevent',1),(8,'method',1),(8,'name',1),(8,'whatever',1),(8,'data',1),(8,'wants',1),(8,'triggered',1),(8,'needs',1),(8,'documented',1),(9,'workflow',4),(9,'basic',1),(9,'steps',1),(9,'creating',1),(9,'website',1),(9,'cms',1),(9,'made',1),(9,'simple',1),(9,'plan',1),(9,'determine',2),(9,'pages',5),(9,'want',2),(9,'structure',1),(9,'look',1),(9,'design',1),(9,'create',4),(9,'templates',2),(9,'one',2),(9,'several',1),(9,'template',5),(9,'layout',2),(9,'style',2),(9,'attach',1),(9,'stylesheets',1),(9,'content',3),(9,'css',1),(9,'add',1),(9,'select',1),(9,'use',1),(9,'page',2),(9,'user',1),(9,'navigates',1),(9,'site',1),(9,'created',1),(9,'adding',1),(9,'placeholder',1),(10,'get',6),(10,'help',5),(10,'cms',2),(10,'made',2),(10,'simple',2),(10,'community',3),(10,'always',1),(10,'service',1),(10,'need',1),(10,'site',1),(10,'find',1),(10,'information',1),(10,'support',2),(10,'start',1),(10,'documentation',1),(10,'effort',1),(10,'anyone',1),(10,'registered',1),(10,'forums',1),(10,'can',3),(10,'add',1),(10,'edit',1),(10,'search',1),(10,'answers',2),(10,'questions',1),(10,'ask',1),(10,'just',1),(10,'anything',1),(10,'irc',1),(10,'short',1),(10,'internet',1),(10,'relay',1),(10,'chat',2),(10,'like',1),(10,'many',1),(10,'developers',1),(10,'hang',1),(10,'others',1),(10,'ready',1),(10,'discuss',1),(10,'give',1),(10,'please',1),(10,'remember',1),(10,'people',1),(10,'involved',2),(10,'developing',1),(10,'supporting',1),(10,'cmsms',1),(10,'day',1),(10,'jobs',1),(10,'duties',1),(10,'might',1),(10,'available',1),(10,'patient',1),(10,'polite',1),(10,'will',2),(10,'better',1),(10,'hope',1),(10,'enjoy',1),(10,'using',1),(10,'creating',1),(10,'web',1),(10,'sites',1),(10,'want',1),(10,'contribute',1),(10,'development',1),(10,'welcome',1),(10,'contact',1),(11,'default',7),(11,'templates',11),(11,'explained',4),(11,'cms',3),(11,'made',3),(11,'simple',4),(11,'installed',1),(11,'numerous',1),(11,'choose',1),(11,'installation',1),(11,'process',1),(11,'display',1),(11,'features',1),(11,'give',1),(11,'head',1),(11,'start',2),(11,'creating',1),(11,'web',1),(11,'sites',1),(11,'tags',1),(11,'unique',1),(11,'described',1),(11,'page',3),(11,'see',2),(11,'menu',10),(11,'left',2),(11,'click',1),(11,'link',1),(11,'beneath',1),(11,'look',2),(11,'like',2),(11,'changing',1),(11,'style',4),(11,'sheets',2),(11,'comments',1),(11,'throughout',1),(11,'help',2),(11,'find',1),(11,'change',1),(11,'menus',1),(11,'navigation',5),(11,'two',2),(11,'kinds',1),(11,'used',4),(11,'template',4),(11,'manager',3),(11,'cssmenu',3),(11,'dropdown',1),(11,'using',2),(11,'css',2),(11,'well',1),(11,'internet',1),(11,'explorer',1),(11,'javascript',1),(11,'type',1),(11,'call',1),(11,'just',1),(11,'unordered',1),(11,'list',1),(11,'gets',1),(11,'appearance',1),(11,'also',1),(11,'tag',1),(11,'tpl',2),(11,'name',1),(11,'make',1),(11,'custom',1),(11,'don\'t',1),(11,'need',1),(11,'use',1),(11,'end',1),(11,'parameters',1),(11,'can',1),(11,'example',1),(11,'second',1),(11,'level',1),(11,'collapse',1),(11,'children',1),(11,'pages',1),(11,'parent',1),(11,'clicked',1),(11,'etc',1),(11,'read',1),(11,'admin',1),(11,'panel',1),(12,'cmsms',5),(12,'tags',20),(12,'templates',15),(12,'explain',1),(12,'used',7),(12,'default',8),(12,'specific',2),(12,'cms',1),(12,'made',1),(12,'simple',1),(12,'rest',1),(12,'just',2),(12,'pure',1),(12,'html',2),(12,'can',5),(12,'read',16),(12,'page',24),(12,'title',3),(12,'&lt',12),(12,'title&gt',2),(12,'using',3),(12,'template',9),(12,'replaced',1),(12,'site',6),(12,'name',3),(12,'specify',2),(12,'admin',18),(12,'&raquo',16),(12,'global',6),(12,'settings',2),(12,'add',4),(12,'edit',2),(12,'extensions',14),(12,'panel',16),(12,'metadata',3),(12,'tag',34),(12,'adds',1),(12,'specified',1),(12,'also',4),(12,'options',1),(12,'tab',1),(12,'adding',1),(12,'editing',1),(12,'knowing',1),(12,'base',1),(12,'folder',1),(12,'pretty',2),(12,'urls',2),(12,'don\'t',1),(12,'remove',1),(12,'use',5),(12,'stylesheets',3),(12,'deprecated',1),(12,'links',11),(12,'style',6),(12,'sheets',5),(12,'css',4),(12,'attached',4),(12,'means',3),(12,'will',6),(12,'linked',2),(12,'automatically',2),(12,'newer',1),(12,'version',1),(12,'new',2),(12,'allows',1),(12,'smarty',1),(12,'variables',1),(12,'like',3),(12,'$red',1),(12,'indicate',1),(12,'color',1),(12,'one',1),(12,'change',2),(12,'througout',1),(12,'layout',2),(12,'requires',1),(12,'[root_url',1),(12,'put',6),(12,'front',1),(12,'images',1),(12,'cached',1),(12,'relational',2),(12,'interconnections',1),(12,'pages',4),(12,'good',1),(12,'accessibility',2),(12,'search',4),(12,'engine',1),(12,'optmization',1),(12,'width',7),(12,'internet',2),(12,'explorer',2),(12,'script',2),(12,'type',2),(12,'=\"text',2),(12,'javascript\"&gt',1),(12,'pass',1),(12,'min',3),(12,'max',3),(12,'measured',1),(12,'window',2),(12,'function',1),(12,'p7_minmaxw',1),(12,'var',1),(12,'=\"auto',1),(12,'=document',1),(12,'documentelement',1),(12,'clientwidth',1),(12,'w&gt',1),(12,'return',1),(12,'&gt',2),(12,'script&gt',1),(12,'[if',1),(12,'lte',1),(12,']&gt',1),(12,'css\"&gt',1),(12,'#pagewrapper',1),(12,'#container',1),(12,'style&gt',1),(12,'[endif',1),(12,'isn\'t',2),(12,'really',1),(12,'displays',1),(12,'insert',4),(12,'javascript',2),(12,'fluid',1),(12,'doesn\'t',1),(12,'understand',1),(12,'browser',1),(12,'set',4),(12,'browsers',2),(12,'beginning',1),(12,'skip',2),(12,'anchor',2),(12,'inserted',1),(12,'visible',1),(12,'screen',1),(12,'readers',1),(12,'hidden',2),(12,'visual',1),(12,'header',2),(12,'logo',1),(12,'image',1),(12,'h1&gt',1),(12,'link',4),(12,'selected',1),(12,'dir',2),(12,'=\"start',1),(12,'parameter',8),(12,'get',1),(12,'text',4),(12,'$sitename',1),(12,'variable',1),(12,'form',1),(12,'simply',2),(12,'simplify',1),(12,'matters',1),(12,'wrapper',3),(12,'it\'s',2),(12,'easier',2),(12,'remember',1),(12,'module',5),(12,'modules',3),(12,'breadcrumbs',2),(12,'path',4),(12,'current',1),(12,'chosen',2),(12,'you',1),(12,'here',1),(12,'force',1),(12,'home',1),(12,'always',1),(12,'root',1),(12,'even',1),(12,'delimiter',2),(12,'select',1),(12,'separates',1),(12,'entries',1),(12,'navigation',1),(12,'menu',6),(12,'want',1),(12,'appear',2),(12,'actually',1),(12,'manager',3),(12,'menus',1),(12,'stored',1),(12,'files',1),(12,'that\'s',2),(12,'see',1),(12,'tpl',2),(12,'extension',2),(12,'easily',1),(12,'import',1),(12,'database',1),(12,'directly',1),(12,'omit',1),(12,'news',7),(12,'display',1),(12,'last',1),(12,'three',1),(12,'articles',1),(12,'clicking',2),(12,'article',1),(12,'details',1),(12,'opened',1),(12,'alias',1),(12,'detailpage',1),(12,'core',1),(12,'make',1),(12,'print',3),(12,'button',3),(12,'showbutton',1),(12,'true',2),(12,'told',1),(12,'output',1),(12,'instead',2),(12,'dialog',1),(12,'opens',1),(12,'immediate',1),(12,'printing',1),(12,'content',9),(12,'h2&gt',2),(12,'maybe',1),(12,'important',1),(12,'every',1),(12,'required',1),(12,'previous',2),(12,'next',2),(12,'internal',1),(12,'hierarchy',1),(12,'separators',1),(12,'section',1),(12,'headers',1),(12,'omitted',1),(12,'footer',3),(12,'bloating',1),(12,'lots',1),(12,'code',3),(12,'block',3),(12,'call',1),(12,'useful',1),(12,'reused',1),(12,'several',1),(12,'find',1),(12,'blocks',1),(13,'left',8),(13,'simple',6),(13,'navigation',6),(13,'column',5),(13,'template',2),(13,'menu',5),(13,'sidebar',5),(13,'using',1),(13,'styled',1),(13,'stylesheet',1),(13,'called',1),(13,'vertical',1),(13,'can',1),(13,'easily',1),(13,'float',3),(13,'right',4),(13,'instead',2),(13,'look',1),(13,'layout',1),(13,'style',1),(13,'sheet',1),(13,'property',1),(13,'div#sidebar',1),(13,'element',1),(13,'change',1),(13,'will',2),(13,'side',1),(13,'content',1),(13,'course',1),(13,'also',1),(13,'adjust',1),(13,'margins',2),(13,'div#main',1),(13,'basically',1),(13,'just',1),(13,'swap',1),(14,'top',6),(14,'simple',6),(14,'navigation',15),(14,'left',9),(14,'subnavigation',4),(14,'column',4),(14,'menu',9),(14,'manager',3),(14,'can',2),(14,'easily',2),(14,'split',1),(14,'two',3),(14,'parts',3),(14,'page',5),(14,'level',6),(14,'hierarchy',1),(14,'displayed',3),(14,'horizontally',1),(14,'depending',2),(14,'localized',1),(14,'sub',9),(14,'vertically',1),(14,'case',1),(14,'displays',1),(14,'levels',1),(14,'children',1),(14,'default',1),(14,'templates',1),(14,'explained',1),(14,'tag',2),(14,'should',2),(14,'contain',1),(14,'second',3),(14,'selected',1),(14,'first',1),(14,'also',2),(14,'third',1),(14,'links',1),(14,'display',1),(14,'parent',1),(14,'clicked',1),(14,'otherwise',1),(14,'hidden',1),(14,'collapsed',1),(14,'unless',1),(14,'current',1),(14,'pages',1),(14,'looks',1),(14,'like',1),(14,'attached',2),(14,'style',4),(14,'sheets',2),(14,'main',2),(14,'need',1),(14,'styled',2),(14,'differently',2),(14,'one',1),(14,'horizontal',3),(14,'vertical',2),(14,'template',3),(14,'styling',1),(14,'hand',1),(14,'contains',1),(14,'using',2),(14,'however',1),(14,'could',1),(14,'see',1),(14,'output',1),(14,'code',1),(14,'css',1),(14,'get',1),(14,'floating',1),(14,'sidebar',4),(14,'right',5),(14,'float',3),(14,'instead',2),(14,'look',1),(14,'layout',1),(14,'columns',1),(14,'sheet',1),(14,'property',1),(14,'div#sidebar',1),(14,'element',1),(14,'change',1),(14,'will',2),(14,'side',1),(14,'content',1),(14,'course',1),(14,'adjust',1),(14,'margins',2),(14,'div#main',1),(14,'basically',1),(14,'just',1),(14,'swap',1),(15,'cssmenu',7),(15,'top',4),(15,'columns',4),(15,'just',2),(15,'test',2),(15,'content',2),(15,'goes',2),(15,'example',1),(15,'long',1),(15,'sentence',3),(15,'probably',1),(15,'should',1),(15,'divided',1),(15,'several',1),(15,'smaller',1),(15,'sentences',1),(15,'one',2),(15,'default',2),(15,'pages',1),(15,'cms',1),(15,'made',1),(15,'simple',1),(15,'excellent',1),(15,'management',1),(15,'system',1),(15,'easily',1),(15,'creating',1),(15,'web',1),(15,'sites',1),(15,'added',1),(15,'adding',1),(15,'editing',1),(15,'page',2),(15,'sidebar',1),(15,'text',1),(15,'area',1),(15,'comes',1),(15,'template',4),(15,'place',1),(15,'holder',1),(15,'drop',1),(15,'menu',3),(15,'using',2),(15,'css',1),(15,'although',1),(15,'javascript',1),(15,'required',1),(15,'internet',1),(15,'explorer',1),(15,'note',1),(15,'ie6',1),(15,'will',2),(15,'let',1),(15,'use',1),(15,'types',1),(15,'time',1),(15,'second',1),(15,'fail',1),(15,'open',1),(15,'can',2),(15,'either',1),(15,'vertical',3),(15,'horizontal',2),(15,'code',1),(15,'inserted',1),(15,'simply',1),(15,'style',5),(15,'stylesheet',1),(15,'navigation',2),(15,'safe',1),(15,'side',1),(15,'copy',1),(15,'sheet',4),(15,'attach',1),(15,'new',2),(15,'instead',1),(15,'make',1),(15,'changes',1),(15,'always',1),(15,'revert',1),(15,'something',1),(15,'wrong',1),(16,'cssmenu',5),(16,'left',5),(16,'column',5),(16,'basically',1),(16,'last',1),(16,'one',1),(16,'top',2),(16,'menu',1),(16,'instead',1),(16,'across',1),(16,'isn\'t',1),(16,'whole',1),(16,'lot',1),(16,'say',1),(16,'filler',1),(16,'text',1),(16,'lorem',5),(16,'ipsum',2),(16,'dolor',3),(16,'sit',3),(16,'amet',3),(16,'consectetuer',5),(16,'adipiscing',4),(16,'elit',3),(16,'leo',3),(16,'ultricies',1),(16,'sollicitudin',1),(16,'vivamus',1),(16,'molestie',2),(16,'nec',2),(16,'nulla',4),(16,'suspendisse',4),(16,'potenti',1),(16,'donec',4),(16,'pulvinar',1),(16,'magna',2),(16,'eget',4),(16,'pretium',2),(16,'justo',3),(16,'sem',2),(16,'iaculis',2),(16,'urna',2),(16,'condimentum',2),(16,'nibh',2),(16,'augue',2),(16,'pellentesque',3),(16,'arcu',2),(16,'integer',2),(16,'tristique',3),(16,'tempor',1),(16,'mauris',3),(16,'sed',3),(16,'orci',1),(16,'commodo',2),(16,'volutpat',3),(16,'sagittis',1),(16,'vitae',4),(16,'varius',1),(16,'massa',1),(16,'maecenas',1),(16,'pede',3),(16,'ligula',4),(16,'pharetra',1),(16,'eros',2),(16,'duis',2),(16,'ullamcorper',1),(16,'nisl',3),(16,'nunc',2),(16,'neque',3),(16,'posuere',1),(16,'dapibus',2),(16,'convallis',1),(16,'non',1),(16,'quis',3),(16,'phasellus',2),(16,'erat',4),(16,'purus',1),(16,'facilisis',1),(16,'sapien',1),(16,'faucibus',1),(16,'consequat',1),(16,'quisque',1),(16,'lectus',3),(16,'luctus',1),(16,'enim',1),(16,'ultrices',1),(16,'laoreet',1),(16,'subheading',1),(16,'vestibulum',2),(16,'tellus',1),(16,'fusce',1),(16,'cras',3),(16,'congue',1),(16,'lacus',1),(16,'rhoncus',1),(16,'venenatis',1),(16,'ornare',1),(16,'semper',1),(16,'odio',1),(16,'ante',1),(16,'libero',1),(16,'risus',1),(16,'mattis',1),(16,'euismod',1),(16,'morbi',2),(16,'fermentum',1),(16,'vel',1),(16,'diam',1),(16,'quam',1),(16,'wisi',1),(16,'etiam',1),(16,'dictum',1),(16,'vulputate',1),(16,'aliquam',1),(16,'proin',1),(16,'imperdiet',1),(16,'nonummy',1),(16,'lacinia',1),(17,'minimal',6),(17,'template',9),(17,'example',1),(17,'needs',1),(17,'cmsms',1),(17,'stylesheet',1),(17,'attached',1),(17,'doesn\'t',1),(17,'look',1),(17,'nice',1),(17,'however',1),(17,'make',1),(17,'slightly',1),(17,'appealing',1),(17,'inline',1),(17,'styling',1),(17,'used',2),(17,'floating',1),(17,'content',1),(17,'right',1),(17,'menu',4),(17,'page',1),(17,'using',1),(17,'navigation',2),(17,'manager',1),(17,'accessibility',1),(17,'stuff',1),(17,'it\'s',1),(17,'recommended',1),(17,'simple',1),(17,'rather',1),(18,'higher',4),(18,'end',4),(18,'complex',1),(18,'templates',1),(18,'especially',1),(18,'menus',3),(18,'use',2),(18,'menu',4),(18,'template',2),(18,'shows',1),(18,'power',1),(18,'css',2),(18,'forewarned',1),(18,'ie6',1),(18,'won\'t',1),(18,'see',2),(18,'best',2),(18,'effects',1),(18,'shadow',1),(18,'using',1),(18,'standards',1),(18,'compliant',1),(18,'browser',2),(18,'mean',1),(18,'it\'s',3),(18,'still',1),(18,'nice',4),(18,'grant',1),(18,'just',2),(18,'upgrade',1),(18,'can',2),(18,'differences',1),(18,'starting',1),(18,'ncleanblue',1),(18,'get',2),(18,'really',1),(18,'subtle',1),(18,'tabbed',1),(18,'goes',1),(18,'real',2),(18,'drop',2),(18,'effect',1),(18,'header',1),(18,'footer',1),(18,'great',2),(18,'color',1),(18,'scheme',1),(18,'search',1),(18,'way',1),(18,'cool',1),(18,'theme',1),(18,'say',1),(18,'thanks',1),(18,'nuno',1),(18,'next',1),(18,'submenus',1),(18,'another',1),(18,'version',1),(18,'shadowed',1),(18,'first',1),(18,'step',1),(18,'will',1),(18,'point',1),(18,'top',2),(18,'sub',2),(18,'right',1),(18,'left',2),(18,'layout',1),(18,'cssmenu',2),(18,'columns',1),(18,'column',1),(18,'respectively',1),(18,'except',1),(18,'hope',1),(18,'enjoy',1),(18,'changes',1),(18,'want',1),(18,'make',1),(18,'always',1),(18,'copy',1),(18,'original',1),(18,'style',1),(18,'sheet',1),(18,'safe',1),(18,'keeping',1),(18,'never',1),(18,'know',1),(18,'may',1),(18,'need',1),(19,'ncleanblue',4),(19,'nuno',1),(19,'graciously',1),(19,'supplied',1),(19,'another',1),(19,'great',1),(19,'looking',1),(19,'designs',1),(19,'one',1),(19,'using',2),(19,'new',1),(19,'menu',1),(19,'template',1),(19,'can',1),(19,'style',3),(19,'drop',1),(19,'children',1),(19,'pages',2),(19,'image',2),(19,'second',1),(19,'going',1),(19,'top',1),(19,'extra',1),(19,'bottom',2),(19,'child',1),(19,'&lt',2),(19,'class',1),(19,'=\"separator',1),(19,'once',1),(19,'=\"list',1),(19,'type',1),(19,'none',1),(19,'&gt',1),(19,'&amp',1),(19,'nbsp',1),(19,'li&gt',1),(19,'used',1),(19,'hold',1),(19,'filler',1),(19,'text',1),(19,'maecenas',1),(19,'tristique',1),(19,'tortor',1),(19,'nec',4),(19,'eleifend',1),(19,'luctus',2),(19,'nibh',1),(19,'leo',1),(19,'imperdiet',1),(19,'wisi',1),(19,'accumsan',2),(19,'est',1),(19,'lectus',1),(19,'orci',1),(19,'proin',1),(19,'facilisis',1),(19,'odio',2),(19,'auctor',1),(19,'feugiat',1),(19,'sapien',1),(19,'purus',2),(19,'iaculis',1),(19,'dui',1),(19,'volutpat',1),(19,'augue',2),(19,'pede',1),(19,'sem',1),(19,'nulla',2),(19,'facilisi',1),(19,'aliquam',2),(19,'suscipit',1),(19,'elementum',1),(19,'ipsum',1),(19,'morbi',1),(19,'urna',1),(19,'nam',2),(19,'eros',1),(19,'justo',1),(19,'varius',1),(19,'sit',1),(19,'amet',1),(19,'euismod',2),(19,'dictum',2),(19,'neque',1),(19,'nullam',1),(19,'tempor',1),(19,'adipiscing',1),(19,'quisque',1),(19,'hendrerit',1),(19,'nunc',1),(19,'erat',1),(19,'pellentesque',1),(19,'tincidunt',1),(19,'sodales',1),(19,'arcu',1),(19,'porta',1),(19,'sagittis',1),(19,'quam',1),(19,'vivamus',1),(19,'eget',1),(19,'egestas',1),(19,'velit',1),(19,'congue',1),(19,'consectetuer',1),(20,'shadowmenu',4),(20,'tab',4),(20,'columns',4),(20,'using',1),(20,'menu',1),(20,'template',1),(20,'previous',1),(20,'theme',1),(20,'changed',1),(20,'child',1),(20,'css',1),(20,'use',1),(20,'different',2),(20,'top',1),(20,'image',1),(20,'involves',1),(20,'changing',1),(20,'margin',1),(20,'padding',1),(20,'images',2),(20,'shape',1),(20,'note',1),(20,'difference',1),(20,'second',1),(20,'level',2),(20,'third',1),(20,'one',1),(20,'arrow',2),(20,'left',1),(20,'filler',2),(20,'text',2),(20,'curabitur',1),(20,'ornare',1),(20,'velit',3),(20,'molestie',1),(20,'nulla',6),(20,'fusce',1),(20,'fermentum',2),(20,'facilisis',3),(20,'maecenas',3),(20,'volutpat',4),(20,'eros',2),(20,'pellentesque',2),(20,'mollis',2),(20,'urna',3),(20,'elit',3),(20,'rutrum',2),(20,'turpis',3),(20,'congue',2),(20,'convallis',3),(20,'nibh',2),(20,'erat',4),(20,'nec',5),(20,'purus',3),(20,'sed',5),(20,'malesuada',1),(20,'consectetuer',3),(20,'sollicitudin',1),(20,'placerat',2),(20,'augue',3),(20,'vestibulum',5),(20,'sem',4),(20,'eget',5),(20,'laoreet',2),(20,'cursus',2),(20,'ante',1),(20,'viverra',1),(20,'non',3),(20,'lectus',2),(20,'aliquam',4),(20,'aenean',2),(20,'gravida',2),(20,'tempor',2),(20,'lorem',3),(20,'pulvinar',1),(20,'tellus',2),(20,'phasellus',2),(20,'dui',3),(20,'praesent',1),(20,'vulputate',1),(20,'nam',3),(20,'tristique',1),(20,'tortor',2),(20,'eleifend',2),(20,'luctus',2),(20,'leo',2),(20,'imperdiet',1),(20,'wisi',2),(20,'accumsan',2),(20,'est',3),(20,'orci',1),(20,'proin',2),(20,'odio',2),(20,'auctor',1),(20,'feugiat',1),(20,'sapien',1),(20,'iaculis',2),(20,'pede',1),(20,'facilisi',1),(20,'suscipit',1),(20,'elementum',1),(20,'ipsum',3),(20,'morbi',2),(20,'justo',2),(20,'varius',3),(20,'sit',4),(20,'amet',4),(20,'euismod',3),(20,'dictum',2),(20,'neque',2),(20,'nullam',2),(20,'adipiscing',2),(20,'quisque',1),(20,'hendrerit',2),(20,'nunc',1),(20,'tincidunt',1),(20,'sodales',2),(20,'arcu',1),(20,'porta',1),(20,'sagittis',2),(20,'quam',1),(20,'vivamus',1),(20,'egestas',1),(20,'dolor',2),(20,'cras',1),(20,'enim',1),(20,'quis',3),(20,'felis',1),(20,'tempus',2),(20,'diam',2),(20,'metus',1),(20,'vel',1),(20,'lobortis',1),(20,'ultrices',1),(20,'mauris',1),(20,'blandit',1),(20,'posuere',2),(21,'shadowmenu',4),(21,'left',5),(21,'column',4),(21,'using',2),(21,'menu',1),(21,'template',1),(21,'two',1),(21,'previous',1),(21,'themes',1),(21,'changed',1),(21,'child',1),(21,'css',1),(21,'use',1),(21,'different',2),(21,'top',1),(21,'image',2),(21,'involves',1),(21,'changing',1),(21,'margin',1),(21,'padding',1),(21,'images',1),(21,'shape',1),(21,'note',1),(21,'second',1),(21,'level',2),(21,'third',1),(21,'now',1),(21,'arrow',1),(21,'filler',1),(21,'text',1),(21,'curabitur',1),(21,'ornare',1),(21,'velit',3),(21,'molestie',1),(21,'nulla',5),(21,'fusce',1),(21,'fermentum',2),(21,'facilisis',2),(21,'maecenas',2),(21,'volutpat',3),(21,'eros',2),(21,'pellentesque',2),(21,'mollis',2),(21,'urna',3),(21,'elit',1),(21,'rutrum',1),(21,'turpis',3),(21,'congue',2),(21,'convallis',1),(21,'nibh',2),(21,'erat',3),(21,'nec',5),(21,'purus',3),(21,'sed',3),(21,'malesuada',1),(21,'consectetuer',2),(21,'sollicitudin',1),(21,'placerat',2),(21,'augue',3),(21,'vestibulum',3),(21,'sem',3),(21,'eget',4),(21,'laoreet',1),(21,'cursus',2),(21,'ante',1),(21,'viverra',1),(21,'non',3),(21,'lectus',2),(21,'aliquam',3),(21,'aenean',1),(21,'gravida',1),(21,'tempor',2),(21,'lorem',1),(21,'pulvinar',1),(21,'tellus',1),(21,'phasellus',1),(21,'dui',3),(21,'praesent',1),(21,'vulputate',1),(21,'nam',3),(21,'tristique',1),(21,'tortor',1),(21,'eleifend',1),(21,'luctus',2),(21,'leo',1),(21,'imperdiet',1),(21,'wisi',1),(21,'accumsan',2),(21,'est',1),(21,'orci',1),(21,'proin',1),(21,'odio',2),(21,'auctor',1),(21,'feugiat',1),(21,'sapien',1),(21,'iaculis',1),(21,'pede',1),(21,'facilisi',1),(21,'suscipit',1),(21,'elementum',1),(21,'ipsum',1),(21,'morbi',1),(21,'justo',1),(21,'varius',1),(21,'sit',1),(21,'amet',1),(21,'euismod',2),(21,'dictum',2),(21,'neque',1),(21,'nullam',1),(21,'adipiscing',1),(21,'quisque',1),(21,'hendrerit',1),(21,'nunc',1),(21,'tincidunt',1),(21,'sodales',1),(21,'arcu',1),(21,'porta',1),(21,'sagittis',1),(21,'quam',1),(21,'vivamus',1),(21,'egestas',1),(22,'welcome',2),(22,'simplex',11),(22,'theme',14),(22,'example',5),(22,'created',1),(22,'demonstrate',1),(22,'html5',1),(22,'css3',1),(22,'functionality',2),(22,'within',3),(22,'cms',2),(22,'made',2),(22,'simple&trade',2),(22,'shipped',2),(22,'css',1),(22,'framework',4),(22,'making',1),(22,'possible',5),(22,'create',3),(22,'responsive',4),(22,'mobile',8),(22,'capabale',1),(22,'layouts',1),(22,'ease',1),(22,'included',8),(22,'template',5),(22,'will',8),(22,'find',2),(22,'four',1),(22,'stylesheets',2),(22,'attached',1),(22,'core',2),(22,'layout',7),(22,'print',1),(22,'main',1),(22,'stylesheet',2),(22,'contains',1),(22,'simple',3),(22,'fluid',1),(22,'grid',1),(22,'based',2),(22,'used',3),(22,'make',4),(22,'flexible',1),(22,'screen',1),(22,'width',1),(22,'easy',3),(22,'quickly',4),(22,'change',4),(22,'appearance',1),(22,'complete',2),(22,'site',4),(22,'look',1),(22,'page',2),(22,'code',4),(22,'boxed',2),(22,'&lt',2),(22,'body&gt',1),(22,'tag',3),(22,'removed',1),(22,'changed',1),(22,'would',2),(22,'face',1),(22,'white',1),(22,'background',1),(22,'can',1),(22,'also',1),(22,'allignement',1),(22,'class',1),(22,'wrapper',1),(22,'div',1),(22,'leftaligned',1),(22,'rightaligned',1),(22,'whole',1),(22,'aligned',1),(22,'left',1),(22,'right',1),(22,'support',4),(22,'devices',4),(22,'mentioned',1),(22,'gives',1),(22,'starting',3),(22,'point',3),(22,'developement',1),(22,'world',1),(22,'versatile',1),(22,'means',1),(22,'perfect',1),(22,'developer',4),(22,'should',7),(22,'decide',2),(22,'technique',2),(22,'use',2),(22,'current',1),(22,'project',3),(22,'one',1),(22,'small',1),(22,'step',1),(22,'towards',1),(22,'requires',1),(22,'note',2),(22,'bottom',1),(22,'carefull',1),(22,'using',4),(22,'modules',1),(22,'include',2),(22,'jquery',2),(22,'head&gt',1),(22,'section',2),(22,'file',1),(22,'functions',1),(22,'makes',1),(22,'navigating',1),(22,'part',1),(22,'covers',1),(22,'meant',1),(22,'power',1),(22,'templates',1),(22,'slider',2),(22,'demonstartes',1),(22,'slideshow',1),(22,'without',1),(22,'single',1),(22,'module',1),(22,'like',3),(22,'additional',1),(22,'plugin',1),(22,'smarty',1),(22,'well',1),(22,'color',1),(22,'scheme',1),(22,'simply',2),(22,'changing',1),(22,'hex',1),(22,'assign',1),(22,'tags',1),(22,'[assign',8),(22,'var',8),(22,'=\'boxed_bg',1),(22,'value',8),(22,'=\"#d1d1d1',1),(22,'url',1),(22,'$path`',1),(22,'gif',1),(22,'=\'light_grey',1),(22,'=\'#f1f1f1',1),(22,'=\'grey',1),(22,'=\'#e9e9e9',1),(22,'=\'dark_grey',1),(22,'=\'#555',1),(22,'=\'white',1),(22,'=\'#fff',1),(22,'=\'orange',1),(22,'=\'#f39c2c',1),(22,'=\'dark_orange',1),(22,'=\'#e6870e',1),(22,'=\'yellow',1),(22,'=\'#fdbd34',1),(22,'modern',1),(22,'browser',2),(22,'notice',1),(22,'techniques',2),(22,'internet',5),(22,'explorer',5),(22,'fallbacks',1),(22,'doesn\'t',1),(22,'mean',1),(22,'work',1),(22,'visitor',1),(22,'see',1),(22,'gracefull',1),(22,'fallback',1),(22,'meaning',1),(22,'animations',1),(22,'animate',1),(22,'rounded',1),(22,'corners',1),(22,'edges',1),(22,'develper',1),(22,'goran',1),(22,'ilic',1),(22,'uniqu3e',1),(22,'kept',1),(22,'simplistic',1),(22,'easily',1),(22,'read',1),(22,'either',1),(22,'new',1),(22,'editing',1),(22,'full',1),(22,'intentionally',1),(22,'far',1),(22,'old',1),(22,'wants',1),(22,'different',2),(22,'need',1),(23,'default',5),(23,'extensions',4),(23,'installation',1),(23,'cms',1),(23,'made',1),(23,'simple',1),(23,'come',1),(23,'six',1),(23,'modules',2),(23,'number',1),(23,'tags',1),(23,'features',1),(23,'described',1),(23,'displayed',1),(23,'following',1),(23,'pages',1),(23,'find',1),(23,'core',1),(23,'click',1),(24,'modules',5),(24,'six',1),(24,'come',1),(24,'default',1),(24,'installation',1),(24,'cms',1),(24,'made',1),(24,'simple',1),(24,'following',1),(24,'pages',1),(24,'explain',1),(24,'used',1),(24,'click',1),(24,'module',2),(24,'name',1),(24,'menu',1),(24,'left',1),(24,'list',1),(24,'insert',1),(24,'template',1),(24,'page',1),(24,'normally',1),(24,'use',1),(25,'news',8),(25,'web',1),(25,'sites',1),(25,'section',1),(25,'latest',1),(25,'cms',1),(25,'made',1),(25,'simple',1),(25,'best',1),(25,'way',1),(25,'accomplish',1),(25,'using',1),(25,'module',4),(25,'display',1),(25,'list',1),(25,'items',1),(25,'insert',1),(25,'tag',3),(25,'page',2),(25,'inserted',2),(25,'template',1),(25,'can',3),(25,'also',1),(25,'see',1),(25,'use',1),(25,'sidebar',1),(25,'left',1),(25,'number',1),(25,'parameters',1),(25,'used',2),(25,'conjunction',1),(25,'read',2),(25,'navigate',1),(25,'extensions',1),(25,'&raquo',1),(25,'modules',1),(25,'admin',1),(25,'panel',1),(25,'click',1),(25,'help',1),(25,'want',1),(26,'menu',5),(26,'manager',5),(26,'already',1),(26,'explained',1),(26,'cmsms',1),(26,'works',1),(26,'&raquo',1),(26,'page',1),(26,'powerful',1),(26,'module',1),(26,'can',1),(26,'used',1),(26,'kind',1),(26,'navigation',1),(26,'system',1),(26,'web',1),(26,'site',1),(27,'theme',6),(27,'manager',6),(27,'module',1),(27,'allows',2),(27,'import',1),(27,'export',1),(27,'templates',2),(27,'attached',1),(27,'stylesheets',1),(27,'including',1),(27,'images',1),(27,'use',2),(27,'themes',2),(27,'share',1),(27,'look',1),(27,'feel',1),(27,'cmsms',2),(27,'users',1),(27,'easy',1),(27,'convert',1),(27,'kind',1),(27,'template',1),(27,'used',1),(27,'cms',1),(27,'made',1),(27,'simple',1),(27,'many',1),(27,'like',1),(27,'already',1),(27,'converted',1),(27,'can',1),(27,'installed',1),(27,'using',1),(27,'community',1),(27,'also',1),(27,'shares',1),(27,'anyone',1),(27,'download',1),(28,'microtiny',6),(28,'called',1),(28,'wysiwyg',6),(28,'editor',3),(28,'editing',1),(28,'pages',1),(28,'stands',1),(28,'see',2),(28,'get',1),(28,'works',2),(28,'similar',1),(28,'word',1),(28,'processor',1),(28,'can',2),(28,'select',2),(28,'style',1),(28,'content',1),(28,'going',1),(28,'look',1),(28,'page',2),(28,'among',2),(28,'available',2),(28,'editors',2),(28,'cms',1),(28,'made',1),(28,'simple',1),(28,'decided',1),(28,'use',1),(28,'stripped',1),(28,'version',1),(28,'tinymce',2),(28,'developed',1),(28,'regular',1),(28,'updates',1),(28,'large',1),(28,'following',1),(28,'customizable',1),(28,'features',1),(28,'however',1),(28,'difficult',1),(28,'create',1),(28,'cross',1),(28,'browser',1),(28,'online',1),(28,'different',1),(28,'kinds',1),(28,'environments',1),(28,'familiar',1),(28,'html',1),(28,'preferences',2),(28,'&raquo',1),(28,'user',1),(28,'admin',1),(28,'panel',1),(28,'gives',1),(28,'control',1),(28,'code',1),(28,'will',1),(28,'also',1),(28,'modules',1),(28,'download',1),(29,'search',9),(29,'module',3),(29,'searching',1),(29,'core',1),(29,'content',1),(29,'along',1),(29,'certain',1),(29,'registered',1),(29,'modules',1),(29,'put',2),(29,'word',1),(29,'two',1),(29,'gives',1),(29,'back',1),(29,'matching',1),(29,'relevant',1),(29,'results',2),(29,'can',2),(29,'see',2),(29,'use',1),(29,'default',1),(29,'templates',1),(29,'like',1),(29,'page',2),(29,'simply',1),(29,'template',1),(29,'want',2),(29,'form',1),(29,'appear',2),(29,'different',1),(29,'specify',1),(29,'parameter',1),(29,'resultpage',1),(29,'=\'page',1),(29,'alias',1),(29,'information',1),(29,'admin',1),(29,'panel',1),(29,'extensions',1),(29,'menu',1),(30,'module',10),(30,'manager',5),(30,'client',1),(30,'modulerepository',1),(30,'allows',1),(30,'see',2),(30,'modules',5),(30,'available',2),(30,'version',1),(30,'number',1),(30,'size',1),(30,'status',1),(30,'action',1),(30,'whether',1),(30,'already',1),(30,'installed',3),(30,'read',1),(30,'help',1),(30,'letting',1),(30,'install',3),(30,'remote',1),(30,'sites',1),(30,'without',1),(30,'need',1),(30,'ftp\'ing',1),(30,'unzipping',1),(30,'archives',1),(30,'xml',2),(30,'files',1),(30,'downloaded',2),(30,'using',1),(30,'soap',1),(30,'integrity',1),(30,'verified',1),(30,'expanded',1),(30,'automatically',1),(30,'modulemanager',1),(30,'now',1),(30,'checks',1),(30,'dependencies',3),(30,'set',1),(30,'wont',1),(30,'met',1),(30,'also',1),(30,'new',1),(30,'tab',1),(30,'shows',1),(30,'newer',1),(30,'versions',1),(30,'short',1),(30,'means',1),(30,'can',2),(30,'download',1),(30,'directly',1),(30,'admin',2),(30,'panel',2),(30,'released',1),(30,'file',1),(30,'extensions',1),(30,'&raquo',1),(30,'list',1),(30,'official',1),(30,'cmsms',2),(30,'repository',1),(30,'development',1),(30,'forge',1),(31,'tags',8),(31,'number',1),(31,'custom',1),(31,'included',1),(31,'default',1),(31,'cms',1),(31,'made',1),(31,'simple',1),(31,'installation',1),(31,'described',2),(31,'demonstrated',1),(31,'following',1),(31,'page',2),(31,'user',1),(31,'defined',1),(31,'next',1),(31,'one',1),(31,'use',1),(31,'tag',2),(31,'simply',1),(31,'put',1),(31,'template',1),(31,'like',1),(31,'can',1),(31,'also',1),(31,'take',1),(31,'parameters',1),(31,'help',1),(31,'accessible',1),(31,'extensions',1),(31,'&raquo',1),(31,'admin',1),(31,'panel',1),(32,'tags',7),(32,'core',5),(32,'plenty',1),(32,'included',1),(32,'cmsms',1),(32,'demonstrated',1),(32,'questions',1),(32,'parameters',1),(32,'can',1),(32,'take',1),(32,'anything',1),(32,'else',1),(32,'please',1),(32,'see',3),(32,'help',1),(32,'syntax',14),(32,'used',18),(32,'display',7),(32,'creates',1),(32,'link',2),(32,'anchor',1),(32,'page',9),(32,'example',3),(32,'^top',1),(32,'bottom',1),(32,'breadcrumbs',1),(32,'navigational',1),(32,'technique',1),(32,'displaying',1),(32,'visited',1),(32,'pages',2),(32,'leading',1),(32,'home',1),(32,'currently',1),(32,'viewed',1),(32,'find',1),(32,'header',1),(32,'tag',3),(32,'insert',2),(32,'modules',2),(32,'templates',2),(32,'module',1),(32,'download',1),(32,'default',1),(32,'wrapper',1),(32,'inserting',1),(32,'though',1),(32,'made',3),(32,'cms_module',1),(32,'displays',2),(32,'current',2),(32,'version',2),(32,'number',1),(32,'cms',3),(32,'simple',2),(32,'footer',3),(32,'name',1),(32,'enable',1),(32,'inclusion',1),(32,'embeding',1),(32,'application',1),(32,'usual',1),(32,'use',1),(32,'could',1),(32,'forum',1),(32,'inserts',1),(32,'global',2),(32,'content',2),(32,'block',2),(32,'previously',1),(32,'known',1),(32,'html',1),(32,'blob',1),(32,'template',1),(32,'code',1),(33,'user',10),(33,'defined',9),(33,'tags',8),(33,'one',2),(33,'little',1),(33,'known',1),(33,'features',1),(33,'cms',1),(33,'made',1),(33,'simple',2),(33,'tag',5),(33,'basically',1),(33,'allows',1),(33,'write',2),(33,'php',2),(33,'code',4),(33,'inside',1),(33,'admin',3),(33,'panel',2),(33,'use',1),(33,'add',1),(33,'button',1),(33,'extension',1),(33,'&raquo',2),(33,'insert',1),(33,'template',1),(33,'page',3),(33,'example',1),(33,'i\'ve',1),(33,'put',1),(33,'together',1),(33,'line',1),(33,'plugin',1),(33,'will',2),(33,'show',1),(33,'current',1),(33,'agent',1),(33,'information',1),(33,'browser',1),(33,'you\'re',2),(33,'using',1),(33,'output',1),(33,'right',2),(33,'looking',1),(33,'source',1),(33,'see',1),(33,'works',1),(33,'edit',1),(33,'user_agent',1),(33,'extensions',1),(33,'powerful',1),(33,'feature',1),(33,'used',1),(33,'remember',1),(33,'get',1),(33,'cached',1),(33,'therefore',1),(33,'scripts',1),(33,'rotate',1),(33,'banners',1),(33,'work',1),(33,'just',1),(33,'fine',1),(33,'note',1),(33,'also',1),(33,'written',1),(33,'without',1),(33,'opening',1),(33,'&lt',1),(33,'ending',1),(33,'&gt',1),(34,'news',5),(34,'module',3),(34,'installed',3),(34,'exciting',1),(34,'article',2),(34,'using',1),(34,'summary',1),(34,'field',1),(34,'therefore',1),(34,'link',1),(34,'read',2),(34,'can',1),(34,'click',1),(34,'heading',1);
/*!40000 ALTER TABLE `cms_module_search_index` ENABLE KEYS */;
UNLOCK TABLES;

--
-- Table structure for table `cms_module_search_items`
--

DROP TABLE IF EXISTS `cms_module_search_items`;
/*!40101 SET @saved_cs_client     = @@character_set_client */;
/*!40101 SET character_set_client = utf8 */;
CREATE TABLE `cms_module_search_items` (
  `id` int(11) NOT NULL,
  `module_name` varchar(100) DEFAULT NULL,
  `content_id` int(11) DEFAULT NULL,
  `extra_attr` varchar(100) DEFAULT NULL,
  `expires` datetime DEFAULT NULL,
  PRIMARY KEY (`id`),
  KEY `module_name` (`module_name`),
  KEY `content_id` (`content_id`),
  KEY `extra_attr` (`extra_attr`),
  KEY `cms_index_search_items` (`module_name`,`content_id`)
) ENGINE=MyISAM DEFAULT CHARSET=utf8;
/*!40101 SET character_set_client = @saved_cs_client */;

--
-- Dumping data for table `cms_module_search_items`
--

LOCK TABLES `cms_module_search_items` WRITE;
/*!40000 ALTER TABLE `cms_module_search_items` DISABLE KEYS */;
INSERT INTO `cms_module_search_items` VALUES (1,'Search',15,'content',NULL),(2,'Search',34,'content',NULL),(3,'Search',36,'content',NULL),(4,'Search',37,'content',NULL),(5,'Search',29,'content',NULL),(6,'Search',30,'content',NULL),(7,'Search',46,'content',NULL),(8,'Search',45,'content',NULL),(9,'Search',38,'content',NULL),(10,'Search',47,'content',NULL),(11,'Search',19,'content',NULL),(12,'Search',49,'content',NULL),(13,'Search',13,'content',NULL),(14,'Search',22,'content',NULL),(15,'Search',16,'content',NULL),(16,'Search',18,'content',NULL),(17,'Search',44,'content',NULL),(18,'Search',55,'content',NULL),(19,'Search',54,'content',NULL),(20,'Search',51,'content',NULL),(21,'Search',52,'content',NULL),(22,'Search',56,'content',NULL),(23,'Search',24,'content',NULL),(24,'Search',20,'content',NULL),(25,'Search',39,'content',NULL),(26,'Search',40,'content',NULL),(27,'Search',41,'content',NULL),(28,'Search',42,'content',NULL),(29,'Search',43,'content',NULL),(30,'Search',50,'content',NULL),(31,'Search',25,'content',NULL),(32,'Search',26,'content',NULL),(33,'Search',28,'content',NULL),(34,'News',1,'article',NULL);
/*!40000 ALTER TABLE `cms_module_search_items` ENABLE KEYS */;
UNLOCK TABLES;

--
-- Table structure for table `cms_module_search_items_seq`
--

DROP TABLE IF EXISTS `cms_module_search_items_seq`;
/*!40101 SET @saved_cs_client     = @@character_set_client */;
/*!40101 SET character_set_client = utf8 */;
CREATE TABLE `cms_module_search_items_seq` (
  `id` int(11) NOT NULL
) ENGINE=MyISAM DEFAULT CHARSET=utf8;
/*!40101 SET character_set_client = @saved_cs_client */;

--
-- Dumping data for table `cms_module_search_items_seq`
--

LOCK TABLES `cms_module_search_items_seq` WRITE;
/*!40000 ALTER TABLE `cms_module_search_items_seq` DISABLE KEYS */;
INSERT INTO `cms_module_search_items_seq` VALUES (34);
/*!40000 ALTER TABLE `cms_module_search_items_seq` ENABLE KEYS */;
UNLOCK TABLES;

--
-- Table structure for table `cms_module_search_words`
--

DROP TABLE IF EXISTS `cms_module_search_words`;
/*!40101 SET @saved_cs_client     = @@character_set_client */;
/*!40101 SET character_set_client = utf8 */;
CREATE TABLE `cms_module_search_words` (
  `word` varchar(255) NOT NULL,
  `count` int(11) DEFAULT NULL,
  PRIMARY KEY (`word`)
) ENGINE=MyISAM DEFAULT CHARSET=utf8;
/*!40101 SET character_set_client = @saved_cs_client */;

--
-- Dumping data for table `cms_module_search_words`
--

LOCK TABLES `cms_module_search_words` WRITE;
/*!40000 ALTER TABLE `cms_module_search_words` DISABLE KEYS */;
/*!40000 ALTER TABLE `cms_module_search_words` ENABLE KEYS */;
UNLOCK TABLES;

--
-- Table structure for table `cms_module_smarty_plugins`
--

DROP TABLE IF EXISTS `cms_module_smarty_plugins`;
/*!40101 SET @saved_cs_client     = @@character_set_client */;
/*!40101 SET character_set_client = utf8 */;
CREATE TABLE `cms_module_smarty_plugins` (
  `sig` varchar(80) NOT NULL,
  `name` varchar(80) DEFAULT NULL,
  `module` varchar(160) DEFAULT NULL,
  `type` varchar(40) DEFAULT NULL,
  `callback` varchar(255) DEFAULT NULL,
  `available` int(11) DEFAULT NULL,
  `cachable` tinyint(4) DEFAULT NULL,
  PRIMARY KEY (`sig`)
) ENGINE=MyISAM DEFAULT CHARSET=utf8;
/*!40101 SET character_set_client = @saved_cs_client */;

--
-- Dumping data for table `cms_module_smarty_plugins`
--

LOCK TABLES `cms_module_smarty_plugins` WRITE;
/*!40000 ALTER TABLE `cms_module_smarty_plugins` DISABLE KEYS */;
INSERT INTO `cms_module_smarty_plugins` VALUES ('a13f88201fd98d2fbb219f4bb4d4d75e','FileManager','FileManager','function','s:15:\"function_plugin\";',1,0),('d077ec0a46ac7ac76f7ebb22bf223dd5','MenuManager','MenuManager','function','s:15:\"function_plugin\";',1,0),('0d66b5f48afdb3ab28b1b00f23e3251f','menu','MenuManager','function','s:15:\"function_plugin\";',1,1),('042ecc80bd5585fce43393f9d3f434b6','cms_breadcrumbs','MenuManager','function','s:22:\"smarty_cms_breadcrumbs\";',1,1),('6db731a58353c03d0b79fe4e4adacdbd','News','News','function','s:15:\"function_plugin\";',1,0),('1ec62e1e885cc0fd80237da2d5ea8778','news','News','function','s:15:\"function_plugin\";',1,1),('bb0d76390dd2c0ab4e365e2e49d534b0','Search','Search','function','s:15:\"function_plugin\";',1,0),('f3114372c8995dd5974b0306430a3ce3','search','Search','function','s:15:\"function_plugin\";',1,1);
/*!40000 ALTER TABLE `cms_module_smarty_plugins` ENABLE KEYS */;
UNLOCK TABLES;

--
-- Table structure for table `cms_module_templates`
--

DROP TABLE IF EXISTS `cms_module_templates`;
/*!40101 SET @saved_cs_client     = @@character_set_client */;
/*!40101 SET character_set_client = utf8 */;
CREATE TABLE `cms_module_templates` (
  `module_name` varchar(160) DEFAULT NULL,
  `template_name` varchar(160) DEFAULT NULL,
  `content` text,
  `create_date` datetime DEFAULT NULL,
  `modified_date` datetime DEFAULT NULL,
  KEY `cms_index_module_templates_by_module_name_template_name` (`module_name`,`template_name`)
) ENGINE=MyISAM DEFAULT CHARSET=utf8;
/*!40101 SET character_set_client = @saved_cs_client */;

--
-- Dumping data for table `cms_module_templates`
--

LOCK TABLES `cms_module_templates` WRITE;
/*!40000 ALTER TABLE `cms_module_templates` DISABLE KEYS */;
INSERT INTO `cms_module_templates` VALUES ('CMSPrinting','linktemplate','{if isset($imgsrc)}\n{capture assign=\'image\'}\n  <img src=\"{$imgsrc}\" title=\"{$linktext}\" alt=\"{$linktext}\" {if isset($imgclass) && $imgclass!=\'\'}class=\"{$imgclass}\"{/if} />\n{/capture}\n<a href=\"{$href}\" class=\"{$class}\" {$target} {if isset($more)}{$more}{/if} rel=\"nofollow\">{$image}</a>\n{else}\n<a href=\"{$href}\" class=\"{$class}\" {$target} {if isset($more)}{$more}{/if} rel=\"nofollow\">{$linktext}</a>\n{/if}\n','2021-10-15 06:28:52','2021-10-15 06:28:52'),('CMSPrinting','printtemplate','<!DOCTYPE html PUBLIC \"-//W3C//DTD XHTML 1.0 Transitional//EN\"\n\"http://www.w3.org/TR/xhtml1/DTD/xhtml1-transitional.dtd\">\n<html xmlns=\"http://www.w3.org/1999/xhtml\" xml:lang=\"en\" lang=\"en\">\n  <head>\n    <title>Printing {title}</title>\n    <meta name=\"robots\" content=\"noindex\" />\n    <base href=\"{$rooturl}\" />\n    <meta name=\"Generator\" content=\"CMS Made Simple - Copyright (C) 2004-12 Ted Kulp. All rights reserved.\" />\n    <meta http-equiv=\"Content-Type\" content=\"text/html; charset={$encoding}\" />\n\n    {cms_stylesheet media=\'print\' templateid=$templateid}\n\n    {if $overridestylesheet!=\'\'}\n    <style type=\"text/css\">\n    {$overridestylesheet}\n    </style>\n    {/if}\n    \n  </head>\n  <body style=\"background-color: white; color: black; background-image: none; text-align: left;\">	\n    {$content}\n        \n    {$printscript}\n  </body>\n</html>\n','2021-10-15 06:28:52','2021-10-15 06:28:52'),('News','summarySample','<!-- Start News Display Template -->\n{* This section shows a clickable list of your News categories. *}\n<ul class=\"list1\">\n{foreach from=$cats item=node}\n{if $node.depth > $node.prevdepth}\n{repeat string=\"<ul>\" times=$node.depth-$node.prevdepth}\n{elseif $node.depth < $node.prevdepth}\n{repeat string=\"</li></ul>\" times=$node.prevdepth-$node.depth}\n</li>\n{elseif $node.index > 0}</li>\n{/if}\n<li{if $node.index == 0} class=\"firstnewscat\"{/if}>\n{if $node.count > 0}\n	<a href=\"{$node.url}\">{$node.news_category_name}</a>{else}<span>{$node.news_category_name} </span>{/if}\n{/foreach}\n{repeat string=\"</li></ul>\" times=$node.depth-1}</li>\n</ul>\n\n{* this displays the category name if you\'re browsing by category *}\n{if $category_name}\n<h1>{$category_name}</h1>\n{/if}\n\n{* if you don\'t want category browsing on your summary page, remove this line and everything above it *}\n\n{if $pagecount > 1}\n  <p>\n{if $pagenumber > 1}\n{$firstpage}&nbsp;{$prevpage}&nbsp;\n{/if}\n{$pagetext}&nbsp;{$pagenumber}&nbsp;{$oftext}&nbsp;{$pagecount}\n{if $pagenumber < $pagecount}\n&nbsp;{$nextpage}&nbsp;{$lastpage}\n{/if}\n</p>\n{/if}\n{foreach from=$items item=entry}\n<div class=\"NewsSummary\">\n\n{if $entry->postdate}\n	<div class=\"NewsSummaryPostdate\">\n		{$entry->postdate|cms_date_format}\n	</div>\n{/if}\n\n<div class=\"NewsSummaryLink\">\n<a href=\"{$entry->moreurl}\" title=\"{$entry->title|cms_escape:htmlall}\">{$entry->title|cms_escape}</a>\n</div>\n\n<div class=\"NewsSummaryCategory\">\n	{$category_label} {$entry->category}\n</div>\n\n{if $entry->author}\n	<div class=\"NewsSummaryAuthor\">\n		{$author_label} {$entry->author}\n	</div>\n{/if}\n\n{if $entry->summary}\n	<div class=\"NewsSummarySummary\">\n		{eval var=$entry->summary}\n	</div>\n\n	<div class=\"NewsSummaryMorelink\">\n		[{$entry->morelink}]\n	</div>\n\n{else if $entry->content}\n\n	<div class=\"NewsSummaryContent\">\n		{eval var=$entry->content}\n	</div>\n{/if}\n\n{if isset($entry->extra)}\n    <div class=\"NewsSummaryExtra\">\n        {eval var=$entry->extra}\n	{* {cms_module module=\'Uploads\' mode=\'simpleurl\' upload_id=$entry->extravalue} *}\n    </div>\n{/if}\n{if isset($entry->fields)}\n  {foreach from=$entry->fields item=\'field\'}\n     <div class=\"NewsSummaryField\">\n        {if $field->type == \'file\'}\n          <img src=\"{$entry->file_location}/{$field->displayvalue}\"/>\n        {else}\n          {$field->name}:&nbsp;{eval var=$field->displayvalue}\n        {/if}\n     </div>\n  {/foreach}\n{/if}\n\n</div>\n{/foreach}\n<!-- End News Display Template -->\n','2021-10-15 06:28:52','2021-10-15 06:28:52'),('News','summarySummary_Simplex','{strip}\r\n\r\n<!-- .news-summary wrapper -->\r\n<article class=\'news-summary\'>\r\n<span class=\'heading\'><span>News</span></span>\r\n        <ul class=\'category-list cf\'>\r\n        {foreach from=$cats item=\'node\'}\r\n        {if $node.depth > $node.prevdepth}\r\n            {repeat string=\'<ul>\' times=$node.depth-$node.prevdepth}\r\n        {elseif $node.depth < $node.prevdepth}\r\n            {repeat string=\'</li></ul>\' times=$node.prevdepth-$node.depth}\r\n            </li>\r\n            {elseif $node.index > 0}</li>\r\n            {/if}\r\n            <li{if $node.index == 0} class=\'first\'{/if}>\r\n        {if $node.count > 0}\r\n                <a href=\'{$node.url}\'>{$node.news_category_name}</a>{else}<span>{$node.news_category_name} </span>{/if}\r\n        {/foreach}\r\n        {repeat string=\'</li></ul>\' times=$node.depth-1}</li>\r\n        </ul>\r\n    {foreach from=$items item=\'entry\'}\r\n    <!-- .news-article (wrapping each article) -->\r\n    <section class=\'news-article\'>\r\n        <header>\r\n            <h2><a href=\'{$entry->moreurl}\' title=\'{$entry->title|cms_escape:htmlall}\'>{$entry->title|cms_escape}</a></h2>\r\n            <div class=\'meta cf\'>\r\n                <time class=\'date\' datetime=\'{$entry->postdate|date_format:\'%Y-%m-%d\'}\'>\r\n                    <span class=\'day\'> {$entry->postdate|date_format:\'%d\'} </span>\r\n                    <span class=\'month\'> {$entry->postdate|date_format:\'%b\'} </span>\r\n                </time>\r\n                <span class=\'author\'> {$author_label} {$entry->author} </span>\r\n                <span class=\'category\'> {$category_label} {$entry->category}</span>\r\n            </div>\r\n        </header>\r\n        {if $entry->summary}\r\n            <p>{eval var=$entry->summary|strip_tags}</p>\r\n            <span class=\'more\'>{$entry->morelink} </span>\r\n        {else if $entry->content}\r\n            <p>{eval var=$entry->content|strip_tags}</p>\r\n        {/if}\r\n    </section>\r\n    <!-- .news-article //-->\r\n    {/foreach}\r\n        <!-- news pagination -->\r\n        {if $pagecount > 1}\r\n        <span class=\'paginate\'>\r\n            {if $pagenumber > 1}\r\n                {$firstpage}{$prevpage}\r\n            {/if}\r\n                {$pagetext}{$pagenumber}{$oftext}{$pagecount}\r\n            {if $pagenumber < $pagecount}\r\n                {$nextpage}{$lastpage}\r\n            {/if}\r\n        </span>\r\n        {/if}\r\n</article>\r\n<!-- .news-summary //-->\r\n\r\n{/strip}','2021-10-15 06:28:52','2021-10-15 06:28:52'),('News','detailSample','{* News module entry object reference:\n   ------------------------------\n   In previous versions of News the \'object\' returned in $entry was quite simple, and a <pre>{$entry|@print_r}</pre> would output all of the available data\n   This has changed in News 2.12, the object is not quite as \'simple\' as it was in previous versions, and that method will no longer work.  Hence, below\n   you will find a referennce to the available data.\n\n   ====\n   news_article Object Reference\n   ====\n\n     Members:\n     --\n     Members can be displayed by the following syntax: {$entry->membername} or assigned to another smarty variable using {assign var=\'foo\' value=$entry->membername}.\n\n     The following members are available in the entry array:\n   \n     id (integer)           = The unique article id.\n     author_id (integer)    = The userid of the author who created the article.  This value may be negative to indicate an FEU userid.\n     title (string)         = The title of the article.\n     summary (text)         = The summary text (may be empty or unset).\n     extra (string)         = The \"extra\" data associated with the article (may be empty or unset).\n     news_url (string)      = The url segment associated with this article (may be empty or unset).\n     postdate (string)      = A string representing the news article post date.  You may filter this through cms_date_format for different display possibilities.\n     startdate (string)     = A string representing the date the article should begin to appear.  (may be empty or unset)\n     enddate (string)       = A string representing the date the article should stop appearing on the site (may be empty or unset).\n     category_id (integer)  = The unique id of the hierarchy level where this article resides (may be empty or unset)\n     status (string)        = either \'draft\' or \'published\' indicating the status of this article.\n     author (string)        = The username of the original author of the article.  If the article was created by frontend submission, this will attempt to retrieve the username from the FEU module.\n     authorname (string)    = The full name of the original author of the website. Only applicable if article was created by an administrator and that information exists in the administrators profile.\n     category (string)      = The name of the category that this article is associated with.\n     canonical (string)     = A full URL (prettified) to this articles detail view using defaults if necessary.\n     fields (associative)   = An associative array of field objects, representing the fields, and their values for this article.  See the information below on the field object definition.   In past versions of News this was a simple array, now it is an associative one.\n     customfieldsbyname     = (deprecated) - A synonym for the \'fields\' member\n     fieldsbyname           = (deprecated) - A synonym for the \'fields\' member\n     useexp (integer)       = A flag indicating wether this article is using the expiry information.\n     file_location (string) = A url containing the location where files attached the article are stored... the field value should be appended to this url.\n     \n\n   ====\n   news_field Object Reference\n   ====\n   The news_field object contains data about the fields and their values that are associated with a particular news article.\n\n     Members:\n     --------\n     id (integer)  = The id of the field definition\n     name (string) = The name of the field\n     type (string) = The type of field\n     max_length (integer) = The maximum length of the field (applicable only to text fields)\n     item_order (integer) = The order of the field\n     public (integer) = A flag indicating wether the field is public or not\n     value (mixed)    = The value of the field.\n     displayvalue (mixed) = A displayable value for the field.  This is particularly useful in the case of dropdown fields.\n\n\n   ====\n   Below, you will find the normal detail template information.  Modify this template as desired.\n*}\n\n{* set a canonical variable that can be used in the head section if process_whole_template is false in the config.php *}\n{if isset($entry->canonical)}\n  {assign var=\'canonical\' value=$entry->canonical}\n{/if}\n\n{if $entry->postdate}\n	<div id=\"NewsPostDetailDate\">\n		{$entry->postdate|cms_date_format}\n	</div>\n{/if}\n<h3 id=\"NewsPostDetailTitle\">{$entry->title|cms_escape:htmlall}</h3>\n\n<hr id=\"NewsPostDetailHorizRule\" />\n\n{if $entry->summary}\n	<div id=\"NewsPostDetailSummary\">\n		<strong>\n			{eval var=$entry->summary}\n		</strong>\n	</div>\n{/if}\n\n{if $entry->category}\n	<div id=\"NewsPostDetailCategory\">\n		{$category_label} {$entry->category}\n	</div>\n{/if}\n{if $entry->author}\n	<div id=\"NewsPostDetailAuthor\">\n		{$author_label} {$entry->author}\n	</div>\n{/if}\n\n<div id=\"NewsPostDetailContent\">\n	{eval var=$entry->content}\n</div>\n\n{if $entry->extra}\n	<div id=\"NewsPostDetailExtra\">\n		{$extra_label} {$entry->extra}\n	</div>\n{/if}\n\n{if $return_url != \"\"}\n<div id=\"NewsPostDetailReturnLink\">{$return_url}{if $category_name != \'\'} - {$category_link}{/if}</div>\n{/if}\n\n{if isset($entry->fields)}\n  {foreach from=$entry->fields item=\'field\'}\n     <div class=\"NewsDetailField\">\n        {if $field->type == \'file\'}\n	  {* this template assumes that every file uploaded is an image of some sort, because News doesn\'t distinguish *}\n          <img src=\"{$entry->file_location}/{$field->displayvalue}\"/>\n        {else}\n          {$field->name}:&nbsp;{eval var=$field->displayvalue}\n        {/if}\n     </div>\n  {/foreach}\n{/if}\n','2021-10-15 06:28:52','2021-10-15 06:28:52'),('News','detailSimplex_Detail','{* set a canonical variable that can be used in the head section if process_whole_template is false in the config.php *}\r\n{if isset($entry->canonical)}\r\n  {assign var=\'canonical\' value=$entry->canonical}\r\n{/if}\r\n\r\n<h2>{$entry->title|cms_escape:htmlall}</h2>\r\n{if $entry->summary}\r\n    {eval var=$entry->summary}\r\n{/if}\r\n    {eval var=$entry->content}\r\n{if $entry->extra}\r\n		{$extra_label} {$entry->extra}\r\n{/if}\r\n{if $return_url != \"\"}\r\n    <br />\r\n        <span class=\'back\'> {$return_url}{if $category_name != \'\'} - {$category_link}{/if}</span>\r\n{/if}\r\n\r\n{if isset($entry->fields)}\r\n  {foreach from=$entry->fields item=\'field\'}\r\n     <div>\r\n        {if $field->type == \'file\'}\r\n	  {* this template assumes that every file uploaded is an image of some sort, because News doesn\'t distinguish *}\r\n          <img src=\'{$entry->file_location}/{$field->value}\' alt=\'\' />\r\n        {else}\r\n          {$field->name}:{eval var=$field->value}\r\n        {/if}\r\n     </div>\r\n  {/foreach}\r\n{/if}\r\n    <footer class=\'news-meta\'>\r\n    {if $entry->postdate}\r\n        {$entry->postdate|cms_date_format}\r\n    {/if}\r\n    {if $entry->category}\r\n        <strong>{$category_label}</strong> {$entry->category}\r\n    {/if}\r\n    {if $entry->author}\r\n        <strong>{$author_label}</strong> {$entry->author}\r\n    {/if}\r\n    </footer>','2021-10-15 06:28:52','2021-10-15 06:28:52'),('News','formSample','{* original form template *}\n{if isset($error)}\n  <h3><font color=\"red\">{$error}</font></h3>\n{else}\n  {if isset($message)}\n    <h3>{$message}</h3>\n  {/if}\n{/if}\n{$startform}\n	<div class=\"pageoverflow\">\n		<p class=\"pagetext\">*{$titletext}:</p>\n		<p class=\"pageinput\">{$inputtitle}</p>\n	</div>\n	<div class=\"pageoverflow\">\n		<p class=\"pagetext\">{$categorytext}:</p>\n		<p class=\"pageinput\">{$inputcategory}</p>\n	</div>\n{if !isset($hide_summary_field) or $hide_summary_field == 0}\n	<div class=\"pageoverflow\">\n		<p class=\"pagetext\">{$summarytext}:</p>\n		<p class=\"pageinput\">{$inputsummary}</p>\n	</div>\n{/if}\n	<div class=\"pageoverflow\">\n		<p class=\"pagetext\">*{$contenttext}:</p>\n		<p class=\"pageinput\">{$inputcontent}</p>\n	</div>\n	<div class=\"pageoverflow\">\n		<p class=\"pagetext\">{$extratext}:</p>\n		<p class=\"pageinput\">{$inputextra}</p>\n	</div>\n	<div class=\"pageoverflow\">\n		<p class=\"pagetext\">{$startdatetext}:</p>\n		<p class=\"pageinput\">{html_select_date prefix=$startdateprefix time=$startdate end_year=\"+15\"} {html_select_time prefix=$startdateprefix time=$startdate}</p>\n	</div>\n	<div class=\"pageoverflow\">\n		<p class=\"pagetext\">{$enddatetext}:</p>\n		<p class=\"pageinput\">{html_select_date prefix=$enddateprefix time=$enddate end_year=\"+15\"} {html_select_time prefix=$enddateprefix time=$enddate}</p>\n	</div>\n	{if isset($customfields)}\n	   {foreach from=$customfields item=\'onefield\'}\n	      <div class=\"pageoverflow\">\n		<p class=\"pagetext\">{$onefield->name}:</p>\n		<p class=\"pageinput\">{$onefield->field}</p>\n	      </div>\n	   {/foreach}\n	{/if}\n	<div class=\"pageoverflow\">\n		<p class=\"pagetext\">&nbsp;</p>\n		<p class=\"pageinput\">{$hidden}{$submit}{$cancel}</p>\n	</div>\n{$endform}\n','2021-10-15 06:28:52','2021-10-15 06:28:52'),('News','browsecatSample','{if $count > 0}\n<ul class=\"list1\">\n{foreach from=$cats item=node}\n{if $node.depth > $node.prevdepth}\n{repeat string=\"<ul>\" times=$node.depth-$node.prevdepth}\n{elseif $node.depth < $node.prevdepth}\n{repeat string=\"</li></ul>\" times=$node.prevdepth-$node.depth}\n</li>\n{elseif $node.index > 0}</li>\n{/if}\n<li class=\"newscategory\">\n{if $node.count > 0}\n	<a href=\"{$node.url}\">{$node.news_category_name}</a> ({$node.count}){else}<span>{$node.news_category_name} (0)</span>{/if}\n{/foreach}\n{repeat string=\"</li></ul>\" times=$node.depth-1}</li>\n</ul>\n{/if}','2021-10-15 06:28:52','2021-10-15 06:28:52'),('News','email_template','A new news article has been posted to your website.  The details are as follows:\nTitle:      {$title}\nIP Address: {$ipaddress}\nSummary:    {$summary|strip_tags}\nPost Date:  {$postdate|date_format}\nStart Date: {$startdate|date_format}\nEnd Date:   {$enddate|date_format}\n','2021-10-15 06:28:52','2021-10-15 06:28:52'),('Search','displaysearch','\n{$startform}\n<label for=\"{$search_actionid}searchinput\">{$searchprompt}:&nbsp;</label><input type=\"text\" class=\"search-input\" id=\"{$search_actionid}searchinput\" name=\"{$search_actionid}searchinput\" size=\"20\" maxlength=\"50\" value=\"{$searchtext}\" {$hogan}/>\n{*\n<br/>\n<input type=\"checkbox\" name=\"{$search_actionid}use_or\" value=\"1\"/>\n*}\n<input class=\"search-button\" name=\"submit\" value=\"{$submittext}\" type=\"submit\" />\n{if isset($hidden)}{$hidden}{/if}\n{$endform}','2021-10-15 06:28:52','2021-10-15 06:28:52'),('Search','displayresult','<h3>{$searchresultsfor} &quot;{$phrase}&quot;</h3>\n{if $itemcount > 0}\n<ul>\n  {foreach from=$results item=entry}\n  <li>{$entry->title} - <a href=\"{$entry->url}\">{$entry->urltxt}</a> ({$entry->weight}%)</li>\n  {* \n     You can also instantiate custom behaviour on a module by module basis by looking at\n     the $entry->module and $entry->modulerecord fields in $entry \n      ie: {if $entry->module == \'News\'}{News action=\'detail\' article_id=$entry->modulerecord detailpage=\'News\'} \n  *}\n  {/foreach}\n</ul>\n\n<p>{$timetaken}: {$timetook}</p>\n{else}\n  <p><strong>{$noresultsfound}</strong></p>\n{/if}','2021-10-15 06:28:52','2021-10-15 06:28:52');
/*!40000 ALTER TABLE `cms_module_templates` ENABLE KEYS */;
UNLOCK TABLES;

--
-- Table structure for table `cms_modules`
--

DROP TABLE IF EXISTS `cms_modules`;
/*!40101 SET @saved_cs_client     = @@character_set_client */;
/*!40101 SET character_set_client = utf8 */;
CREATE TABLE `cms_modules` (
  `module_name` varchar(160) NOT NULL,
  `status` varchar(255) DEFAULT NULL,
  `version` varchar(255) DEFAULT NULL,
  `admin_only` tinyint(4) DEFAULT '0',
  `active` tinyint(4) DEFAULT NULL,
  `allow_fe_lazyload` tinyint(4) DEFAULT NULL,
  `allow_admin_lazyload` tinyint(4) DEFAULT NULL,
  PRIMARY KEY (`module_name`),
  KEY `cms_index_modules_by_module_name` (`module_name`)
) ENGINE=MyISAM DEFAULT CHARSET=utf8;
/*!40101 SET character_set_client = @saved_cs_client */;

--
-- Dumping data for table `cms_modules`
--

LOCK TABLES `cms_modules` WRITE;
/*!40000 ALTER TABLE `cms_modules` DISABLE KEYS */;
INSERT INTO `cms_modules` VALUES ('CMSMailer','installed','5.2.2',0,1,1,0),('CMSPrinting','installed','1.0.5',0,1,0,1),('FileManager','installed','1.4.3',0,1,1,0),('MenuManager','installed','1.8.6',0,1,0,0),('MicroTiny','installed','1.2.5',0,1,1,1),('ModuleManager','installed','1.5.5',1,1,0,1),('News','installed','2.13',0,1,1,1),('Search','installed','1.7.11',0,1,1,1),('ThemeManager','installed','1.1.8',1,1,0,1);
/*!40000 ALTER TABLE `cms_modules` ENABLE KEYS */;
UNLOCK TABLES;

--
-- Table structure for table `cms_permissions`
--

DROP TABLE IF EXISTS `cms_permissions`;
/*!40101 SET @saved_cs_client     = @@character_set_client */;
/*!40101 SET character_set_client = utf8 */;
CREATE TABLE `cms_permissions` (
  `permission_id` int(11) NOT NULL,
  `permission_name` varchar(255) DEFAULT NULL,
  `permission_text` varchar(255) DEFAULT NULL,
  `create_date` datetime DEFAULT NULL,
  `modified_date` datetime DEFAULT NULL,
  PRIMARY KEY (`permission_id`)
) ENGINE=MyISAM DEFAULT CHARSET=utf8;
/*!40101 SET character_set_client = @saved_cs_client */;

--
-- Dumping data for table `cms_permissions`
--

LOCK TABLES `cms_permissions` WRITE;
/*!40000 ALTER TABLE `cms_permissions` DISABLE KEYS */;
INSERT INTO `cms_permissions` VALUES (1,'Add Pages','Add Pages','2006-07-25 21:22:33','2006-07-25 21:22:33'),(2,'Add Groups','Add Groups','2006-07-25 21:22:33','2006-07-25 21:22:33'),(4,'Add Templates','Add Templates','2006-07-25 21:22:33','2006-07-25 21:22:33'),(5,'Add Users','Add Users','2006-07-25 21:22:33','2006-07-25 21:22:33'),(6,'Modify Any Page','Modify Any Page','2006-07-25 21:22:33','2006-07-25 21:22:33'),(7,'Modify Groups','Modify Groups','2006-07-25 21:22:33','2006-07-25 21:22:33'),(8,'Modify Group Assignments','Modify Group Assignments','2006-07-25 21:22:33','2006-07-25 21:22:33'),(9,'Modify Permissions','Modify Permissions for Groups','2006-07-25 21:22:33','2006-07-25 21:22:33'),(11,'Modify Templates','Modify Templates','2006-07-25 21:22:33','2006-07-25 21:22:33'),(12,'Modify Users','Modify Users','2006-07-25 21:22:33','2006-07-25 21:22:33'),(13,'Remove Pages','Remove Pages','2006-07-25 21:22:33','2006-07-25 21:22:33'),(14,'Remove Groups','Remove Groups','2006-07-25 21:22:33','2006-07-25 21:22:33'),(16,'Remove Templates','Remove Templates','2006-07-25 21:22:33','2006-07-25 21:22:33'),(17,'Remove Users','Remove Users','2006-07-25 21:22:33','2006-07-25 21:22:33'),(18,'Modify Modules','Modify Modules','2006-07-25 21:22:33','2006-07-25 21:22:33'),(20,'Modify Files','Modify Files','2006-07-25 21:22:33','2006-07-25 21:22:33'),(21,'Modify Site Preferences','Modify Site Preferences','2006-07-25 21:22:33','2006-07-25 21:22:33'),(22,'Modify Stylesheets','Modify Stylesheets','2006-07-25 21:22:33','2006-07-25 21:22:33'),(23,'Add Stylesheets','Add Stylesheets','2006-07-25 21:22:33','2006-07-25 21:22:33'),(24,'Remove Stylesheets','Remove Stylesheets','2006-07-25 21:22:33','2006-07-25 21:22:33'),(25,'Add Stylesheet Assoc','Add Stylesheet Associations','2006-07-25 21:22:33','2006-07-25 21:22:33'),(26,'Modify Stylesheet Assoc','Modify Stylesheet Associations','2006-07-25 21:22:33','2006-07-25 21:22:33'),(27,'Remove Stylesheet Assoc','Remove Stylesheet Associations','2006-07-25 21:22:33','2006-07-25 21:22:33'),(28,'Modify User-defined Tags','Modify User defined Tags','2006-07-25 21:22:33','2006-07-25 21:22:33'),(29,'Clear Admin Log','Clear Admin Log','2006-07-25 21:22:33','2006-07-25 21:22:33'),(30,'Add Global Content Blocks','Add Global Content Blocks','2006-07-25 21:22:33','2006-07-25 21:22:33'),(31,'Modify Global Content Blocks','Modify Global Content Blocks','2006-07-25 21:22:33','2006-07-25 21:22:33'),(32,'Remove Global Content Blocks','Remove Global Content Blocks','2006-07-25 21:22:33','2006-07-25 21:22:33'),(35,'Modify Events','Modify Events','2006-01-27 20:06:58','2006-01-27 20:06:58'),(36,'View Tag Help','View Tag Help','2006-01-27 20:06:58','2006-01-27 20:06:58'),(44,'Manage All Content','Manage All Content','2009-05-06 15:04:11','2009-05-06 15:04:11'),(46,'Reorder Content','Reorder Content','2009-05-06 15:04:11','2009-05-06 15:04:11'),(47,'Use FileManager Advanced','Advanced usage of the File Manager module','2021-10-15 06:28:52','2021-10-15 06:28:52'),(48,'Manage Menu','Manage Menu','2021-10-15 06:28:52','2021-10-15 06:28:52'),(49,'MicroTiny View HTML Source','MicroTiny View HTML Source','2021-10-15 06:28:52','2021-10-15 06:28:52'),(50,'Modify News','Modify News','2021-10-15 06:28:52','2021-10-15 06:28:52'),(51,'Approve News','Approve News For Frontend Display','2021-10-15 06:28:52','2021-10-15 06:28:52'),(52,'Delete News','Delete News Articles','2021-10-15 06:28:52','2021-10-15 06:28:52'),(53,'Manage Themes','Manage Themes','2021-10-15 06:28:52','2021-10-15 06:28:52');
/*!40000 ALTER TABLE `cms_permissions` ENABLE KEYS */;
UNLOCK TABLES;

--
-- Table structure for table `cms_permissions_seq`
--

DROP TABLE IF EXISTS `cms_permissions_seq`;
/*!40101 SET @saved_cs_client     = @@character_set_client */;
/*!40101 SET character_set_client = utf8 */;
CREATE TABLE `cms_permissions_seq` (
  `id` int(11) NOT NULL
) ENGINE=MyISAM DEFAULT CHARSET=utf8;
/*!40101 SET character_set_client = @saved_cs_client */;

--
-- Dumping data for table `cms_permissions_seq`
--

LOCK TABLES `cms_permissions_seq` WRITE;
/*!40000 ALTER TABLE `cms_permissions_seq` DISABLE KEYS */;
INSERT INTO `cms_permissions_seq` VALUES (53);
/*!40000 ALTER TABLE `cms_permissions_seq` ENABLE KEYS */;
UNLOCK TABLES;

--
-- Table structure for table `cms_routes`
--

DROP TABLE IF EXISTS `cms_routes`;
/*!40101 SET @saved_cs_client     = @@character_set_client */;
/*!40101 SET character_set_client = utf8 */;
CREATE TABLE `cms_routes` (
  `term` varchar(255) NOT NULL,
  `key1` varchar(50) NOT NULL,
  `key2` varchar(50) DEFAULT NULL,
  `key3` varchar(50) DEFAULT NULL,
  `data` text,
  `created` datetime DEFAULT NULL,
  PRIMARY KEY (`term`,`key1`)
) ENGINE=MyISAM DEFAULT CHARSET=utf8;
/*!40101 SET character_set_client = @saved_cs_client */;

--
-- Dumping data for table `cms_routes`
--

LOCK TABLES `cms_routes` WRITE;
/*!40000 ALTER TABLE `cms_routes` DISABLE KEYS */;
INSERT INTO `cms_routes` VALUES ('/[nN]ews\\/(?P<articleid>[0-9]+)\\/(?P<returnid>[0-9]+)\\/(?P<junk>.*?)\\/d,(?P<detailtemplate>.*?)$/','News',NULL,NULL,'O:8:\"CmsRoute\":2:{s:15:\"\0CmsRoute\0_data\";a:4:{s:4:\"term\";s:97:\"/[nN]ews\\/(?P<articleid>[0-9]+)\\/(?P<returnid>[0-9]+)\\/(?P<junk>.*?)\\/d,(?P<detailtemplate>.*?)$/\";s:8:\"absolute\";b:0;s:4:\"key1\";s:4:\"News\";s:4:\"key2\";N;}s:18:\"\0CmsRoute\0_results\";N;}','2021-10-15 06:28:52'),('/[nN]ews\\/(?P<articleid>[0-9]+)\\/(?P<returnid>[0-9]+)\\/(?P<junk>.*?)$/','News',NULL,NULL,'O:8:\"CmsRoute\":2:{s:15:\"\0CmsRoute\0_data\";a:4:{s:4:\"term\";s:70:\"/[nN]ews\\/(?P<articleid>[0-9]+)\\/(?P<returnid>[0-9]+)\\/(?P<junk>.*?)$/\";s:8:\"absolute\";b:0;s:4:\"key1\";s:4:\"News\";s:4:\"key2\";N;}s:18:\"\0CmsRoute\0_results\";N;}','2021-10-15 06:28:52'),('/[nN]ews\\/(?P<articleid>[0-9]+)\\/(?P<returnid>[0-9]+)$/','News',NULL,NULL,'O:8:\"CmsRoute\":2:{s:15:\"\0CmsRoute\0_data\";a:4:{s:4:\"term\";s:55:\"/[nN]ews\\/(?P<articleid>[0-9]+)\\/(?P<returnid>[0-9]+)$/\";s:8:\"absolute\";b:0;s:4:\"key1\";s:4:\"News\";s:4:\"key2\";N;}s:18:\"\0CmsRoute\0_results\";N;}','2021-10-15 06:28:52'),('/[nN]ews\\/(?P<articleid>[0-9]+)$/','News',NULL,NULL,'O:8:\"CmsRoute\":2:{s:15:\"\0CmsRoute\0_data\";a:5:{s:4:\"term\";s:33:\"/[nN]ews\\/(?P<articleid>[0-9]+)$/\";s:8:\"absolute\";b:0;s:4:\"key1\";s:4:\"News\";s:4:\"key2\";N;s:8:\"defaults\";a:1:{s:8:\"returnid\";i:-1;}}s:18:\"\0CmsRoute\0_results\";N;}','2021-10-15 06:28:52');
/*!40000 ALTER TABLE `cms_routes` ENABLE KEYS */;
UNLOCK TABLES;

--
-- Table structure for table `cms_siteprefs`
--

DROP TABLE IF EXISTS `cms_siteprefs`;
/*!40101 SET @saved_cs_client     = @@character_set_client */;
/*!40101 SET character_set_client = utf8 */;
CREATE TABLE `cms_siteprefs` (
  `sitepref_name` varchar(255) NOT NULL,
  `sitepref_value` text,
  `create_date` datetime DEFAULT NULL,
  `modified_date` datetime DEFAULT NULL,
  PRIMARY KEY (`sitepref_name`)
) ENGINE=MyISAM DEFAULT CHARSET=utf8;
/*!40101 SET character_set_client = @saved_cs_client */;

--
-- Dumping data for table `cms_siteprefs`
--

LOCK TABLES `cms_siteprefs` WRITE;
/*!40000 ALTER TABLE `cms_siteprefs` DISABLE KEYS */;
INSERT INTO `cms_siteprefs` VALUES ('enablesitedownmessage','0','2006-07-25 21:22:33','2006-07-25 21:22:33'),('sitedownmessage','<p>Site is currently down for maintenance.</p>','2006-07-25 21:22:33','2006-07-25 21:22:33'),('sitedownmessagetemplate','-1','2006-07-25 21:22:33','2006-07-25 21:22:33'),('useadvancedcss','1','2006-07-25 21:22:33','2006-07-25 21:22:33'),('metadata','<meta name=\"Generator\" content=\"CMS Made Simple - Copyright (C) 2004-12 Ted Kulp. All rights reserved.\" />\r\n<meta http-equiv=\"Content-Type\" content=\"text/html; charset=utf-8\" />\r\n ','2006-07-25 21:22:33','2006-07-25 21:22:33'),('xmlmodulerepository','','2006-07-25 21:22:33','2006-07-25 21:22:33'),('logintheme','OneEleven','2006-07-25 21:22:33','2006-07-25 21:22:33'),('global_umask','022',NULL,NULL),('frontendlang','',NULL,NULL),('frontendwysiwyg','',NULL,NULL),('nogcbwysiwyg','0',NULL,NULL),('urlcheckversion','',NULL,NULL),('defaultdateformat','',NULL,NULL),('css_max_age','0',NULL,NULL),('backendwysiwyg','MicroTiny',NULL,NULL),('disablesafemodewarning','0',NULL,NULL),('allowparamcheckwarnings','0',NULL,NULL),('enablenotifications','1',NULL,NULL),('page_active','1',NULL,NULL),('page_showinmenu','1',NULL,NULL),('page_cachable','1',NULL,NULL),('page_metadata','{* Add code here that should appear in the metadata section of all new pages *}',NULL,NULL),('defaultpagecontent','<!-- Add code here that should appear in the content block of all new pages -->',NULL,NULL),('default_parent_page','-1',NULL,NULL),('additional_editors','',NULL,NULL),('page_searchable','1',NULL,NULL),('page_extra1','',NULL,NULL),('page_extra2','',NULL,NULL),('page_extra3','',NULL,NULL),('sitedownexcludes','',NULL,NULL),('clear_vc_cache','0',NULL,NULL),('sitename','CMS Made Simple Site',NULL,NULL),('sitemask','',NULL,NULL),('CMSMailer_mapi_pref_mailer','smtp',NULL,NULL),('CMSMailer_mapi_pref_host','localhost',NULL,NULL),('CMSMailer_mapi_pref_port','25',NULL,NULL),('CMSMailer_mapi_pref_from','root@localhost',NULL,NULL),('CMSMailer_mapi_pref_fromuser','CMS Administrator',NULL,NULL),('CMSMailer_mapi_pref_sendmail','/usr/sbin/sendmail',NULL,NULL),('CMSMailer_mapi_pref_timeout','1000',NULL,NULL),('CMSMailer_mapi_pref_smtpauth','0',NULL,NULL),('CMSMailer_mapi_pref_username','',NULL,NULL),('CMSMailer_mapi_pref_password','',NULL,NULL),('CMSMailer_mapi_pref_secure','',NULL,NULL),('CMSPrinting_mapi_pref_overridestyle','/*\nYou can put css stuff here, which will be inserted in the header after calling the cmsms-stylesheets.\nProvided you don\'t remove the {$overridestylesheet} in PrintTemplate, of course.\n\nAny suggestions for default content in this stylesheet?\n\nHave fun!\n*/',NULL,NULL),('FileManager_mapi_pref_iconsize','32px',NULL,NULL),('FileManager_mapi_pref_uploadboxes','5',NULL,NULL),('FileManager_mapi_pref_showhiddenfiles','0',NULL,NULL),('ModuleManager_mapi_pref_module_repository','http://www.cmsmadesimple.org/ModuleRepository/request/v2/',NULL,NULL),('News_mapi_pref_default_summary_template_contents','<!-- Start News Display Template -->\n{* This section shows a clickable list of your News categories. *}\n<ul class=\"list1\">\n{foreach from=$cats item=node}\n{if $node.depth > $node.prevdepth}\n{repeat string=\"<ul>\" times=$node.depth-$node.prevdepth}\n{elseif $node.depth < $node.prevdepth}\n{repeat string=\"</li></ul>\" times=$node.prevdepth-$node.depth}\n</li>\n{elseif $node.index > 0}</li>\n{/if}\n<li{if $node.index == 0} class=\"firstnewscat\"{/if}>\n{if $node.count > 0}\n	<a href=\"{$node.url}\">{$node.news_category_name}</a>{else}<span>{$node.news_category_name} </span>{/if}\n{/foreach}\n{repeat string=\"</li></ul>\" times=$node.depth-1}</li>\n</ul>\n\n{* this displays the category name if you\'re browsing by category *}\n{if $category_name}\n<h1>{$category_name}</h1>\n{/if}\n\n{* if you don\'t want category browsing on your summary page, remove this line and everything above it *}\n\n{if $pagecount > 1}\n  <p>\n{if $pagenumber > 1}\n{$firstpage}&nbsp;{$prevpage}&nbsp;\n{/if}\n{$pagetext}&nbsp;{$pagenumber}&nbsp;{$oftext}&nbsp;{$pagecount}\n{if $pagenumber < $pagecount}\n&nbsp;{$nextpage}&nbsp;{$lastpage}\n{/if}\n</p>\n{/if}\n{foreach from=$items item=entry}\n<div class=\"NewsSummary\">\n\n{if $entry->postdate}\n	<div class=\"NewsSummaryPostdate\">\n		{$entry->postdate|cms_date_format}\n	</div>\n{/if}\n\n<div class=\"NewsSummaryLink\">\n<a href=\"{$entry->moreurl}\" title=\"{$entry->title|cms_escape:htmlall}\">{$entry->title|cms_escape}</a>\n</div>\n\n<div class=\"NewsSummaryCategory\">\n	{$category_label} {$entry->category}\n</div>\n\n{if $entry->author}\n	<div class=\"NewsSummaryAuthor\">\n		{$author_label} {$entry->author}\n	</div>\n{/if}\n\n{if $entry->summary}\n	<div class=\"NewsSummarySummary\">\n		{eval var=$entry->summary}\n	</div>\n\n	<div class=\"NewsSummaryMorelink\">\n		[{$entry->morelink}]\n	</div>\n\n{else if $entry->content}\n\n	<div class=\"NewsSummaryContent\">\n		{eval var=$entry->content}\n	</div>\n{/if}\n\n{if isset($entry->extra)}\n    <div class=\"NewsSummaryExtra\">\n        {eval var=$entry->extra}\n	{* {cms_module module=\'Uploads\' mode=\'simpleurl\' upload_id=$entry->extravalue} *}\n    </div>\n{/if}\n{if isset($entry->fields)}\n  {foreach from=$entry->fields item=\'field\'}\n     <div class=\"NewsSummaryField\">\n        {if $field->type == \'file\'}\n          <img src=\"{$entry->file_location}/{$field->displayvalue}\"/>\n        {else}\n          {$field->name}:&nbsp;{eval var=$field->displayvalue}\n        {/if}\n     </div>\n  {/foreach}\n{/if}\n\n</div>\n{/foreach}\n<!-- End News Display Template -->\n',NULL,NULL),('News_mapi_pref_current_summary_template','Sample',NULL,NULL),('News_mapi_pref_default_detail_template_contents','{* News module entry object reference:\n   ------------------------------\n   In previous versions of News the \'object\' returned in $entry was quite simple, and a <pre>{$entry|@print_r}</pre> would output all of the available data\n   This has changed in News 2.12, the object is not quite as \'simple\' as it was in previous versions, and that method will no longer work.  Hence, below\n   you will find a referennce to the available data.\n\n   ====\n   news_article Object Reference\n   ====\n\n     Members:\n     --\n     Members can be displayed by the following syntax: {$entry->membername} or assigned to another smarty variable using {assign var=\'foo\' value=$entry->membername}.\n\n     The following members are available in the entry array:\n   \n     id (integer)           = The unique article id.\n     author_id (integer)    = The userid of the author who created the article.  This value may be negative to indicate an FEU userid.\n     title (string)         = The title of the article.\n     summary (text)         = The summary text (may be empty or unset).\n     extra (string)         = The \"extra\" data associated with the article (may be empty or unset).\n     news_url (string)      = The url segment associated with this article (may be empty or unset).\n     postdate (string)      = A string representing the news article post date.  You may filter this through cms_date_format for different display possibilities.\n     startdate (string)     = A string representing the date the article should begin to appear.  (may be empty or unset)\n     enddate (string)       = A string representing the date the article should stop appearing on the site (may be empty or unset).\n     category_id (integer)  = The unique id of the hierarchy level where this article resides (may be empty or unset)\n     status (string)        = either \'draft\' or \'published\' indicating the status of this article.\n     author (string)        = The username of the original author of the article.  If the article was created by frontend submission, this will attempt to retrieve the username from the FEU module.\n     authorname (string)    = The full name of the original author of the website. Only applicable if article was created by an administrator and that information exists in the administrators profile.\n     category (string)      = The name of the category that this article is associated with.\n     canonical (string)     = A full URL (prettified) to this articles detail view using defaults if necessary.\n     fields (associative)   = An associative array of field objects, representing the fields, and their values for this article.  See the information below on the field object definition.   In past versions of News this was a simple array, now it is an associative one.\n     customfieldsbyname     = (deprecated) - A synonym for the \'fields\' member\n     fieldsbyname           = (deprecated) - A synonym for the \'fields\' member\n     useexp (integer)       = A flag indicating wether this article is using the expiry information.\n     file_location (string) = A url containing the location where files attached the article are stored... the field value should be appended to this url.\n     \n\n   ====\n   news_field Object Reference\n   ====\n   The news_field object contains data about the fields and their values that are associated with a particular news article.\n\n     Members:\n     --------\n     id (integer)  = The id of the field definition\n     name (string) = The name of the field\n     type (string) = The type of field\n     max_length (integer) = The maximum length of the field (applicable only to text fields)\n     item_order (integer) = The order of the field\n     public (integer) = A flag indicating wether the field is public or not\n     value (mixed)    = The value of the field.\n     displayvalue (mixed) = A displayable value for the field.  This is particularly useful in the case of dropdown fields.\n\n\n   ====\n   Below, you will find the normal detail template information.  Modify this template as desired.\n*}\n\n{* set a canonical variable that can be used in the head section if process_whole_template is false in the config.php *}\n{if isset($entry->canonical)}\n  {assign var=\'canonical\' value=$entry->canonical}\n{/if}\n\n{if $entry->postdate}\n	<div id=\"NewsPostDetailDate\">\n		{$entry->postdate|cms_date_format}\n	</div>\n{/if}\n<h3 id=\"NewsPostDetailTitle\">{$entry->title|cms_escape:htmlall}</h3>\n\n<hr id=\"NewsPostDetailHorizRule\" />\n\n{if $entry->summary}\n	<div id=\"NewsPostDetailSummary\">\n		<strong>\n			{eval var=$entry->summary}\n		</strong>\n	</div>\n{/if}\n\n{if $entry->category}\n	<div id=\"NewsPostDetailCategory\">\n		{$category_label} {$entry->category}\n	</div>\n{/if}\n{if $entry->author}\n	<div id=\"NewsPostDetailAuthor\">\n		{$author_label} {$entry->author}\n	</div>\n{/if}\n\n<div id=\"NewsPostDetailContent\">\n	{eval var=$entry->content}\n</div>\n\n{if $entry->extra}\n	<div id=\"NewsPostDetailExtra\">\n		{$extra_label} {$entry->extra}\n	</div>\n{/if}\n\n{if $return_url != \"\"}\n<div id=\"NewsPostDetailReturnLink\">{$return_url}{if $category_name != \'\'} - {$category_link}{/if}</div>\n{/if}\n\n{if isset($entry->fields)}\n  {foreach from=$entry->fields item=\'field\'}\n     <div class=\"NewsDetailField\">\n        {if $field->type == \'file\'}\n	  {* this template assumes that every file uploaded is an image of some sort, because News doesn\'t distinguish *}\n          <img src=\"{$entry->file_location}/{$field->displayvalue}\"/>\n        {else}\n          {$field->name}:&nbsp;{eval var=$field->displayvalue}\n        {/if}\n     </div>\n  {/foreach}\n{/if}\n',NULL,NULL),('News_mapi_pref_current_detail_template','Sample',NULL,NULL),('News_mapi_pref_default_form_template_contents','{* original form template *}\n{if isset($error)}\n  <h3><font color=\"red\">{$error}</font></h3>\n{else}\n  {if isset($message)}\n    <h3>{$message}</h3>\n  {/if}\n{/if}\n{$startform}\n	<div class=\"pageoverflow\">\n		<p class=\"pagetext\">*{$titletext}:</p>\n		<p class=\"pageinput\">{$inputtitle}</p>\n	</div>\n	<div class=\"pageoverflow\">\n		<p class=\"pagetext\">{$categorytext}:</p>\n		<p class=\"pageinput\">{$inputcategory}</p>\n	</div>\n{if !isset($hide_summary_field) or $hide_summary_field == 0}\n	<div class=\"pageoverflow\">\n		<p class=\"pagetext\">{$summarytext}:</p>\n		<p class=\"pageinput\">{$inputsummary}</p>\n	</div>\n{/if}\n	<div class=\"pageoverflow\">\n		<p class=\"pagetext\">*{$contenttext}:</p>\n		<p class=\"pageinput\">{$inputcontent}</p>\n	</div>\n	<div class=\"pageoverflow\">\n		<p class=\"pagetext\">{$extratext}:</p>\n		<p class=\"pageinput\">{$inputextra}</p>\n	</div>\n	<div class=\"pageoverflow\">\n		<p class=\"pagetext\">{$startdatetext}:</p>\n		<p class=\"pageinput\">{html_select_date prefix=$startdateprefix time=$startdate end_year=\"+15\"} {html_select_time prefix=$startdateprefix time=$startdate}</p>\n	</div>\n	<div class=\"pageoverflow\">\n		<p class=\"pagetext\">{$enddatetext}:</p>\n		<p class=\"pageinput\">{html_select_date prefix=$enddateprefix time=$enddate end_year=\"+15\"} {html_select_time prefix=$enddateprefix time=$enddate}</p>\n	</div>\n	{if isset($customfields)}\n	   {foreach from=$customfields item=\'onefield\'}\n	      <div class=\"pageoverflow\">\n		<p class=\"pagetext\">{$onefield->name}:</p>\n		<p class=\"pageinput\">{$onefield->field}</p>\n	      </div>\n	   {/foreach}\n	{/if}\n	<div class=\"pageoverflow\">\n		<p class=\"pagetext\">&nbsp;</p>\n		<p class=\"pageinput\">{$hidden}{$submit}{$cancel}</p>\n	</div>\n{$endform}\n',NULL,NULL),('News_mapi_pref_current_form_template','Sample',NULL,NULL),('News_mapi_pref_default_browsecat_template_contents','{if $count > 0}\n<ul class=\"list1\">\n{foreach from=$cats item=node}\n{if $node.depth > $node.prevdepth}\n{repeat string=\"<ul>\" times=$node.depth-$node.prevdepth}\n{elseif $node.depth < $node.prevdepth}\n{repeat string=\"</li></ul>\" times=$node.prevdepth-$node.depth}\n</li>\n{elseif $node.index > 0}</li>\n{/if}\n<li class=\"newscategory\">\n{if $node.count > 0}\n	<a href=\"{$node.url}\">{$node.news_category_name}</a> ({$node.count}){else}<span>{$node.news_category_name} (0)</span>{/if}\n{/foreach}\n{repeat string=\"</li></ul>\" times=$node.depth-1}</li>\n</ul>\n{/if}',NULL,NULL),('News_mapi_pref_current_browsecat_template','Sample',NULL,NULL),('News_mapi_pref_email_subject','A new News article has been posted',NULL,NULL),('News_mapi_pref_allowed_upload_types','gif,png,jpeg,jpg',NULL,NULL),('News_mapi_pref_auto_create_thumbnails','gif,png,jpeg,jpg',NULL,NULL),('Search_mapi_pref_stopwords','i, me, my, myself, we, our, ours, ourselves, you, your, yours, \nyourself, yourselves, he, him, his, himself, she, her, hers, \nherself, it, its, itself, they, them, their, theirs, themselves, \nwhat, which, who, whom, this, that, these, those, am, is, are, \nwas, were, be, been, being, have, has, had, having, do, does, \ndid, doing, a, an, the, and, but, if, or, because, as, until, \nwhile, of, at, by, for, with, about, against, between, into, \nthrough, during, before, after, above, below, to, from, up, down, \nin, out, on, off, over, under, again, further, then, once, here, \nthere, when, where, why, how, all, any, both, each, few, more, \nmost, other, some, such, no, nor, not, only, own, same, so, \nthan, too, very',NULL,NULL),('Search_mapi_pref_usestemming','false',NULL,NULL),('Search_mapi_pref_searchtext','Enter Search...',NULL,NULL),('PruneAdminlog_lastexecute','1634279378',NULL,NULL),('__NOTIFICATIONS__','a:1:{i:0;O:8:\"stdClass\":5:{s:8:\"priority\";i:1;s:4:\"link\";s:120:\"http://127.0.0.1:5454/cmsmadesimple-1.11.9/admin/moduleinterface.php?mact=CMSMailer,m1_,defaultadmin,0&amp;_sx_=3f643366\";s:4:\"html\";s:469:\"Your mail settings have not been configured.  This could interfere with the ability of your website to send email messages.  You should go to <a href=\"http://127.0.0.1:5454/cmsmadesimple-1.11.9/admin/moduleinterface.php?mact=CMSMailer,m1_,defaultadmin,0&amp;_sx_=3f643366\">Extensions >> CMSMailer</a> and configure the mail settings with the information provided by your host.&nbsp;This test is generated on an infrequent basis.  It may take some time for it to go away\";s:4:\"name\";s:9:\"CMSMailer\";s:12:\"friendlyname\";s:9:\"CMSMailer\";}}',NULL,NULL),('pseudocron_lastrun','1634279378',NULL,NULL),('cms_is_uptodate','0',NULL,NULL),('lastcmsversioncheck','1634342395',NULL,NULL);
/*!40000 ALTER TABLE `cms_siteprefs` ENABLE KEYS */;
UNLOCK TABLES;

--
-- Table structure for table `cms_templates`
--

DROP TABLE IF EXISTS `cms_templates`;
/*!40101 SET @saved_cs_client     = @@character_set_client */;
/*!40101 SET character_set_client = utf8 */;
CREATE TABLE `cms_templates` (
  `template_id` int(11) NOT NULL,
  `template_name` varchar(160) DEFAULT NULL,
  `template_content` text,
  `stylesheet` text,
  `encoding` varchar(25) DEFAULT NULL,
  `active` tinyint(4) DEFAULT NULL,
  `default_template` tinyint(4) DEFAULT NULL,
  `create_date` datetime DEFAULT NULL,
  `modified_date` datetime DEFAULT NULL,
  PRIMARY KEY (`template_id`),
  KEY `cms_index_templates_by_template_name` (`template_name`)
) ENGINE=MyISAM DEFAULT CHARSET=utf8;
/*!40101 SET character_set_client = @saved_cs_client */;

--
-- Dumping data for table `cms_templates`
--

LOCK TABLES `cms_templates` WRITE;
/*!40000 ALTER TABLE `cms_templates` DISABLE KEYS */;
INSERT INTO `cms_templates` VALUES (19,'Minimal template','{process_pagedata}\r\n<!DOCTYPE html PUBLIC \"-//W3C//DTD XHTML 1.0 Transitional//EN\"\r\n\"http://www.w3.org/TR/xhtml1/DTD/xhtml1-transitional.dtd\">\r\n\r\n<html xmlns=\"http://www.w3.org/1999/xhtml\" xml:lang=\"en\" lang=\"en\">\r\n{* Change lang=\"en\" to the language of your site *}\r\n\r\n<head>\r\n\r\n<title>{sitename} - {title}</title>\r\n{* The sitename is changed in Site Admin/Global settings. {title} is the name of each page *}\r\n\r\n{metadata}\r\n{* Don\'t remove this! Metadata is entered in Site Admin/Global settings. *}\r\n\r\n{cms_stylesheet}\r\n{* This is how all the stylesheets attached to this template are linked to *}\r\n\r\n</head>\r\n\r\n<body>\r\n\r\n      {* Start Navigation *}\r\n      <div style=\"float: left; width: 25%;\">\r\n         {menu loadprops=0 template=\'minimal_menu.tpl\'}\r\n      </div>\r\n      {* End Navigation *}\r\n\r\n      {* Start Content *}\r\n      <div>\r\n         <h2>{title}</h2>\r\n         {content} \r\n      </div>\r\n      {* End Content *}\r\n\r\n</body>\r\n</html>',NULL,NULL,1,0,'2006-07-25 21:22:33','2009-05-02 15:05:44'),(15,'CSSMenu left + 1 column','{process_pagedata}<!DOCTYPE html PUBLIC \"-//W3C//DTD XHTML 1.0 Transitional//EN\" \"http://www.w3.org/TR/xhtml1/DTD/xhtml1-transitional.dtd\">\n<html xmlns=\"http://www.w3.org/1999/xhtml\" xml:lang=\"en\" lang=\"en\">\n{* Change lang=\"en\" to the language of your site *}\n\n{* note: anything inside these are smarty comments, they will not show up in the page source *}\n  <head>\n    <title>{sitename} - {title}</title>\n{* The sitename is changed in Site Admin/Global settings. {title} is the name of each page *}\n\n {metadata}\n{* Don\'t remove this! Metadata is entered in Site Admin/Global settings. *}\n\n {cms_stylesheet}\n{* This is how all the stylesheets attached to this template are linked to it *}\n\n {cms_selflink dir=\"start\" rellink=1}\n {cms_selflink dir=\"prev\" rellink=1}\n {cms_selflink dir=\"next\" rellink=1}\n{* Relational links for interconnections between pages, good for accessibility and Search Engine Optimization *}\n\n{* the literal below and the /literal at the end are needed whenever there are {\"curly brackets\"} as smarty will think it\'s something to process and will throw an error *}\n {literal}\n<script type=\"text/JavaScript\">\n<!--\n//pass min and max - measured against window width\nfunction P7_MinMaxW(a,b){\nvar nw=\"auto\",w=document.documentElement.clientWidth;\nif(w>=b){nw=b+\"px\";}if(w<=a){nw=a+\"px\";}return nw;\n}\n//-->\n</script>\n    <!--[if lte IE 6]>\n    <style type=\"text/css\">\n    #pagewrapper {width:expression(P7_MinMaxW(720,950));}\n    #container {height: 1%;}\n    </style>\n    <![endif]-->\n    {/literal}\n{* The min and max page width for Internet Explorer is set here. For other browsers it\'s in the stylesheet \"Layout: Top menu + 2 columns\" *}\n\n    <!--[if lte IE 6]>\n    <script type=\"text/javascript\" src=\"modules/MenuManager/CSSMenu.js\"></script>\n    <![endif]--> \n{* The above JavaScript is required for CSSMenu to work in IE *}\n\n  </head>\n  <body>\n    <div id=\"pagewrapper\">\n{* first out side div/box *}\n\n{* start accessibility skip links, anything with the class of accessibility is hidden with CSS from visual browsers *}\n      <ul class=\"accessibility\">\n        <li>{anchor anchor=\'menu_vert\' title=\'Skip to navigation\' accesskey=\'n\' text=\'Skip to navigation\'}</li>\n        <li>{anchor anchor=\'main\' title=\'Skip to content\' accesskey=\'s\' text=\'Skip to content\'}</li>\n      </ul>\n{* end accessibility skip links *}\n\n      <hr class=\"accessibility\" />\n{* anything class=\"accessibility\" is hidden for visual browsers by CSS *}\n\n{* Start Header, with logo image that links to the default start page. Logo image is changed in the stylesheet  \"Layout: Left sidebar + 1 column\" *}\n      <div id=\"header\">\n\n{* this holds the name of the site on the right side *}\n        <h2 class=\"headright\">{sitename}</h2>\n\n{* a link back to home page and the header left image/logo, text is hidden using CSS *}\n        <h1>{cms_selflink dir=\"start\" text=\"$sitename\"}</h1>        \n        <hr class=\"accessibility\" />\n      </div>\n{* End Header *}\n\n{* Start Search, the input \"Submit\" is using an image, CSS: input.search-button *}\n      <div id=\"search\">\n      {search}\n      </div>\n{* End Search *}\n\n{* Start Breadcrumbs *}\n      <div class=\"crbk\">\n{* holds the right image, we need 2 divs to be able to make this site fluid, if it was fixed width we could use one div, one image  *}\n\n        <div class=\"breadcrumbs\">\n        {cms_breadcrumbs root=\'Home\'}\n          <hr class=\"accessibility\" />\n        </div>\n      </div>\n{* End Breadcrumbs *}\n\n{* Start Content (Navigation and Content columns) *}\n      <div id=\"content\">\n\n{* Start Sidebar, 2 divs one for top image one for bottom image *}\n        <div id=\"sidebar\">\n          <div id=\"sidebara\">\n\n{* Start Navigation, stylesheet  \"Navigation: CSSMenu - Vertical\" *}\n            <h2 class=\"accessibility\">Navigation</h2>\n            {menu loadprops=0 template=\'cssmenu.tpl\'}\n            <hr class=\"accessibility\" />\n{* End Navigation *}\n\n{* Start News, stylesheet  \"Module: News\" *}\n            <div id=\"news\">\n              <h2>News</h2>\n              {news number=\'3\' detailpage=\'news\'}\n            </div>\n{* End News *}\n\n          </div>\n        </div>\n{* End Sidebar *}\n\n{* Start Content Area, the back1, back2, back3, hold the 3 outside images, main holds the 4th one, to make the box complete, if the template were fixed width not fluid we could use just 2 divs and 2 images, 1 top 1 bottom *}\n        <div class=\"back1\">\n          <div class=\"back2\">\n            <div class=\"back3\">\n              <div id=\"main\">\n                <div style=\"float: right;\">{print showbutton=true script=true}</div>\n                <h2>{title}</h2>\n                {content}\n                <br />{* to insure space below the content *}\n\n{* Start relational links *}\n{* note this is the right side, when you float: divs you need to have float: right; divs first *}\n            <div class=\"right49\">\n              <p>{anchor anchor=\'main\' text=\'^ Top\'}</p>\n            </div>\n\n            <div class=\"left49\">\n              <p> {cms_selflink dir=\"previous\" label=\"Previous page: \"}\n{* The label parameter doesn\'t need to be there if you\'re using English, but is here to show how it\'s used if you don\'t want the English text \"Previous page\" *}\n              <br />\n              {cms_selflink dir=\"next\"}\n              </p>\n            </div>\n{* End relational links *}\n\n                <hr class=\"accessibility\" />\n                <div class=\"clear\">\n                </div>\n              </div>\n            </div>\n          </div>\n        </div>\n{* End Content Area *}\n\n      </div>\n{* End Content *}\n\n{* Start Footer. Edit the footer in the Global Content Block called \"footer\" *}\n      <div class=\"footback\">\n        <div id=\"footer\">\n{* stylesheet  \"Navigation: FatFootMenu\" *}\n          <div id=\"fooleft\">\n          {menu loadprops=0}\n          </div>\n          <div id=\"footrt\">\n          {global_content name=\'footer\'}\n          </div>\n          <div class=\"clear\"></div>\n        </div>\n      </div>\n{* End Footer *}\n\n    </div>\n{* end pagewrapper *}\n  </body>\n</html>','','',1,0,'2006-07-25 21:22:33','2009-05-13 10:42:54'),(16,'CSSMenu top + 2 columns','{process_pagedata}<!DOCTYPE html PUBLIC \"-//W3C//DTD XHTML 1.0 Transitional//EN\" \"http://www.w3.org/TR/xhtml1/DTD/xhtml1-transitional.dtd\">\r\n<html xmlns=\"http://www.w3.org/1999/xhtml\" xml:lang=\"en\" lang=\"en\">\r\n{* Change lang=\"en\" to the language of your site *}\r\n\r\n{* note: anything inside these are smarty comments, they will not show up in the page source *}\r\n\r\n  <head>\r\n    <title>{sitename} - {title}</title>\r\n{* The sitename is changed in Site Admin/Global settings. {title} is the name of each page *}\r\n\r\n {metadata}\r\n{* Don\'t remove this! Metadata is entered in Site Admin/Global settings. *}\r\n\r\n {cms_stylesheet}\r\n{* This is how all the stylesheets attached to this template are linked to it *}\r\n\r\n {cms_selflink dir=\"start\" rellink=1}\r\n {cms_selflink dir=\"prev\" rellink=1}\r\n {cms_selflink dir=\"next\" rellink=1}\r\n{* Relational links for interconnections between pages, good for accessibility and Search Engine Optimization *}\r\n\r\n{* the literal below and the /literal at the end are needed whenever there are {\"curly brackets\"} as smarty will think it\'s something to process and will throw an error *}\r\n {literal}\r\n<script type=\"text/JavaScript\">\r\n<!--\r\n//pass min and max - measured against window width\r\nfunction P7_MinMaxW(a,b){\r\nvar nw=\"auto\",w=document.documentElement.clientWidth;\r\nif(w>=b){nw=b+\"px\";}if(w<=a){nw=a+\"px\";}return nw;\r\n}\r\n//-->\r\n</script>\r\n    <!--[if lte IE 6]>\r\n    <style type=\"text/css\">\r\n    #pagewrapper {width:expression(P7_MinMaxW(720,950));}\r\n    #container {height: 1%;}\r\n    </style>\r\n    <![endif]-->\r\n    {/literal}\r\n{* The min and max page width for Internet Explorer is set here. For other browsers it\'s in the stylesheet \"Layout: Top menu + 2 columns\" *}\r\n\r\n    <!--[if lte IE 6]>\r\n    <script type=\"text/javascript\" src=\"modules/MenuManager/CSSMenu.js\"></script>\r\n    <![endif]--> \r\n{* The above JavaScript is required for CSSMenu to work in IE *}\r\n  </head>\r\n  <body>\r\n    <div id=\"pagewrapper\">\r\n\r\n{* start accessibility skip links, anything with the class of accessibility is hidden with CSS from visual browsers *}\r\n      <ul class=\"accessibility\">\r\n        <li>{anchor anchor=\'menu_vert\' title=\'Skip to navigation\' accesskey=\'n\' text=\'Skip to navigation\'}</li>\r\n        <li>{anchor anchor=\'main\' title=\'Skip to content\' accesskey=\'s\' text=\'Skip to content\'}</li>\r\n      </ul>\r\n{* end accessibility skip links *}\r\n\r\n      <hr class=\"accessibility\" />\r\n{* Horizontal ruler that is hidden for visual browsers by CSS *}\r\n\r\n{* Start Header, with logo image that links to the default start page. Logo image is changed in the stylesheet  \"Layout: Top menu + 2 columns\" *}\r\n      <div id=\"header\">\r\n\r\n{* this holds the name of the site on the right side *}\r\n        <h2 class=\"headright\">{sitename}</h2>\r\n\r\n{* a link back to home page and the header left image/logo, text is hidden using CSS *}\r\n        <h1>{cms_selflink dir=\"start\" text=\"$sitename\"}</h1>        \r\n        <hr class=\"accessibility\" />\r\n      </div>\r\n{* End Header *}\r\n\r\n{* Start Navigation *}\r\n      <div id=\"menu_vert\">\r\n{* stylesheet  \"Navigation: CSSMenu - Horizontal\" *}\r\n        <h2 class=\"accessibility\">Navigation</h2>\r\n        {menu loadprops=0 template=\'cssmenu.tpl\'}\r\n        <hr class=\"accessibility\" />\r\n      </div>\r\n{* End Navigation *}\r\n\r\n{* Start Search, the input \"Submit\" is using an image, CSS: input.search-button *}\r\n      <div id=\"search\">\r\n      {search}\r\n      </div>\r\n{* End Search *}\r\n\r\n{* Start Breadcrumbs *}\r\n      <div class=\"crbk\">\r\n{* holds the right image, we need 2 divs to be able to make this site fluid, if it was fixed width we could use one div, one image  *}\r\n\r\n        <div class=\"breadcrumbs\">\r\n        {cms_breadcrumbs root=\'Home\'}\r\n          <hr class=\"accessibility\" />\r\n        </div>\r\n      </div>\r\n{* End Breadcrumbs *}\r\n\r\n{* Start Content *}\r\n      <div id=\"content\">\r\n\r\n{* Start Sidebar *}\r\n        <div id=\"sidebar\">\r\n          <div id=\"sidebarb\">\r\n          {content block=\'Sidebar\'}\r\n\r\n{* Start News, stylesheet  \"Module: News\" *}\r\n            <div id=\"news\">\r\n              <h2>News</h2>\r\n              {news number=\'3\' detailpage=\'news\'}\r\n            </div>\r\n{* End News *}\r\n\r\n          </div>\r\n        </div>\r\n{* End Sidebar *}\r\n\r\n{* Start Content Area, the back1, back2, back3, hold the 3 outside images, main holds the 4th one, to make the box complete, if the template were fixed width not fluid we could use just 2 divs and 2 images, 1 top 1 bottom *}\r\n        <div class=\"back1\">\r\n          <div class=\"back2\">\r\n            <div class=\"back3\">\r\n              <div id=\"main\">\r\n                <div style=\"float: right;\">{print showbutton=true script=true}</div>\r\n                <h2>{title}</h2>\r\n                {content}\r\n                <br />{* to insure space below content *}\r\n\r\n{* Start relational links *}\r\n{* note this is the right side, when you float: divs you need to have float: right; divs first *}\r\n            <div class=\"right49\">\r\n              <p>{anchor anchor=\'main\' text=\'^ Top\'}</p>\r\n            </div>\r\n            <div class=\"left49\">\r\n              <p> {cms_selflink dir=\"previous\" label=\"Previous page: \"}\r\n{* The label parameter doesn\'t need to be there if you\'re using English, but is here to show how it\'s used if you don\'t want the English text \"Previous page\" *}\r\n\r\n              <br />\r\n              {cms_selflink dir=\"next\"}\r\n              </p>\r\n            </div>\r\n{* End relational links *}\r\n\r\n                <hr class=\"accessibility\" />\r\n                <div class=\"clear\"></div>\r\n              </div>\r\n            </div>\r\n          </div>\r\n        </div>\r\n{* End Content Area *}\r\n\r\n      </div>\r\n{* End Content *}\r\n\r\n{* Start Footer. Edit the footer in the Global Content Block called \"footer\" *}\r\n      <div class=\"footback\">\r\n        <div id=\"footer\">\r\n{* stylesheet  \"Navigation: FatFootMenu\" *}\r\n          <div id=\"fooleft\">\r\n          {menu loadprops=0}\r\n          </div>\r\n          <div id=\"footrt\">\r\n          {global_content name=\'footer\'}\r\n          </div>\r\n          <div class=\"clear\"></div>\r\n        </div>\r\n      </div>\r\n{* End Footer *}\r\n\r\n    </div>\r\n{* end pagewrapper *}\r\n\r\n  </body>\r\n</html>','','',1,0,'2006-07-25 21:22:33','2009-05-13 10:42:54'),(17,'Left simple navigation + 1 column','{process_pagedata}<!DOCTYPE html PUBLIC \"-//W3C//DTD XHTML 1.0 Transitional//EN\" \"http://www.w3.org/TR/xhtml1/DTD/xhtml1-transitional.dtd\">\n<html xmlns=\"http://www.w3.org/1999/xhtml\" xml:lang=\"en\" lang=\"en\">\n{* Change lang=\"en\" to the language of your site *}\n\n{* note: anything inside these are smarty comments, they will not show up in the page source *}\n\n  <head>\n    <title>{sitename} - {title}</title>\n{* The sitename is changed in Site Admin/Global settings. {title} is the name of each page *}\n\n {metadata}\n{* Don\'t remove this! Metadata is entered in Site Admin/Global settings. *}\n\n {cms_stylesheet}\n{* This is how all the stylesheets attached to this template are linked to it *}\n\n {cms_selflink dir=\"start\" rellink=1}\n {cms_selflink dir=\"prev\" rellink=1}\n {cms_selflink dir=\"next\" rellink=1}\n{* Relational links for interconnections between pages, good for accessibility and Search Engine Optimization *}\n\n{* the literal below and the /literal at the end are needed whenever there are {\"curly brackets\"} as smarty will think it\'s something to process and will throw an error *}\n {literal}\n<script type=\"text/JavaScript\">\n<!--\n//pass min and max - measured against window width\nfunction P7_MinMaxW(a,b){\nvar nw=\"auto\",w=document.documentElement.clientWidth;\nif(w>=b){nw=b+\"px\";}if(w<=a){nw=a+\"px\";}return nw;\n}\n//-->\n</script>\n    <!--[if lte IE 6]>\n    <style type=\"text/css\">\n    #pagewrapper {width:expression(P7_MinMaxW(720,1200));}\n    #container {height: 1%;}\n    </style>\n    <![endif]-->\n    {/literal}\n{* The min and max page width for Internet Explorer is set here. For other browsers it\'s in the stylesheet \"Layout: Left sidebar + 1 column\" *}\n\n  </head>\n  <body>\n    <div id=\"pagewrapper\">\n\n{* start accessibility skip links, anything with the class of accessibility is hidden with CSS from visual browsers *}\n      <ul class=\"accessibility\">\n        <li>{anchor anchor=\'menu_vert\' title=\'Skip to navigation\' accesskey=\'n\' text=\'Skip to navigation\'}</li>\n        <li>{anchor anchor=\'main\' title=\'Skip to content\' accesskey=\'s\' text=\'Skip to content\'}</li>\n      </ul>\n{* end accessibility skip links *}\n\n      <hr class=\"accessibility\" />\n{* anything with class=\"accessibility is hidden for visual browsers by CSS *}\n\n{* Start Header, with logo image that links to the default start page. Logo image is changed in the stylesheet  \"Layout: Left sidebar + 1 column\" *}\n      <div id=\"header\">\n\n{* this holds the name of the site on the right side *}\n        <h2 class=\"headright\">{sitename}</h2>\n\n{* this holds a link back to home page and the header left image/logo, text is hidden using CSS *}\n        <h1>{cms_selflink dir=\"start\" text=\"$sitename\"}</h1> \n       \n        <hr class=\"accessibility\" />\n      </div>\n{* End Header *}\n\n{* Start Search, the input \"Submit\" is using an image, CSS: input.search-button *}\n      <div id=\"search\">\n      {search}\n      </div>\n{* End Search *}\n\n{* Start Breadcrumbs *}\n      <div class=\"crbk\">\n{* holds the right image, we need 2 divs to be able to make this site fluid, if it was fixed width we could use one div, one image  *}\n\n        <div class=\"breadcrumbs\">\n        {cms_breadcrumbs root=\'Home\'}\n          <hr class=\"accessibility\" />\n        </div>\n      </div>\n{* End Breadcrumbs *}\n\n{* Start Content (Navigation and Content columns) *}\n      <div id=\"content\">\n\n{* Start Sidebar, 2 divs one for top image one for bottom image *}\n        <div id=\"sidebar\">\n          <div id=\"sidebara\">\n\n{* Start Navigation, stylesheet  \"Navigation: Simple - Vertical\" *}\n            <div id=\"menu_vert\">\n              <h2 class=\"accessibility\">Navigation</h2>\n              {menu loadprops=0 template=\'simple_navigation.tpl\' collapse=\'1\'}\n            </div>\n{* End Navigation *}\n\n{* Start News, style sheet \"Module: News\" *}\n            <div id=\"news\">\n              <h2>News</h2>\n              {news number=\'3\' detailpage=\'news\'}\n            </div>\n{* End News *}\n\n          </div>\n        </div>\n{* End Sidebar *}\n\n{* Start Content Area *}\n{* again 2 divs to hold top and bottom images, back is set to go to the right side then the main is set to come off the right side *}\n        <div class=\"back\">        \n          <div id=\"main\">\n            <div style=\"float: right;\">{print showbutton=true script=true}</div>\n            <h2>{title}</h2>\n            {content}\n            <br />\n{* this break is just to make sure we get space after the content *}\n\n{* Start relational links *}\n{* note this is the right side, when you float: divs you need to have float: right; divs first *}\n            <div class=\"right49\">\n              <p>{anchor anchor=\'main\' text=\'^ Top\'}</p>\n            </div>\n\n            <div class=\"left49\">\n              <p> {cms_selflink dir=\"previous\" label=\"Previous page: \"}\n{* The label parameter doesn\'t need to be there if you\'re using English, but is here to show how it\'s used if you don\'t want the English text \"Previous page\" *}\n\n              <br />\n              {cms_selflink dir=\"next\"}\n              </p>\n            </div>\n{* End relational links *}\n\n            <hr class=\"accessibility\" />\n          </div>\n        </div>\n{* End Content Area *}\n\n        <div class=\"clear\"></div>\n{* this is to make sure the 2 divs stay tight *}\n\n      </div>\n{* End Content *}\n\n{* Start Footer. Edit the footer in the Global Content Block called \"footer\" *}\n      <div class=\"footback\">\n        <div id=\"footer\">\n{* stylesheet  \"Navigation: FatFootMenu\" *}\n          <div id=\"fooleft\">\n          {menu loadprops=0}\n          </div>\n          <div id=\"footrt\">\n          {global_content name=\'footer\'}\n          </div>\n          <div class=\"clear\"></div>\n        </div>\n      </div>\n{* End Footer *}\n\n    </div>\n{* end pagewrapper *}\n  </body>\n</html>','','',1,0,'2006-07-25 21:22:33','2009-05-13 10:42:54'),(18,'Top simple navigation + left subnavigation + 1 column','{process_pagedata}<!DOCTYPE html PUBLIC \"-//W3C//DTD XHTML 1.0 Transitional//EN\" \"http://www.w3.org/TR/xhtml1/DTD/xhtml1-transitional.dtd\">\n<html xmlns=\"http://www.w3.org/1999/xhtml\" xml:lang=\"en\" lang=\"en\">\n{* Change lang=\"en\" to the language of your site *}\n\n{* note: anything inside these are smarty comments, they will not show up in the page source *}\n\n  <head>\n    <title>{sitename} - {title}</title>\n{* The sitename is changed in Site Admin/Global settings. {title} is the name of each page *}\n\n {metadata}\n{* Don\'t remove this! Metadata is entered in Site Admin/Global settings. *}\n\n {cms_stylesheet}\n{* This is how all the stylesheets attached to this template are linked to it *}\n\n {cms_selflink dir=\"start\" rellink=1}\n {cms_selflink dir=\"prev\" rellink=1}\n {cms_selflink dir=\"next\" rellink=1}\n{* Relational links for interconnections between pages, good for accessibility and Search Engine Optimization *}\n\n{* the literal below and the /literal at the end are needed whenever there are {\"curly brackets\"} as smarty will think it\'s something to process and will throw an error *}\n {literal}\n<script type=\"text/JavaScript\">\n<!--\n//pass min and max - measured against window width\nfunction P7_MinMaxW(a,b){\nvar nw=\"auto\",w=document.documentElement.clientWidth;\nif(w>=b){nw=b+\"px\";}if(w<=a){nw=a+\"px\";}return nw;\n}\n//-->\n</script>\n    <!--[if lte IE 6]>\n    <style type=\"text/css\">\n    #pagewrapper {width:expression(P7_MinMaxW(720,950));}\n    #container {height: 1%;}\n    </style>\n    <![endif]-->\n    {/literal}\n{* The min and max page width for Internet Explorer is set here. For other browsers it\'s in the stylesheet \"Layout: Top menu + 2 columns\" *}\n\n  </head>\n  <body>\n    <div id=\"pagewrapper\">\n\n{* start accessibility skip links, anything with the class of accessibility is hidden with CSS from visual browsers *}\n      <ul class=\"accessibility\">\n        <li>{anchor anchor=\'menu_vert\' title=\'Skip to navigation\' accesskey=\'n\' text=\'Skip to navigation\'}</li>\n        <li>{anchor anchor=\'main\' title=\'Skip to content\' accesskey=\'s\' text=\'Skip to content\'}</li>\n      </ul>\n{* end accessibility skip links *}\n\n      <hr class=\"accessibility\" />\n{* Horizontal ruler that is hidden for visual browsers by CSS *\n}\n{* Start Header, with logo image that links to the default start page. Logo image is changed in the stylesheet  \"Layout: Top menu + 2 columns\" *}\n      <div id=\"header\">\n\n{* this holds the name of the site on the right side *}\n        <h2 class=\"headright\">{sitename}</h2>\n\n{* this holds a link back to home page and the header left image/logo, text is hidden using CSS *}\n        <h1>{cms_selflink dir=\"start\" text=\"$sitename\"}</h1>\n        <hr class=\"accessibility\" />\n      </div>\n{* End Header *}\n\n{* Start Navigation *}\n      <div id=\"menu_horiz\">\n{* stylesheet  \"Navigation: Simple - Horizontal\" *}\n        <h2 class=\"accessibility\">Navigation</h2>\n        {menu loadprops=0 template=\'simple_navigation.tpl\' number_of_levels=\'1\'}\n        <hr class=\"accessibility\" />\n      </div>\n{* End Navigation *}\n{* Start Search, the input \"Submit\" is using an image, CSS: input.search-button *}\n      <div id=\"search\">\n      {search}\n      </div>\n{* End Search *}\n\n{* Start Breadcrumbs *}\n      <div class=\"crbk\">\n{* holds the right image, we need 2 divs to be able to make this site fluid, if it was fixed width we could use one div, one image  *}\n\n        <div class=\"breadcrumbs\">\n        {cms_breadcrumbs root=\'Home\'}\n          <hr class=\"accessibility\" />\n        </div>\n      </div>\n{* End Breadcrumbs *}\n\n{* Start Content (Navigation and Content columns) *}\n      <div id=\"content\">\n\n{* Start Sidebar, 2 divs one for top image one for bottom image *}\n        <div id=\"sidebar\">\n          <div id=\"sidebara\">\n\n{* Start Sub Navigation, stylesheet  \"Navigation: Simple - Vertical\" *}\n            <div id=\"menu_vert\">\n              <h2 class=\"accessibility\">Sub Navigation</h2>\n              {menu loadprops=0 template=\'simple_navigation.tpl\' start_level=\'2\' collapse=\'1\'}\n                <hr class=\"accessibility\" />\n            </div>\n{* End Sub Navigation *}\n\n{* Start News, style sheet \"Module: News\" *}\n            <div id=\"news\">\n              <h2>News</h2>\n              {news number=\'3\' detailpage=\'news\'}\n            </div>\n{* End News *}\n\n          </div>\n        </div>\n{* End Sidebar *}\n\n{* Start Content Area, the back1, back2, back3, hold the 3 outside images, main holds the 4th one, to make the box complete, if the template were fixed width not fluid we could use just 2 divs and 2 images, 1 top 1 bottom *}\n        <div class=\"back1\">\n          <div class=\"back2\">\n            <div class=\"back3\">\n              <div id=\"main\">\n                <div style=\"float: right;\">{print showbutton=true script=true}</div>\n                <h2>{title}</h2>\n                {content}\n                <br />{* to insure space below content *}\n\n{* Start relational links *}\n{* note this is the right side, when you float: divs you need to have float: right; divs first *}\n            <div class=\"right49\">\n              <p>{anchor anchor=\'main\' text=\'^ Top\'}</p>\n            </div>\n            <div class=\"left49\">\n              <p> {cms_selflink dir=\"previous\" label=\"Previous page: \"}\n{* The label parameter doesn\'t need to be there if you\'re using English, but is here to show how it\'s used if you don\'t want the English text \"Previous page\" *}\n\n              <br />\n              {cms_selflink dir=\"next\"}\n              </p>\n            </div>\n{* End relational links *}\n\n                <hr class=\"accessibility\" />\n                <div class=\"clear\"></div>\n              </div>\n            </div>\n          </div>\n        </div>\n{* End Content Area *}\n\n      </div>\n{* End Content *}\n\n{* Start Footer. Edit the footer in the Global Content Block called \"footer\" *}\n      <div class=\"footback\">\n        <div id=\"footer\">\n{* stylesheet  \"Navigation: FatFootMenu\" *}\n          <div id=\"fooleft\">\n          {menu loadprops=0}\n          </div>\n          <div id=\"footrt\">\n          {global_content name=\'footer\'}\n          </div>\n          <div class=\"clear\"></div>\n        </div>\n      </div>\n{* End Footer  *}\n\n    </div>\n{* end pagewrapper *}\n\n  </body>\n</html>','','',1,0,'2006-07-25 21:22:33','2009-05-13 10:42:54'),(20,'ShadowMenu Tab + 2 columns','{process_pagedata}<!DOCTYPE html PUBLIC \"-//W3C//DTD XHTML 1.0 Transitional//EN\" \"http://www.w3.org/TR/xhtml1/DTD/xhtml1-transitional.dtd\">\r\n<html xmlns=\"http://www.w3.org/1999/xhtml\" xml:lang=\"en\" lang=\"en\">\r\n{* Change lang=\"en\" to the language of your site *}\r\n\r\n{* note: anything inside these are smarty comments, they will not show up in the page source *}\r\n\r\n  <head>\r\n    <title>{sitename} - {title}</title>\r\n{* The sitename is changed in Site Admin/Global settings. {title} is the name of each page *}\r\n\r\n {metadata}\r\n{* Don\'t remove this! Metadata is entered in Site Admin/Global settings. *}\r\n\r\n {cms_stylesheet}\r\n{* This is how all the stylesheets attached to this template are linked to it *}\r\n\r\n {cms_selflink dir=\"start\" rellink=1}\r\n {cms_selflink dir=\"prev\" rellink=1}\r\n {cms_selflink dir=\"next\" rellink=1}\r\n{* Relational links for interconnections between pages, good for accessibility and Search Engine Optimization *}\r\n\r\n{* the literal below and the /literal at the end are needed whenever there are {\"curly brackets\"} as smarty will think it\'s something to process and will throw an error *}\r\n {literal}\r\n<script type=\"text/JavaScript\">\r\n<!--\r\n//pass min and max - measured against window width\r\nfunction P7_MinMaxW(a,b){\r\nvar nw=\"auto\",w=document.documentElement.clientWidth;\r\nif(w>=b){nw=b+\"px\";}if(w<=a){nw=a+\"px\";}return nw;\r\n}\r\n//-->\r\n</script>\r\n    <!--[if lte IE 6]>\r\n    <style type=\"text/css\">\r\n    #pagewrapper {width:expression(P7_MinMaxW(720,950));}\r\n    #container {height: 1%;}\r\n    </style>\r\n    <![endif]-->\r\n    {/literal}\r\n{* The min and max page width for Internet Explorer is set here. For other browsers it\'s in the stylesheet \"Layout: Top menu + 2 columns\" *}\r\n\r\n    <!--[if lte IE 6]>\r\n    <script type=\"text/javascript\" src=\"modules/MenuManager/CSSMenu.js\"></script>\r\n    <![endif]--> \r\n{* The above JavaScript is required for CSSMenu to work in IE *}\r\n\r\n  </head>\r\n  <body>\r\n    <div id=\"pagewrapper\">\r\n\r\n{* start accessibility skip links, anything with the class of accessibility is hidden with CSS from visual browsers *}\r\n      <ul class=\"accessibility\">\r\n        <li>{anchor anchor=\'menu_vert\' title=\'Skip to navigation\' accesskey=\'n\' text=\'Skip to navigation\'}</li>\r\n        <li>{anchor anchor=\'main\' title=\'Skip to content\' accesskey=\'s\' text=\'Skip to content\'}</li>\r\n      </ul>\r\n{* end accessibility skip links *}\r\n\r\n      <hr class=\"accessibility\" />\r\n{* Horizontal ruler that is hidden for visual browsers by CSS *}\r\n\r\n{* Start Header, with logo image that links to the default start page. Logo image is changed in the stylesheet  \"Layout: Top menu + 2 columns\" *}\r\n      <div id=\"header\">\r\n\r\n{* this holds the name of the site on the right side *}\r\n        <h2 class=\"headright\">{sitename}</h2>\r\n\r\n{* a link back to home page and the header left image/logo, text is hidden using CSS *}\r\n        <h1>{cms_selflink dir=\"start\" text=\"$sitename\"}</h1>        \r\n        <hr class=\"accessibility\" />\r\n      </div>\r\n{* End Header *}\r\n\r\n{* Start Navigation, stylesheet \"Navigation: ShadowMenu - Horizontal\" *}\r\n      <div id=\"menu_vert\">\r\n        <h2 class=\"accessibility\">Navigation</h2>\r\n        {menu loadprops=0 template=\'cssmenu_ulshadow.tpl\'}\r\n        <hr class=\"accessibility\" />\r\n      </div>\r\n{* End Navigation *}\r\n\r\n{* Start Search, the input \"Submit\" is using an image, CSS: input.search-button *}\r\n      <div id=\"search\">\r\n      {search}\r\n      </div>\r\n{* End Search *}\r\n\r\n{* Start Breadcrumbs *}\r\n      <div class=\"crbk\">\r\n{* holds the right image, we need 2 divs to be able to make this site fluid, if it was fixed width we could use one div, one image  *}\r\n\r\n        <div class=\"breadcrumbs\">\r\n        {cms_breadcrumbs root=\'Home\'}\r\n          <hr class=\"accessibility\" />\r\n        </div>\r\n      </div>\r\n{* End Breadcrumbs *}\r\n\r\n{* Start Content *}\r\n      <div id=\"content\">\r\n\r\n{* Start Sidebar *}\r\n        <div id=\"sidebar\">\r\n          <div id=\"sidebarb\">\r\n          {content block=\'Sidebar\'}\r\n\r\n{* Start News, stylesheet  \"Module: News\" *}\r\n            <div id=\"news\">\r\n              <h2>News</h2>\r\n              {news number=\'3\' detailpage=\'news\'}\r\n            </div>\r\n{* End News *}\r\n\r\n          </div>\r\n        </div>\r\n{* End Sidebar *}\r\n\r\n{* Start Content Area, the back1, back2, back3, hold the 3 outside images, main holds the 4th one, to make the box complete, if the template were fixed width not fluid we could use just 2 divs and 2 images, 1 top 1 bottom *}\r\n        <div class=\"back1\">\r\n          <div class=\"back2\">\r\n            <div class=\"back3\">\r\n              <div id=\"main\">\r\n                <div style=\"float: right;\">{print showbutton=true script=true}</div>\r\n                <h2>{title}</h2>\r\n                {content}\r\n                <br />{* to insure space below content *}\r\n\r\n{* Start relational links *}\r\n{* note this is the right side, when you float: divs you need to have float: right; divs first *}\r\n            <div class=\"right49\">\r\n              <p>{anchor anchor=\'main\' text=\'^ Top\'}</p>\r\n            </div>\r\n            <div class=\"left49\">\r\n              <p> {cms_selflink dir=\"previous\" label=\"Previous page: \"}\r\n{* The label parameter doesn\'t need to be there if you\'re using English, but is here to show how it\'s used if you don\'t want the English text \"Previous page\" *}\r\n\r\n              <br />\r\n              {cms_selflink dir=\"next\"}\r\n              </p>\r\n            </div>\r\n{* End relational links *}\r\n\r\n                <hr class=\"accessibility\" />\r\n                <div class=\"clear\"></div>\r\n              </div>\r\n            </div>\r\n          </div>\r\n        </div>\r\n{* End Content Area *}\r\n\r\n      </div>\r\n{* End Content *}\r\n\r\n{* Start Footer. Edit the footer in the Global Content Block called \"footer\" *}\r\n      <div class=\"footback\">\r\n        <div id=\"footer\">\r\n{* stylesheet  \"Navigation: FatFootMenu\" *}\r\n          <div id=\"fooleft\">\r\n          {menu loadprops=0}\r\n          </div>\r\n          <div id=\"footrt\">\r\n          {global_content name=\'footer\'}\r\n          </div>\r\n          <div class=\"clear\"></div>\r\n        </div>\r\n      </div>\r\n{* End Footer *}\r\n\r\n    </div>\r\n{* end pagewrapper *}\r\n\r\n  </body>\r\n</html>','','',1,0,'2009-05-01 04:30:42','2009-05-13 10:42:54'),(21,'ShadowMenu left + 1 column','{process_pagedata}<!DOCTYPE html PUBLIC \"-//W3C//DTD XHTML 1.0 Transitional//EN\" \"http://www.w3.org/TR/xhtml1/DTD/xhtml1-transitional.dtd\">\n<html xmlns=\"http://www.w3.org/1999/xhtml\" xml:lang=\"en\" lang=\"en\">\n{* Change lang=\"en\" to the language of your site *}\n\n{* note: anything inside these are smarty comments, they will not show up in the page source *}\n\n  <head>\n    <title>{sitename} - {title}</title>\n{* The sitename is changed in Site Admin/Global settings. {title} is the name of each page *}\n\n {metadata}\n{* Don\'t remove this! Metadata is entered in Site Admin/Global settings. *}\n\n {cms_stylesheet}\n{* This is how all the stylesheets attached to this template are linked to it *}\n\n {cms_selflink dir=\"start\" rellink=1}\n {cms_selflink dir=\"prev\" rellink=1}\n {cms_selflink dir=\"next\" rellink=1}\n{* Relational links for interconnections between pages, good for accessibility and Search Engine Optimization *}\n\n{* the literal below and the /literal at the end are needed whenever there are {\"curly brackets\"} as smarty will think it\'s something to process and will throw an error *}\n {literal}\n<script type=\"text/JavaScript\">\n<!--\n//pass min and max - measured against window width\nfunction P7_MinMaxW(a,b){\nvar nw=\"auto\",w=document.documentElement.clientWidth;\nif(w>=b){nw=b+\"px\";}if(w<=a){nw=a+\"px\";}return nw;\n}\n//-->\n</script>\n    <!--[if lte IE 6]>\n    <style type=\"text/css\">\n    #pagewrapper {width:expression(P7_MinMaxW(720,950));}\n    #container {height: 1%;}\n    </style>\n    <![endif]-->\n    {/literal}\n{* The min and max page width for Internet Explorer is set here. For other browsers it\'s in the stylesheet \"Layout: Top menu + 2 columns\" *}\n\n    <!--[if lte IE 6]>\n    <script type=\"text/javascript\" src=\"modules/MenuManager/CSSMenu.js\"></script>\n    <![endif]--> \n{* The above JavaScript is required for CSSMenu to work in IE *}\n\n  </head>\n  <body>\n    <div id=\"pagewrapper\">\n\n{* start accessibility skip links, anything with the class of accessibility is hidden with CSS from visual browsers *}\n      <ul class=\"accessibility\">\n        <li>{anchor anchor=\'menu_vert\' title=\'Skip to navigation\' accesskey=\'n\' text=\'Skip to navigation\'}</li>\n        <li>{anchor anchor=\'main\' title=\'Skip to content\' accesskey=\'s\' text=\'Skip to content\'}</li>\n      </ul>\n{* end accessibility skip links *}\n\n      <hr class=\"accessibility\" />\n{* Horizontal ruler that is hidden for visual browsers by CSS *}\n\n{* Start Header, with logo image that links to the default start page. Logo image is changed in the stylesheet  \"Layout: Left sidebar + 1 column\" *}\n      <div id=\"header\">\n\n{* this holds the name of the site on the right side *}\n        <h2 class=\"headright\">{sitename}</h2>\n\n{* this holds a link back to home page and the header left image/logo, text is hidden using CSS *}\n        <h1>{cms_selflink dir=\"start\" text=\"$sitename\"}</h1>        \n        <hr class=\"accessibility\" />\n      </div>\n{* End Header *}\n\n{* Start Search, the input \"Submit\" is using an image, CSS: input.search-button *}\n      <div id=\"search\">\n      {search}\n      </div>\n{* End Search *}\n\n{* Start Breadcrumbs *}\n      <div class=\"crbk\">\n{* holds the right image, we need 2 divs to be able to make this site fluid, if it was fixed width we could use one div, one image  *}\n\n        <div class=\"breadcrumbs\">\n        {cms_breadcrumbs root=\'Home\'}\n          <hr class=\"accessibility\" />\n        </div>\n      </div>\n{* End Breadcrumbs *}\n\n{* Start Content (Navigation and Content columns) *}\n      <div id=\"content\">\n\n{* Start Sidebar, 2 divs one for top image one for bottom image *}\n        <div id=\"sidebar\">\n          <div id=\"sidebara\">\n\n{* Start Navigation, stylesheet  \"Navigation: ShadowMenu - Vertical\" *}\n            <h2 class=\"accessibility\">Navigation</h2>\n            {menu loadprops=0 template=\'cssmenu_ulshadow.tpl\'}\n            <hr class=\"accessibility\" />\n\n{* Start News, stylesheet  \"Module: News\" *}\n            <div id=\"news\">\n              <h2>News</h2>\n              {news number=\'3\' detailpage=\'news\'}\n            </div>\n{* End News *}\n\n          </div>\n        </div>\n{* End Sidebar *}\n\n{* Start Content Area, the back1, back2, back3, hold the 3 outside images, main holds the 4th one, to make the box complete, if the template were fixed width not fluid we could use just 2 divs and 2 images, 1 top 1 bottom *}\n        <div class=\"back1\">\n          <div class=\"back2\">\n            <div class=\"back3\">\n              <div id=\"main\">\n                <div style=\"float: right;\">{print showbutton=true script=true}</div>\n                <h2>{title}</h2>\n                {content}\n                <br />{* to insure space below content *}\n\n{* Start relational links *}\n{* note this is the right side, when you float: divs you need to have float: right; divs first *}\n            <div class=\"right49\">\n              <p>{anchor anchor=\'main\' text=\'^ Top\'}</p>\n            </div>\n            <div class=\"left49\">\n              <p> {cms_selflink dir=\"previous\" label=\"Previous page: \"}\n{* The label parameter doesn\'t need to be there if you\'re using English, but is here to show how it\'s used if you don\'t want the English text \"Previous page\" *}\n\n              <br />\n              {cms_selflink dir=\"next\"}\n              </p>\n            </div>\n{* End relational links *}\n\n                <hr class=\"accessibility\" />\n                <div class=\"clear\"></div>\n              </div>\n            </div>\n          </div>\n        </div>\n{* End Content Area *}\n\n      </div>\n{* End Content *}\n\n{* Start Footer. Edit the footer in the Global Content Block called \"footer\" *}\n      <div class=\"footback\">\n        <div id=\"footer\">\n{* stylesheet  \"Navigation: FatFootMenu\" *}\n          <div id=\"fooleft\">\n          {menu loadprops=0}\n          </div>\n          <div id=\"footrt\">\n          {global_content name=\'footer\'}\n          </div>\n          <div class=\"clear\"></div>\n        </div>\n      </div>\n{* End Footer *}\n\n    </div>\n{* end pagewrapper *}\n\n  </body>\n</html>','','',1,0,'2009-05-01 23:17:51','2009-05-13 10:42:54'),(22,'NCleanBlue','{process_pagedata}<!DOCTYPE html PUBLIC \"-//W3C//DTD XHTML 1.0 Transitional//EN\"\r\n\"http://www.w3.org/TR/xhtml1/DTD/xhtml1-transitional.dtd\">\r\n<html xmlns=\"http://www.w3.org/1999/xhtml\" xml:lang=\"en\" lang=\"en\">\r\n{* Change lang=\"en\" to the language of your site *}\r\n\r\n{* note: anything inside these are smarty comments, they will not show up in the page source *}\r\n  <head>\r\n{if isset($canonical)}<link rel=\"canonical\" href=\"{$canonical}\" />{elseif isset($content_obj)}<link rel=\"canonical\" href=\"{$content_obj->GetURL()}\" />{/if}\r\n\r\n<title>{title} | {sitename}</title>\r\n{* The sitename is changed in Site Admin/Global settings. {title} is the name of each page *}\r\n\r\n{metadata}\r\n{* Don\'t remove this! Metadata is entered in Site Admin/Global settings. *}\r\n\r\n{cms_stylesheet}\r\n{* This is how all the stylesheets attached to this template are linked to *}\r\n\r\n{cms_selflink dir=\"start\" rellink=1}\r\n{cms_selflink dir=\"prev\" rellink=1}\r\n{cms_selflink dir=\"next\" rellink=1}\r\n{* Relational links for interconnections between pages, good for accessibility and Search Engine Optmization *}\r\n\r\n<!--[if IE 6]>\r\n<script type=\"text/javascript\" src=\"modules/MenuManager/CSSMenu.js\"></script>\r\n<![endif]-->\r\n{* The above JavaScript is required for Menu - NCleanBlue-css to work in IE6 *}\r\n\r\n{* the literal below and the /literal at the end are needed whenever there are {\"curly brackets\"} as smarty will think it\'s something to process and will throw an error *}\r\n{* IE6 png fix *}\r\n{literal}\r\n<!--[if IE 6]>\r\n<script type=\"text/javascript\"  src=\"uploads/NCleanBlue/js/ie6fix.js\"></script>\r\n<script type=\"text/javascript\">\r\n // argument is a CSS selector\r\n DD_belatedPNG.fix(\'.sbar-top,.sbar-bottom,.main-top,.main-bottom,#version\');\r\n</script>\r\n<style type=\"text/css\">\r\n/* enable background image caching in IE6 */\r\nhtml {filter:expression(document.execCommand(\"BackgroundImageCache\", false, true));} \r\n</style>\r\n<![endif]-->\r\n{/literal}\r\n\r\n  </head>\r\n  <body>\r\n    <div id=\"ncleanblue\">\r\n      <div id=\"pagewrapper\" class=\"core-wrap-960 core-center\">\r\n{* start accessibility skip links *}\r\n        <ul class=\"accessibility\">\r\n          <li>{anchor anchor=\'menu_vert\' title=\'Skip to navigation\' accesskey=\'n\' text=\'Skip to navigation\'}</li>\r\n          <li>{anchor anchor=\'main\' title=\'Skip to content\' accesskey=\'s\' text=\'Skip to content\'}</li>\r\n        </ul>\r\n{* end accessibility skip links *}\r\n        <hr class=\"accessibility\" />\r\n{* Horizontal ruler that is hidden for visual browsers by CSS *}\r\n\r\n{* Start Header, with logo image that links to the default start page *}\r\n        <div id=\"header\" class=\"util-clearfix\">\r\n{* logo image that links to the default start page. Logo image is changed in the style sheet  \"Layout: NCleanBlue\" *}\r\n          <div id=\"logo\" class=\"core-float-left\">\r\n            {cms_selflink dir=\"start\" text=\"$sitename\"}\r\n          </div>\r\n          \r\n{* Start Search, the input \"Submit\" is using an image, CSS: div#search input.search-button *}\r\n          <div id=\"search\" class=\"core-float-right\">\r\n            {search search_method=\"post\"}\r\n          </div>\r\n{* End Search *}\r\n          <span class=\"util-clearb\">&nbsp;</span>\r\n          \r\n{* Start Navigation, style sheet  \"Layout: NCleanBlue\", starting at Menu  ROOT *}\r\n          <h2 class=\"accessibility util-clearb\">Navigation</h2>\r\n{* anything class=\"accessibility\" is hidden for visual browsers by CSS *}\r\n          <div class=\"page-menu util-clearfix\">\r\n          {menu loadprops=0 template=\'cssmenu_ulshadow.tpl\'}\r\n          </div>\r\n          <hr class=\"accessibility util-clearb\" />\r\n{* End Navigation *}\r\n\r\n        </div>\r\n{* End Header *}\r\n\r\n{* Start Content (Navigation and Content columns) *}\r\n        <div id=\"content\" class=\"util-clearfix\"> \r\n\r\n{* Start Optional tag CMS Version Information, also is a good example how smarty works, the big star that holds the version number, you may remove it here and the style sheet where it is marked. *}\r\n          <div title=\"CMS - {cms_version} - {cms_versionname}\" id=\"version\">\r\n          {capture assign=\'cms_version\'}{cms_version|lower}{/capture}{\"/-([a-z]).*/\"|preg_replace:\"\":$cms_version}\r\n          </div>\r\n{* End Optional tag  *}\r\n\r\n{* Start Bar *}\r\n          <div id=\"bar\" class=\"util-clearfix\">\r\n{* Start Breadcrumbs, a bit of letting you know where your at *}\r\n            <div class=\"breadcrumbs core-float-right\">\r\n              {cms_breadcrumbs root=\'Home\'}\r\n            </div>\r\n{* End Breadcrumbs *}\r\n\r\n            <hr class=\"accessibility util-clearb\" />\r\n          </div>\r\n{* End Bar *}\r\n\r\n{* Start left side *}\r\n          <div id=\"left\" class=\"core-float-left\">\r\n            <div class=\"sbar-top\">\r\n              <h2 class=\"sbar-title\">News</h2>\r\n            </div>\r\n            <div class=\"sbar-main\">\r\n{* Start News *}\r\n              <div id=\"news\">\r\n              {news number=\'3\' detailpage=\'news\'}\r\n              </div>\r\n              <img class=\"screen\" src=\"uploads/NCleanBlue/screen-1.6.jpg\" width=\"139\" height=\"142\" title=\"CMS - {cms_version} - {cms_versionname}\" alt=\"CMS - {cms_version} - {cms_versionname}\" />\r\n{* End News *} \r\n            </div>\r\n            <span class=\"sbar-bottom\">&nbsp;</span> \r\n          </div>\r\n{* End left side *}\r\n\r\n{* Start Content Area, right side *}\r\n          <div id=\"main\"  class=\"core-float-right\">\r\n\r\n{* main top, holds top image and print image *}\r\n            <div class=\"main-top\">\r\n              <div class=\"print core-float-right\">\r\n                {print showbutton=true}\r\n              </div>\r\n            </div> \r\n            \r\n{* main content *}\r\n            <div class=\"main-main util-clearfix\">\r\n              <h1 class=\"title\">{title}</h1>\r\n            {content}\r\n            </div>\r\n            \r\n{* Start main bottom and relational links *}\r\n            <div class=\"main-bottom\">\r\n              <div class=\"right49 core-float-right\">\r\n              {anchor anchor=\'main\' text=\'^&nbsp;&nbsp;Top\'}\r\n              </div>\r\n              <div class=\"left49 core-float-left\">\r\n                <span>\r\n                  {cms_selflink dir=\"previous\" label=\"Previous page: \"}&nbsp;\r\n{* The label parameter doesn\'t need to be there if you\'re using English, but is here to show how it\'s used if you don\'t want the English text \"Previous page\" *}\r\n                </span>\r\n                <span>\r\n                  {cms_selflink dir=\"next\"}&nbsp;\r\n                </span>\r\n              </div>\r\n{* End relational links *}\r\n\r\n              <hr class=\"accessibility\" />\r\n            </div>\r\n{* End main bottom *}\r\n\r\n          </div>\r\n{* End Content Area, right side *}\r\n\r\n        </div>\r\n{* End Content *}\r\n\r\n      </div>\r\n{* end pagewrapper *}\r\n      <span class=\"util-clearb\">&nbsp;</span>\r\n      \r\n{* Start Footer *}\r\n      <div id=\"footer-wrapper\">\r\n        <div id=\"footer\" class=\"core-wrap-960\">\r\n{* first foot menu *}\r\n          <div class=\"block core-float-left\">\r\n            {menu loadprops=0 template=\'minimal_menu.tpl\'  number_of_levels=\'1\'}\r\n          </div>\r\n          \r\n{* second foot menu if active page has children *}\r\n          <div class=\"block core-float-left\">\r\n            {menu loadprops=0 template=\'minimal_menu.tpl\'  start_level=\"2\"}\r\n          </div>\r\n          \r\n{* edit the footer in the Global Content Block called \"footer\" *}\r\n          <div class=\"block cms core-float-left\">\r\n            {global_content name=\'footer\'}\r\n          </div>\r\n          \r\n          <span class=\"util-clearb\">&nbsp;</span>\r\n        </div>\r\n      </div>\r\n{* End Footer *}\r\n    </div>\r\n{* End Div *}\r\n  </body>\r\n</html>','','',1,1,'2009-05-06 14:20:10','2009-05-13 10:43:19'),(23,'Simplex','{strip}\r\n{process_pagedata}\r\n\r\n{* With cms_lang_info we retrieve current language information, assign gives us $nls variable we can work with *}\r\n{cms_lang_info assign=\'nls\'}\r\n\r\n{* using strip as we don\'t want useless whitespace, especially not before doctype *}\r\n{/strip}<!doctype html>\r\n<html lang=\'{if isset($nls)}{$nls->htmlarea()}{/if}\' dir=\'{if isset($nls)}{$nls->direction()}{/if}\'>\r\n<head>\r\n<meta charset=\'{if isset($nls)}{$nls->encoding()}{/if}\'>\r\n<title>{title} - {sitename}</title>\r\n<meta name=\'viewport\' content=\'initial-scale=1.0 maximum-scale=1.0 user-scalable=no\' />\r\n<meta name=\'HandheldFriendly\' content=\'true\' />\r\n{* Don\'t remove this! Metadata is entered in Site Admin/Global settings. *}\r\n{metadata}\r\n{* See in news detail template how cannonical url can be assigned from module *}\r\n{if isset($canonical)}<link rel=\'canonical\' href=\'{$canonical}\' />{elseif isset($content_obj)}<link rel=\'canonical\' href=\'{$content_obj->GetURL()}\' />{/if}\r\n{* This is how all the stylesheets attached to this template are linked to *}\r\n{cms_stylesheet}\r\n{* using google fonts *}\r\n<link href=\'//fonts.googleapis.com/css?family=Oswald:400,700\' rel=\'stylesheet\' type=\'text/css\'>\r\n{* learning IE lower then Version 9 some html5 *}\r\n<!--[if lt IE 9]>\r\n<script src=\"//html5shiv.googlecode.com/svn/trunk/html5.js\"></script>\r\n<![endif]-->\r\n{* Relational links for interconnections between pages, good for accessibility and Search Engine Optmization *}\r\n{cms_selflink dir=\'start\' rellink=\'1\'}\r\n{cms_selflink dir=\'prev\' rellink=\'1\'}\r\n{cms_selflink dir=\'next\' rellink=\'1\'}\r\n</head>\r\n<body id=\'boxed\'>\r\n<!-- #wrapper (wrapping content in a box) -->\r\n<div class=\'container centered\' id=\'wrapper\'>\r\n    <!-- accessibility links, jump to nav or content -->\r\n    <ul class=\"visuallyhidden\">\r\n        <li>{anchor anchor=\'nav\' title=\'Skip to navigation\' accesskey=\'n\' text=\'Skip to navigation\'}</li>\r\n        <li>{anchor anchor=\'main\' title=\'Skip to content\' accesskey=\'s\' text=\'Skip to content\'}</li>\r\n    </ul>\r\n    <!-- accessibility //-->\r\n    <!-- .top (top section of page containing logo, navigation search...) -->\r\n    <header class=\'top\'>\r\n        <div class=\'row header\'>\r\n            <!-- .logo (cmsms logo on the left side) -->\r\n            <div class=\'logo grid_4\'>\r\n                <a href=\'{root_url}\' title=\'{sitename}\'>\r\n                    <img src=\'{uploads_url}/simplex/images/cmsmadesimple-logo.png\' width=\'227\' height=\'59\' alt=\'{sitename}\' />\r\n                    <span class=\'palm\'></span>\r\n                </a>\r\n            </div>\r\n            <!-- .logo //-->\r\n            <!-- .main-navigation (main navigation on the right side) -->\r\n            <nav class=\'main-navigation grid_8 noprint\' id=\'nav\' role=\'navigation\'>\r\n                {menu template=\'Simplex_Navigation.tpl\'}\r\n            </nav>\r\n            <!-- .main-navigation //-->\r\n        </div>\r\n        <!-- .header-bottom (bottom part of header containing catchphrase and search field) -->\r\n        <div class=\'row header-bottom\'>\r\n            <section class=\'phrase\'>\r\n                <span class=\'grid_7\'>Content Management System the way it was meant to be.</span>\r\n                {strip}\r\n                {search assign=\'is_search\'}{* assigned search module tag, now we can build different search template for this site template and have fun with html5, Read http://www.w3.org/TR/html-markup/input.search.html for full attirbute specs *}\r\n                {if isset($is_search)}\r\n                <div class=\'grid_5 search noprint\' role=\'search\'>\r\n                        {$startform}\r\n                        <label for=\'{$search_actionid}searchinput\' class=\'visuallyhidden\'>{$searchprompt}:</label>\r\n                            <input type=\'search\' class=\'search-input\' id=\'{$search_actionid}searchinput\' name=\'{$search_actionid}searchinput\' size=\'20\' maxlength=\'50\' value=\'\' placeholder=\'{$searchtext}\' />\r\n                            {if isset($hidden)}{$hidden}{/if}\r\n                        {$endform}\r\n                </div>\r\n                {/if}{/strip}\r\n            </section>\r\n        </div>\r\n        <div class=\'clear\'></div>\r\n        <!-- .header-bottom //-->\r\n        <!-- .banner (banner area for a slider or teaser image) -->\r\n        <section class=\'banner row noprint\' role=\'banner\'>\r\n            <div class=\'banner-text\'>\r\n                <ul>\r\n                    <li>Flexible</li>\r\n                    <li>Powerful</li>\r\n                    <li>Secure</li>\r\n                    <li>Robust</li>\r\n                </ul>\r\n            </div>\r\n            <div class=\'banner-image cf\'>\r\n            {strip}\r\n                {* you do not need a module for every simple site functionality. For example you can build a simple slideshow\r\n                with php glob function (http://www.php.net/manual/en/function.glob.php) without wasting your system resources \r\n                by using modules or plugins.\r\n                Below would search for files matching .jpg in folder named teaser in simplex theme folder *}\r\n                {assign var=\'teaser\' value=\'uploads/simplex/teaser/*.jpg\'|glob}\r\n                    {foreach from=$teaser item=\'one\'}\r\n                        <div><img src=\'{root_url}/{$one}\' width=\'852\' height=\'275\' alt=\'\' /></div>\r\n                    {/foreach}\r\n            {/strip}\r\n            </div>\r\n        </section>\r\n        <!-- .banner //-->\r\n    </header>\r\n    <!-- .top //-->\r\n    <!-- .content-wrapper (wrapping div for content area) -->\r\n    <div class=\'content-wrapper cf\'>\r\n        <!-- .content (display content first) -->\r\n        <div class=\'content-inner grid_8 push_4\'>\r\n            <!-- .content-top (breadcrumbs and print button) -->\r\n            <div class=\'content-top cf\' itemscope itemtype=\'http://data-vocabulary.org/Breadcrumb\'>            \r\n                {* menu manager has action breadcrumbs since 1.11, you can use {cms_breadcrumbs} tag or {menu action=\'breadcrumbs\'} as below *}\r\n                {menu action=\'breadcrumbs\'}                \r\n                {* print tag from CMSPrinting Module *}\r\n                {print showbutton=\'false\' class=\'printbutton noprint\'}                \r\n            </div>\r\n            <!-- .content-top //-->\r\n            <!-- .content (actual content with title and content tags) -->\r\n            <article class=\'content\' id=\'main\' role=\'main\'>\r\n                <h1>{title}</h1> {* title tag *}\r\n                    {content} {* content entered in page editor area *}\r\n            </article>\r\n            <!-- .content //-->\r\n        </div>\r\n        <!-- .content-inner //-->\r\n        <!-- .sidebar (then show sidebar) -->\r\n        <aside class=\'sidebar grid_4 pull_8\'>\r\n            {* sample of using News Module tag for summary of latest two articles *}\r\n            {news summarytemplate=\'Summary_Simplex\' number=\'2\' detailpage=\'news\' detailtemplate=\'Simplex_Detail\'}\r\n        </aside>\r\n        <!-- .sidebar //-->\r\n        <div class=\'cf grid_8 prefix_4\'>\r\n            <span class=\'previous\'>{cms_selflink dir=\'previous\'}</span>\r\n            <span class=\'next\'>{cms_selflink dir=\'next\'}</span>\r\n        </div>\r\n    </div>\r\n    <!-- .content-wrapper //-->\r\n    <!-- .footer (footer area) -->\r\n    <footer class=\'row footer\'>\r\n        <span class=\'back-top\'>{anchor anchor=\'main\' text=\'&uarr;\'}</span>\r\n        <section class=\'grid_4 copyright\'>\r\n            <ul class=\'social cf\'>\r\n                <li class=\'twitter\'><a title=\'Twitter\' href=\'http://twitter.com/#!/cmsms\'>Twitter</a></li>\r\n                <li class=\'facebook\'><a title=\'Facebook\' href=\'https://www.facebook.com/cmsmadesimple\'>Facebook</a></li>\r\n                <li class=\'linkedin\'><a title=\'LinkedIn\' href=\'http://www.linkedin.com/groups?gid=1139537\'>LinkedIn</a></li>\r\n                <li class=\'youtube\'><a title=\'YouTube\' href=\'http://www.youtube.com/user/cmsmadesimple\'>YouTube</a></li>\r\n            </ul>\r\n            {global_content name=\'footer\'}\r\n        </section>\r\n        <section class=\'grid_8 noprint\'>\r\n            <nav class=\'footer-navigation row\'>\r\n                {menu template=\'Simplex_Navigation.tpl\' excludeprefix=\'home\' number_of_levels=\'2\' loadprops=\'0\'}\r\n            </nav>\r\n        </section> \r\n    </footer>\r\n    <div class=\'clear\'></div>\r\n</div>\r\n<!-- #wrapper //--> \r\n{cms_jquery exclude=\'jquery-ui.min.js,jquery.ui.nestedSortable.js,jquery.json.min.js\' append=\'uploads/simplex/js/functions.min.js\'}\r\n</body>\r\n</html>','','',1,0,'2012-04-23 13:36:19','2012-05-17 09:41:42');
/*!40000 ALTER TABLE `cms_templates` ENABLE KEYS */;
UNLOCK TABLES;

--
-- Table structure for table `cms_templates_seq`
--

DROP TABLE IF EXISTS `cms_templates_seq`;
/*!40101 SET @saved_cs_client     = @@character_set_client */;
/*!40101 SET character_set_client = utf8 */;
CREATE TABLE `cms_templates_seq` (
  `id` int(11) NOT NULL
) ENGINE=MyISAM DEFAULT CHARSET=utf8;
/*!40101 SET character_set_client = @saved_cs_client */;

--
-- Dumping data for table `cms_templates_seq`
--

LOCK TABLES `cms_templates_seq` WRITE;
/*!40000 ALTER TABLE `cms_templates_seq` DISABLE KEYS */;
INSERT INTO `cms_templates_seq` VALUES (23);
/*!40000 ALTER TABLE `cms_templates_seq` ENABLE KEYS */;
UNLOCK TABLES;

--
-- Table structure for table `cms_user_groups`
--

DROP TABLE IF EXISTS `cms_user_groups`;
/*!40101 SET @saved_cs_client     = @@character_set_client */;
/*!40101 SET character_set_client = utf8 */;
CREATE TABLE `cms_user_groups` (
  `group_id` int(11) DEFAULT NULL,
  `user_id` int(11) DEFAULT NULL,
  `create_date` datetime DEFAULT NULL,
  `modified_date` datetime DEFAULT NULL
) ENGINE=MyISAM DEFAULT CHARSET=utf8;
/*!40101 SET character_set_client = @saved_cs_client */;

--
-- Dumping data for table `cms_user_groups`
--

LOCK TABLES `cms_user_groups` WRITE;
/*!40000 ALTER TABLE `cms_user_groups` DISABLE KEYS */;
INSERT INTO `cms_user_groups` VALUES (1,1,'2006-07-25 21:22:33','2006-07-25 21:22:33');
/*!40000 ALTER TABLE `cms_user_groups` ENABLE KEYS */;
UNLOCK TABLES;

--
-- Table structure for table `cms_userplugins`
--

DROP TABLE IF EXISTS `cms_userplugins`;
/*!40101 SET @saved_cs_client     = @@character_set_client */;
/*!40101 SET character_set_client = utf8 */;
CREATE TABLE `cms_userplugins` (
  `userplugin_id` int(11) NOT NULL,
  `userplugin_name` varchar(255) DEFAULT NULL,
  `code` text,
  `description` text,
  `create_date` datetime DEFAULT NULL,
  `modified_date` datetime DEFAULT NULL,
  PRIMARY KEY (`userplugin_id`)
) ENGINE=MyISAM DEFAULT CHARSET=utf8;
/*!40101 SET character_set_client = @saved_cs_client */;

--
-- Dumping data for table `cms_userplugins`
--

LOCK TABLES `cms_userplugins` WRITE;
/*!40000 ALTER TABLE `cms_userplugins` DISABLE KEYS */;
INSERT INTO `cms_userplugins` VALUES (1,'user_agent','//Code to show the user\'s user agent information.\r\necho $_SERVER[\"HTTP_USER_AGENT\"];','Code to show the users user agent information','2006-07-25 21:22:33','2006-07-25 21:22:33'),(2,'custom_copyright','//set start to date your site was published\r\n$startCopyRight=\'2004\';\r\n\r\n// check if start year is this year\r\nif(date(\'Y\') == $startCopyRight){\r\n// it was, just print this year\r\n    echo $startCopyRight;\r\n}else{\r\n// it wasnt, print startyear and this year delimited with a dash\r\n    echo $startCopyRight.\'-\'. date(\'Y\');\r\n}','Code to output copyright information','2006-07-25 21:22:33','2006-07-25 21:22:33');
/*!40000 ALTER TABLE `cms_userplugins` ENABLE KEYS */;
UNLOCK TABLES;

--
-- Table structure for table `cms_userplugins_seq`
--

DROP TABLE IF EXISTS `cms_userplugins_seq`;
/*!40101 SET @saved_cs_client     = @@character_set_client */;
/*!40101 SET character_set_client = utf8 */;
CREATE TABLE `cms_userplugins_seq` (
  `id` int(11) NOT NULL
) ENGINE=MyISAM DEFAULT CHARSET=utf8;
/*!40101 SET character_set_client = @saved_cs_client */;

--
-- Dumping data for table `cms_userplugins_seq`
--

LOCK TABLES `cms_userplugins_seq` WRITE;
/*!40000 ALTER TABLE `cms_userplugins_seq` DISABLE KEYS */;
INSERT INTO `cms_userplugins_seq` VALUES (2);
/*!40000 ALTER TABLE `cms_userplugins_seq` ENABLE KEYS */;
UNLOCK TABLES;

--
-- Table structure for table `cms_userprefs`
--

DROP TABLE IF EXISTS `cms_userprefs`;
/*!40101 SET @saved_cs_client     = @@character_set_client */;
/*!40101 SET character_set_client = utf8 */;
CREATE TABLE `cms_userprefs` (
  `user_id` int(11) NOT NULL,
  `preference` varchar(50) NOT NULL,
  `value` text,
  `type` varchar(25) DEFAULT NULL,
  PRIMARY KEY (`user_id`,`preference`),
  KEY `cms_index_userprefs_by_user_id` (`user_id`)
) ENGINE=MyISAM DEFAULT CHARSET=utf8;
/*!40101 SET character_set_client = @saved_cs_client */;

--
-- Dumping data for table `cms_userprefs`
--

LOCK TABLES `cms_userprefs` WRITE;
/*!40000 ALTER TABLE `cms_userprefs` DISABLE KEYS */;
INSERT INTO `cms_userprefs` VALUES (1,'use_wysiwyg','1',NULL),(1,'default_cms_language','en_US',NULL),(1,'date_format_string','%x %X',NULL),(1,'admintheme','OneEleven',NULL),(1,'bookmarks','on',NULL),(1,'recent','on',NULL),(1,'indent','on',NULL),(1,'ajax','0',NULL),(1,'paging','0',NULL),(1,'hide_help_links','0',NULL),(1,'wysiwyg','MicroTiny',NULL);
/*!40000 ALTER TABLE `cms_userprefs` ENABLE KEYS */;
UNLOCK TABLES;

--
-- Table structure for table `cms_users`
--

DROP TABLE IF EXISTS `cms_users`;
/*!40101 SET @saved_cs_client     = @@character_set_client */;
/*!40101 SET character_set_client = utf8 */;
CREATE TABLE `cms_users` (
  `user_id` int(11) NOT NULL,
  `username` varchar(25) DEFAULT NULL,
  `password` varchar(40) DEFAULT NULL,
  `admin_access` tinyint(4) DEFAULT NULL,
  `first_name` varchar(50) DEFAULT NULL,
  `last_name` varchar(50) DEFAULT NULL,
  `email` varchar(255) DEFAULT NULL,
  `active` tinyint(4) DEFAULT NULL,
  `create_date` datetime DEFAULT NULL,
  `modified_date` datetime DEFAULT NULL,
  PRIMARY KEY (`user_id`)
) ENGINE=MyISAM DEFAULT CHARSET=utf8;
/*!40101 SET character_set_client = @saved_cs_client */;

--
-- Dumping data for table `cms_users`
--

LOCK TABLES `cms_users` WRITE;
/*!40000 ALTER TABLE `cms_users` DISABLE KEYS */;
INSERT INTO `cms_users` VALUES (1,'admin','1adbb3178591fd5bb0c248518f39bf6d',1,'','','admin@test.com',1,'2006-07-25 21:22:33','2009-05-13 07:43:16');
/*!40000 ALTER TABLE `cms_users` ENABLE KEYS */;
UNLOCK TABLES;

--
-- Table structure for table `cms_users_seq`
--

DROP TABLE IF EXISTS `cms_users_seq`;
/*!40101 SET @saved_cs_client     = @@character_set_client */;
/*!40101 SET character_set_client = utf8 */;
CREATE TABLE `cms_users_seq` (
  `id` int(11) NOT NULL
) ENGINE=MyISAM DEFAULT CHARSET=utf8;
/*!40101 SET character_set_client = @saved_cs_client */;

--
-- Dumping data for table `cms_users_seq`
--

LOCK TABLES `cms_users_seq` WRITE;
/*!40000 ALTER TABLE `cms_users_seq` DISABLE KEYS */;
INSERT INTO `cms_users_seq` VALUES (1);
/*!40000 ALTER TABLE `cms_users_seq` ENABLE KEYS */;
UNLOCK TABLES;

--
-- Table structure for table `cms_version`
--

DROP TABLE IF EXISTS `cms_version`;
/*!40101 SET @saved_cs_client     = @@character_set_client */;
/*!40101 SET character_set_client = utf8 */;
CREATE TABLE `cms_version` (
  `version` int(11) DEFAULT NULL
) ENGINE=MyISAM DEFAULT CHARSET=utf8;
/*!40101 SET character_set_client = @saved_cs_client */;

--
-- Dumping data for table `cms_version`
--

LOCK TABLES `cms_version` WRITE;
/*!40000 ALTER TABLE `cms_version` DISABLE KEYS */;
INSERT INTO `cms_version` VALUES (37);
/*!40000 ALTER TABLE `cms_version` ENABLE KEYS */;
UNLOCK TABLES;
/*!40103 SET TIME_ZONE=@OLD_TIME_ZONE */;

/*!40101 SET SQL_MODE=@OLD_SQL_MODE */;
/*!40014 SET FOREIGN_KEY_CHECKS=@OLD_FOREIGN_KEY_CHECKS */;
/*!40014 SET UNIQUE_CHECKS=@OLD_UNIQUE_CHECKS */;
/*!40101 SET CHARACTER_SET_CLIENT=@OLD_CHARACTER_SET_CLIENT */;
/*!40101 SET CHARACTER_SET_RESULTS=@OLD_CHARACTER_SET_RESULTS */;
/*!40101 SET COLLATION_CONNECTION=@OLD_COLLATION_CONNECTION */;
/*!40111 SET SQL_NOTES=@OLD_SQL_NOTES */;

-- Dump completed on 2021-10-15  6:33:35
